path,class_name,extension,width,height,mode,format,split,label
data/raw/defungi/H1/H1_100a_1.jpg,H1,.jpg,500,500,RGB,JPEG,train,0
data/raw/defungi/H1/H1_100a_2.jpg,H1,.jpg,500,500,RGB,JPEG,train,0
data/raw/defungi/H1/H1_100a_3.jpg,H1,.jpg,500,500,RGB,JPEG,train,0
data/raw/defungi/H1/H1_100a_7.jpg,H1,.jpg,500,500,RGB,JPEG,train,0
data/raw/defungi/H1/H1_100a_8.jpg,H1,.jpg,500,500,RGB,JPEG,train,0
data/raw/defungi/H1/H1_100a_9.jpg,H1,.jpg,500,500,RGB,JPEG,train,0
data/raw/defungi/H1/H1_101a_4.jpg,H1,.jpg,500,500,RGB,JPEG,train,0
data/raw/defungi/H1/H1_101a_5.jpg,H1,.jpg,500,500,RGB,JPEG,train,0
data/raw/defungi/H1/H1_101a_6.jpg,H1,.jpg,500,500,RGB,JPEG,train,0
data/raw/defungi/H1/H1_101a_7.jpg,H1,.jpg,500,500,RGB,JPEG,train,0
data/raw/defungi/H1/H1_101a_9.jpg,H1,.jpg,500,500,RGB,JPEG,train,0
data/raw/defungi/H1/H1_101b_1.jpg,H1,.jpg,500,500,RGB,JPEG,train,0
data/raw/defungi/H1/H1_101b_10.jpg,H1,.jpg,500,500,RGB,JPEG,train,0
data/raw/defungi/H1/H1_101b_11.jpg,H1,.jpg,500,500,RGB,JPEG,train,0
data/raw/defungi/H1/H1_101b_12.jpg,H1,.jpg,500,500,RGB,JPEG,train,0
data/raw/defungi/H1/H1_101b_13.jpg,H1,.jpg,500,500,RGB,JPEG,train,0
data/raw/defungi/H1/H1_101b_14.jpg,H1,.jpg,500,500,RGB,JPEG,train,0
data/raw/defungi/H1/H1_101b_16.jpg,H1,.jpg,500,500,RGB,JPEG,train,0
data/raw/defungi/H1/H1_101b_2.jpg,H1,.jpg,500,500,RGB,JPEG,train,0
data/raw/defungi/H1/H1_101b_4.jpg,H1,.jpg,500,500,RGB,JPEG,train,0
data/raw/defungi/H1/H1_101b_5.jpg,H1,.jpg,500,500,RGB,JPEG,train,0
data/raw/defungi/H1/H1_101b_6.jpg,H1,.jpg,500,500,RGB,JPEG,train,0
data/raw/defungi/H1/H1_101b_7.jpg,H1,.jpg,500,500,RGB,JPEG,train,0
data/raw/defungi/H1/H1_101b_8.jpg,H1,.jpg,500,500,RGB,JPEG,train,0
data/raw/defungi/H1/H1_101b_9.jpg,H1,.jpg,500,500,RGB,JPEG,train,0
data/raw/defungi/H1/H1_101c_10.jpg,H1,.jpg,500,500,RGB,JPEG,train,0
data/raw/defungi/H1/H1_101c_12.jpg,H1,.jpg,500,500,RGB,JPEG,train,0
data/raw/defungi/H1/H1_101c_14.jpg,H1,.jpg,500,500,RGB,JPEG,train,0
data/raw/defungi/H1/H1_101c_16.jpg,H1,.jpg,500,500,RGB,JPEG,train,0
data/raw/defungi/H1/H1_101c_3.jpg,H1,.jpg,500,500,RGB,JPEG,train,0
data/raw/defungi/H1/H1_101c_4.jpg,H1,.jpg,500,500,RGB,JPEG,train,0
data/raw/defungi/H1/H1_101c_5.jpg,H1,.jpg,500,500,RGB,JPEG,train,0
data/raw/defungi/H1/H1_101c_6.jpg,H1,.jpg,500,500,RGB,JPEG,train,0
data/raw/defungi/H1/H1_101c_8.jpg,H1,.jpg,500,500,RGB,JPEG,train,0
data/raw/defungi/H1/H1_101c_9.jpg,H1,.jpg,500,500,RGB,JPEG,train,0
data/raw/defungi/H1/H1_101d_2.jpg,H1,.jpg,500,500,RGB,JPEG,train,0
data/raw/defungi/H1/H1_101d_3.jpg,H1,.jpg,500,500,RGB,JPEG,train,0
data/raw/defungi/H1/H1_101d_4.jpg,H1,.jpg,500,500,RGB,JPEG,train,0
data/raw/defungi/H1/H1_101d_7.jpg,H1,.jpg,500,500,RGB,JPEG,train,0
data/raw/defungi/H1/H1_101d_8.jpg,H1,.jpg,500,500,RGB,JPEG,train,0
data/raw/defungi/H1/H1_101d_9.jpg,H1,.jpg,500,500,RGB,JPEG,train,0
data/raw/defungi/H1/H1_102a_1.jpg,H1,.jpg,500,500,RGB,JPEG,train,0
data/raw/defungi/H1/H1_102a_11.jpg,H1,.jpg,500,500,RGB,JPEG,train,0
data/raw/defungi/H1/H1_102a_13.jpg,H1,.jpg,500,500,RGB,JPEG,train,0
data/raw/defungi/H1/H1_102a_15.jpg,H1,.jpg,500,500,RGB,JPEG,train,0
data/raw/defungi/H1/H1_102a_17.jpg,H1,.jpg,500,500,RGB,JPEG,train,0
data/raw/defungi/H1/H1_102a_19.jpg,H1,.jpg,500,500,RGB,JPEG,train,0
data/raw/defungi/H1/H1_102a_2.jpg,H1,.jpg,500,500,RGB,JPEG,train,0
data/raw/defungi/H1/H1_102a_20.jpg,H1,.jpg,500,500,RGB,JPEG,train,0
data/raw/defungi/H1/H1_102a_21.jpg,H1,.jpg,500,500,RGB,JPEG,train,0
data/raw/defungi/H1/H1_102a_22.jpg,H1,.jpg,500,500,RGB,JPEG,train,0
data/raw/defungi/H1/H1_102a_25.jpg,H1,.jpg,500,500,RGB,JPEG,train,0
data/raw/defungi/H1/H1_102a_4.jpg,H1,.jpg,500,500,RGB,JPEG,train,0
data/raw/defungi/H1/H1_102a_6.jpg,H1,.jpg,500,500,RGB,JPEG,train,0
data/raw/defungi/H1/H1_102a_7.jpg,H1,.jpg,500,500,RGB,JPEG,train,0
data/raw/defungi/H1/H1_102a_9.jpg,H1,.jpg,500,500,RGB,JPEG,train,0
data/raw/defungi/H1/H1_102b_1.jpg,H1,.jpg,500,500,RGB,JPEG,train,0
data/raw/defungi/H1/H1_102b_10.jpg,H1,.jpg,500,500,RGB,JPEG,train,0
data/raw/defungi/H1/H1_102b_11.jpg,H1,.jpg,500,500,RGB,JPEG,train,0
data/raw/defungi/H1/H1_102b_12.jpg,H1,.jpg,500,500,RGB,JPEG,train,0
data/raw/defungi/H1/H1_102b_13.jpg,H1,.jpg,500,500,RGB,JPEG,train,0
data/raw/defungi/H1/H1_102b_16.jpg,H1,.jpg,500,500,RGB,JPEG,train,0
data/raw/defungi/H1/H1_102b_18.jpg,H1,.jpg,500,500,RGB,JPEG,train,0
data/raw/defungi/H1/H1_102b_2.jpg,H1,.jpg,500,500,RGB,JPEG,train,0
data/raw/defungi/H1/H1_102b_20.jpg,H1,.jpg,500,500,RGB,JPEG,train,0
data/raw/defungi/H1/H1_102b_21.jpg,H1,.jpg,500,500,RGB,JPEG,train,0
data/raw/defungi/H1/H1_102b_23.jpg,H1,.jpg,500,500,RGB,JPEG,train,0
data/raw/defungi/H1/H1_102b_24.jpg,H1,.jpg,500,500,RGB,JPEG,train,0
data/raw/defungi/H1/H1_102b_25.jpg,H1,.jpg,500,500,RGB,JPEG,train,0
data/raw/defungi/H1/H1_102b_3.jpg,H1,.jpg,500,500,RGB,JPEG,train,0
data/raw/defungi/H1/H1_102b_4.jpg,H1,.jpg,500,500,RGB,JPEG,train,0
data/raw/defungi/H1/H1_102b_5.jpg,H1,.jpg,500,500,RGB,JPEG,train,0
data/raw/defungi/H1/H1_102b_6.jpg,H1,.jpg,500,500,RGB,JPEG,train,0
data/raw/defungi/H1/H1_102b_8.jpg,H1,.jpg,500,500,RGB,JPEG,train,0
data/raw/defungi/H1/H1_102b_9.jpg,H1,.jpg,500,500,RGB,JPEG,train,0
data/raw/defungi/H1/H1_103a_1.jpg,H1,.jpg,500,500,RGB,JPEG,train,0
data/raw/defungi/H1/H1_103a_11.jpg,H1,.jpg,500,500,RGB,JPEG,train,0
data/raw/defungi/H1/H1_103a_13.jpg,H1,.jpg,500,500,RGB,JPEG,train,0
data/raw/defungi/H1/H1_103a_15.jpg,H1,.jpg,500,500,RGB,JPEG,train,0
data/raw/defungi/H1/H1_103a_18.jpg,H1,.jpg,500,500,RGB,JPEG,train,0
data/raw/defungi/H1/H1_103a_2.jpg,H1,.jpg,500,500,RGB,JPEG,train,0
data/raw/defungi/H1/H1_103a_20.jpg,H1,.jpg,500,500,RGB,JPEG,train,0
data/raw/defungi/H1/H1_103a_21.jpg,H1,.jpg,500,500,RGB,JPEG,train,0
data/raw/defungi/H1/H1_103a_22.jpg,H1,.jpg,500,500,RGB,JPEG,train,0
data/raw/defungi/H1/H1_103a_23.jpg,H1,.jpg,500,500,RGB,JPEG,train,0
data/raw/defungi/H1/H1_103a_4.jpg,H1,.jpg,500,500,RGB,JPEG,train,0
data/raw/defungi/H1/H1_103a_8.jpg,H1,.jpg,500,500,RGB,JPEG,train,0
data/raw/defungi/H1/H1_103b_1.jpg,H1,.jpg,500,500,RGB,JPEG,train,0
data/raw/defungi/H1/H1_103b_10.jpg,H1,.jpg,500,500,RGB,JPEG,train,0
data/raw/defungi/H1/H1_103b_11.jpg,H1,.jpg,500,500,RGB,JPEG,train,0
data/raw/defungi/H1/H1_103b_14.jpg,H1,.jpg,500,500,RGB,JPEG,train,0
data/raw/defungi/H1/H1_103b_15.jpg,H1,.jpg,500,500,RGB,JPEG,train,0
data/raw/defungi/H1/H1_103b_16.jpg,H1,.jpg,500,500,RGB,JPEG,train,0
data/raw/defungi/H1/H1_103b_2.jpg,H1,.jpg,500,500,RGB,JPEG,train,0
data/raw/defungi/H1/H1_103b_4.jpg,H1,.jpg,500,500,RGB,JPEG,train,0
data/raw/defungi/H1/H1_103b_5.jpg,H1,.jpg,500,500,RGB,JPEG,train,0
data/raw/defungi/H1/H1_103b_8.jpg,H1,.jpg,500,500,RGB,JPEG,train,0
data/raw/defungi/H1/H1_103b_9.jpg,H1,.jpg,500,500,RGB,JPEG,train,0
data/raw/defungi/H1/H1_103c_1.jpg,H1,.jpg,500,500,RGB,JPEG,train,0
data/raw/defungi/H1/H1_103c_10.jpg,H1,.jpg,500,500,RGB,JPEG,train,0
data/raw/defungi/H1/H1_103c_11.jpg,H1,.jpg,500,500,RGB,JPEG,train,0
data/raw/defungi/H1/H1_103c_3.jpg,H1,.jpg,500,500,RGB,JPEG,train,0
data/raw/defungi/H1/H1_103c_4.jpg,H1,.jpg,500,500,RGB,JPEG,train,0
data/raw/defungi/H1/H1_103c_5.jpg,H1,.jpg,500,500,RGB,JPEG,train,0
data/raw/defungi/H1/H1_103c_6.jpg,H1,.jpg,500,500,RGB,JPEG,train,0
data/raw/defungi/H1/H1_103c_7.jpg,H1,.jpg,500,500,RGB,JPEG,train,0
data/raw/defungi/H1/H1_104a_1.jpg,H1,.jpg,500,500,RGB,JPEG,train,0
data/raw/defungi/H1/H1_104a_10.jpg,H1,.jpg,500,500,RGB,JPEG,train,0
data/raw/defungi/H1/H1_104a_11.jpg,H1,.jpg,500,500,RGB,JPEG,train,0
data/raw/defungi/H1/H1_104a_13.jpg,H1,.jpg,500,500,RGB,JPEG,train,0
data/raw/defungi/H1/H1_104a_14.jpg,H1,.jpg,500,500,RGB,JPEG,train,0
data/raw/defungi/H1/H1_104a_15.jpg,H1,.jpg,500,500,RGB,JPEG,train,0
data/raw/defungi/H1/H1_104a_16.jpg,H1,.jpg,500,500,RGB,JPEG,train,0
data/raw/defungi/H1/H1_104a_2.jpg,H1,.jpg,500,500,RGB,JPEG,train,0
data/raw/defungi/H1/H1_104a_3.jpg,H1,.jpg,500,500,RGB,JPEG,train,0
data/raw/defungi/H1/H1_104a_5.jpg,H1,.jpg,500,500,RGB,JPEG,train,0
data/raw/defungi/H1/H1_104a_6.jpg,H1,.jpg,500,500,RGB,JPEG,train,0
data/raw/defungi/H1/H1_104a_7.jpg,H1,.jpg,500,500,RGB,JPEG,train,0
data/raw/defungi/H1/H1_104a_8.jpg,H1,.jpg,500,500,RGB,JPEG,train,0
data/raw/defungi/H1/H1_104a_9.jpg,H1,.jpg,500,500,RGB,JPEG,train,0
data/raw/defungi/H1/H1_104b_1.jpg,H1,.jpg,500,500,RGB,JPEG,train,0
data/raw/defungi/H1/H1_104b_10.jpg,H1,.jpg,500,500,RGB,JPEG,train,0
data/raw/defungi/H1/H1_104b_11.jpg,H1,.jpg,500,500,RGB,JPEG,train,0
data/raw/defungi/H1/H1_104b_12.jpg,H1,.jpg,500,500,RGB,JPEG,train,0
data/raw/defungi/H1/H1_104b_13.jpg,H1,.jpg,500,500,RGB,JPEG,train,0
data/raw/defungi/H1/H1_104b_14.jpg,H1,.jpg,500,500,RGB,JPEG,train,0
data/raw/defungi/H1/H1_104b_15.jpg,H1,.jpg,500,500,RGB,JPEG,train,0
data/raw/defungi/H1/H1_104b_16.jpg,H1,.jpg,500,500,RGB,JPEG,train,0
data/raw/defungi/H1/H1_104b_2.jpg,H1,.jpg,500,500,RGB,JPEG,train,0
data/raw/defungi/H1/H1_104b_3.jpg,H1,.jpg,500,500,RGB,JPEG,train,0
data/raw/defungi/H1/H1_104b_4.jpg,H1,.jpg,500,500,RGB,JPEG,train,0
data/raw/defungi/H1/H1_104b_7.jpg,H1,.jpg,500,500,RGB,JPEG,train,0
data/raw/defungi/H1/H1_104b_8.jpg,H1,.jpg,500,500,RGB,JPEG,train,0
data/raw/defungi/H1/H1_104c_1.jpg,H1,.jpg,500,500,RGB,JPEG,train,0
data/raw/defungi/H1/H1_104c_10.jpg,H1,.jpg,500,500,RGB,JPEG,train,0
data/raw/defungi/H1/H1_104c_11.jpg,H1,.jpg,500,500,RGB,JPEG,train,0
data/raw/defungi/H1/H1_104c_2.jpg,H1,.jpg,500,500,RGB,JPEG,train,0
data/raw/defungi/H1/H1_104c_3.jpg,H1,.jpg,500,500,RGB,JPEG,train,0
data/raw/defungi/H1/H1_104c_7.jpg,H1,.jpg,500,500,RGB,JPEG,train,0
data/raw/defungi/H1/H1_104c_9.jpg,H1,.jpg,500,500,RGB,JPEG,train,0
data/raw/defungi/H1/H1_105a_10.jpg,H1,.jpg,500,500,RGB,JPEG,train,0
data/raw/defungi/H1/H1_105a_11.jpg,H1,.jpg,500,500,RGB,JPEG,train,0
data/raw/defungi/H1/H1_105a_12.jpg,H1,.jpg,500,500,RGB,JPEG,train,0
data/raw/defungi/H1/H1_105a_13.jpg,H1,.jpg,500,500,RGB,JPEG,train,0
data/raw/defungi/H1/H1_105a_14.jpg,H1,.jpg,500,500,RGB,JPEG,train,0
data/raw/defungi/H1/H1_105a_15.jpg,H1,.jpg,500,500,RGB,JPEG,train,0
data/raw/defungi/H1/H1_105a_16.jpg,H1,.jpg,500,500,RGB,JPEG,train,0
data/raw/defungi/H1/H1_105a_17.jpg,H1,.jpg,500,500,RGB,JPEG,train,0
data/raw/defungi/H1/H1_105a_18.jpg,H1,.jpg,500,500,RGB,JPEG,train,0
data/raw/defungi/H1/H1_105a_2.jpg,H1,.jpg,500,500,RGB,JPEG,train,0
data/raw/defungi/H1/H1_105a_20.jpg,H1,.jpg,500,500,RGB,JPEG,train,0
data/raw/defungi/H1/H1_105a_3.jpg,H1,.jpg,500,500,RGB,JPEG,train,0
data/raw/defungi/H1/H1_105a_4.jpg,H1,.jpg,500,500,RGB,JPEG,train,0
data/raw/defungi/H1/H1_105a_5.jpg,H1,.jpg,500,500,RGB,JPEG,train,0
data/raw/defungi/H1/H1_105a_6.jpg,H1,.jpg,500,500,RGB,JPEG,train,0
data/raw/defungi/H1/H1_105b_1.jpg,H1,.jpg,500,500,RGB,JPEG,train,0
data/raw/defungi/H1/H1_105b_2.jpg,H1,.jpg,500,500,RGB,JPEG,train,0
data/raw/defungi/H1/H1_105b_4.jpg,H1,.jpg,500,500,RGB,JPEG,train,0
data/raw/defungi/H1/H1_105b_5.jpg,H1,.jpg,500,500,RGB,JPEG,train,0
data/raw/defungi/H1/H1_105b_6.jpg,H1,.jpg,500,500,RGB,JPEG,train,0
data/raw/defungi/H1/H1_105b_8.jpg,H1,.jpg,500,500,RGB,JPEG,train,0
data/raw/defungi/H1/H1_105c_10.jpg,H1,.jpg,500,500,RGB,JPEG,train,0
data/raw/defungi/H1/H1_105c_11.jpg,H1,.jpg,500,500,RGB,JPEG,train,0
data/raw/defungi/H1/H1_105c_12.jpg,H1,.jpg,500,500,RGB,JPEG,train,0
data/raw/defungi/H1/H1_105c_13.jpg,H1,.jpg,500,500,RGB,JPEG,train,0
data/raw/defungi/H1/H1_105c_14.jpg,H1,.jpg,500,500,RGB,JPEG,train,0
data/raw/defungi/H1/H1_105c_2.jpg,H1,.jpg,500,500,RGB,JPEG,train,0
data/raw/defungi/H1/H1_105c_3.jpg,H1,.jpg,500,500,RGB,JPEG,train,0
data/raw/defungi/H1/H1_105c_4.jpg,H1,.jpg,500,500,RGB,JPEG,train,0
data/raw/defungi/H1/H1_105c_5.jpg,H1,.jpg,500,500,RGB,JPEG,train,0
data/raw/defungi/H1/H1_105c_6.jpg,H1,.jpg,500,500,RGB,JPEG,train,0
data/raw/defungi/H1/H1_105c_9.jpg,H1,.jpg,500,500,RGB,JPEG,train,0
data/raw/defungi/H1/H1_105d_1.jpg,H1,.jpg,500,500,RGB,JPEG,train,0
data/raw/defungi/H1/H1_105d_2.jpg,H1,.jpg,500,500,RGB,JPEG,train,0
data/raw/defungi/H1/H1_105d_4.jpg,H1,.jpg,500,500,RGB,JPEG,train,0
data/raw/defungi/H1/H1_105d_6.jpg,H1,.jpg,500,500,RGB,JPEG,train,0
data/raw/defungi/H1/H1_105d_7.jpg,H1,.jpg,500,500,RGB,JPEG,train,0
data/raw/defungi/H1/H1_105d_8.jpg,H1,.jpg,500,500,RGB,JPEG,train,0
data/raw/defungi/H1/H1_105d_9.jpg,H1,.jpg,500,500,RGB,JPEG,train,0
data/raw/defungi/H1/H1_105e_2.jpg,H1,.jpg,500,500,RGB,JPEG,train,0
data/raw/defungi/H1/H1_105e_4.jpg,H1,.jpg,500,500,RGB,JPEG,train,0
data/raw/defungi/H1/H1_105e_6.jpg,H1,.jpg,500,500,RGB,JPEG,train,0
data/raw/defungi/H1/H1_105e_7.jpg,H1,.jpg,500,500,RGB,JPEG,train,0
data/raw/defungi/H1/H1_105e_9.jpg,H1,.jpg,500,500,RGB,JPEG,train,0
data/raw/defungi/H1/H1_106a_1.jpg,H1,.jpg,500,500,RGB,JPEG,train,0
data/raw/defungi/H1/H1_106a_10.jpg,H1,.jpg,500,500,RGB,JPEG,train,0
data/raw/defungi/H1/H1_106a_11.jpg,H1,.jpg,500,500,RGB,JPEG,train,0
data/raw/defungi/H1/H1_106a_12.jpg,H1,.jpg,500,500,RGB,JPEG,train,0
data/raw/defungi/H1/H1_106a_13.jpg,H1,.jpg,500,500,RGB,JPEG,train,0
data/raw/defungi/H1/H1_106a_14.jpg,H1,.jpg,500,500,RGB,JPEG,train,0
data/raw/defungi/H1/H1_106a_15.jpg,H1,.jpg,500,500,RGB,JPEG,train,0
data/raw/defungi/H1/H1_106a_16.jpg,H1,.jpg,500,500,RGB,JPEG,train,0
data/raw/defungi/H1/H1_106a_2.jpg,H1,.jpg,500,500,RGB,JPEG,train,0
data/raw/defungi/H1/H1_106a_3.jpg,H1,.jpg,500,500,RGB,JPEG,train,0
data/raw/defungi/H1/H1_106a_4.jpg,H1,.jpg,500,500,RGB,JPEG,train,0
data/raw/defungi/H1/H1_106a_6.jpg,H1,.jpg,500,500,RGB,JPEG,train,0
data/raw/defungi/H1/H1_106a_7.jpg,H1,.jpg,500,500,RGB,JPEG,train,0
data/raw/defungi/H1/H1_106a_8.jpg,H1,.jpg,500,500,RGB,JPEG,train,0
data/raw/defungi/H1/H1_106b_2.jpg,H1,.jpg,500,500,RGB,JPEG,train,0
data/raw/defungi/H1/H1_106b_3.jpg,H1,.jpg,500,500,RGB,JPEG,train,0
data/raw/defungi/H1/H1_106b_4.jpg,H1,.jpg,500,500,RGB,JPEG,train,0
data/raw/defungi/H1/H1_106b_5.jpg,H1,.jpg,500,500,RGB,JPEG,train,0
data/raw/defungi/H1/H1_106b_6.jpg,H1,.jpg,500,500,RGB,JPEG,train,0
data/raw/defungi/H1/H1_106b_7.jpg,H1,.jpg,500,500,RGB,JPEG,train,0
data/raw/defungi/H1/H1_106b_8.jpg,H1,.jpg,500,500,RGB,JPEG,train,0
data/raw/defungi/H1/H1_106b_9.jpg,H1,.jpg,500,500,RGB,JPEG,train,0
data/raw/defungi/H1/H1_106c_1.jpg,H1,.jpg,500,500,RGB,JPEG,train,0
data/raw/defungi/H1/H1_106c_10.jpg,H1,.jpg,500,500,RGB,JPEG,train,0
data/raw/defungi/H1/H1_106c_11.jpg,H1,.jpg,500,500,RGB,JPEG,train,0
data/raw/defungi/H1/H1_106c_12.jpg,H1,.jpg,500,500,RGB,JPEG,train,0
data/raw/defungi/H1/H1_106c_13.jpg,H1,.jpg,500,500,RGB,JPEG,train,0
data/raw/defungi/H1/H1_106c_14.jpg,H1,.jpg,500,500,RGB,JPEG,train,0
data/raw/defungi/H1/H1_106c_15.jpg,H1,.jpg,500,500,RGB,JPEG,train,0
data/raw/defungi/H1/H1_106c_3.jpg,H1,.jpg,500,500,RGB,JPEG,train,0
data/raw/defungi/H1/H1_106c_4.jpg,H1,.jpg,500,500,RGB,JPEG,train,0
data/raw/defungi/H1/H1_106c_5.jpg,H1,.jpg,500,500,RGB,JPEG,train,0
data/raw/defungi/H1/H1_106c_6.jpg,H1,.jpg,500,500,RGB,JPEG,train,0
data/raw/defungi/H1/H1_106c_7.jpg,H1,.jpg,500,500,RGB,JPEG,train,0
data/raw/defungi/H1/H1_106c_8.jpg,H1,.jpg,500,500,RGB,JPEG,train,0
data/raw/defungi/H1/H1_106c_9.jpg,H1,.jpg,500,500,RGB,JPEG,train,0
data/raw/defungi/H1/H1_107a_1.jpg,H1,.jpg,500,500,RGB,JPEG,train,0
data/raw/defungi/H1/H1_107a_10.jpg,H1,.jpg,500,500,RGB,JPEG,train,0
data/raw/defungi/H1/H1_107a_12.jpg,H1,.jpg,500,500,RGB,JPEG,train,0
data/raw/defungi/H1/H1_107a_13.jpg,H1,.jpg,500,500,RGB,JPEG,train,0
data/raw/defungi/H1/H1_107a_14.jpg,H1,.jpg,500,500,RGB,JPEG,train,0
data/raw/defungi/H1/H1_107a_15.jpg,H1,.jpg,500,500,RGB,JPEG,train,0
data/raw/defungi/H1/H1_107a_16.jpg,H1,.jpg,500,500,RGB,JPEG,train,0
data/raw/defungi/H1/H1_107a_2.jpg,H1,.jpg,500,500,RGB,JPEG,train,0
data/raw/defungi/H1/H1_107a_5.jpg,H1,.jpg,500,500,RGB,JPEG,train,0
data/raw/defungi/H1/H1_107a_6.jpg,H1,.jpg,500,500,RGB,JPEG,train,0
data/raw/defungi/H1/H1_107a_7.jpg,H1,.jpg,500,500,RGB,JPEG,train,0
data/raw/defungi/H1/H1_107a_8.jpg,H1,.jpg,500,500,RGB,JPEG,train,0
data/raw/defungi/H1/H1_107a_9.jpg,H1,.jpg,500,500,RGB,JPEG,train,0
data/raw/defungi/H1/H1_107b_11.jpg,H1,.jpg,500,500,RGB,JPEG,train,0
data/raw/defungi/H1/H1_107b_12.jpg,H1,.jpg,500,500,RGB,JPEG,train,0
data/raw/defungi/H1/H1_107b_13.jpg,H1,.jpg,500,500,RGB,JPEG,train,0
data/raw/defungi/H1/H1_107b_14.jpg,H1,.jpg,500,500,RGB,JPEG,train,0
data/raw/defungi/H1/H1_107b_15.jpg,H1,.jpg,500,500,RGB,JPEG,train,0
data/raw/defungi/H1/H1_107b_2.jpg,H1,.jpg,500,500,RGB,JPEG,train,0
data/raw/defungi/H1/H1_107b_6.jpg,H1,.jpg,500,500,RGB,JPEG,train,0
data/raw/defungi/H1/H1_107b_7.jpg,H1,.jpg,500,500,RGB,JPEG,train,0
data/raw/defungi/H1/H1_107b_8.jpg,H1,.jpg,500,500,RGB,JPEG,train,0
data/raw/defungi/H1/H1_108a_1.jpg,H1,.jpg,500,500,RGB,JPEG,train,0
data/raw/defungi/H1/H1_108a_10.jpg,H1,.jpg,500,500,RGB,JPEG,train,0
data/raw/defungi/H1/H1_108a_11.jpg,H1,.jpg,500,500,RGB,JPEG,train,0
data/raw/defungi/H1/H1_108a_13.jpg,H1,.jpg,500,500,RGB,JPEG,train,0
data/raw/defungi/H1/H1_108a_14.jpg,H1,.jpg,500,500,RGB,JPEG,train,0
data/raw/defungi/H1/H1_108a_15.jpg,H1,.jpg,500,500,RGB,JPEG,train,0
data/raw/defungi/H1/H1_108a_16.jpg,H1,.jpg,500,500,RGB,JPEG,train,0
data/raw/defungi/H1/H1_108a_2.jpg,H1,.jpg,500,500,RGB,JPEG,train,0
data/raw/defungi/H1/H1_108a_3.jpg,H1,.jpg,500,500,RGB,JPEG,train,0
data/raw/defungi/H1/H1_108a_4.jpg,H1,.jpg,500,500,RGB,JPEG,train,0
data/raw/defungi/H1/H1_108a_5.jpg,H1,.jpg,500,500,RGB,JPEG,train,0
data/raw/defungi/H1/H1_108a_6.jpg,H1,.jpg,500,500,RGB,JPEG,train,0
data/raw/defungi/H1/H1_108b_1.jpg,H1,.jpg,500,500,RGB,JPEG,train,0
data/raw/defungi/H1/H1_108b_11.jpg,H1,.jpg,500,500,RGB,JPEG,train,0
data/raw/defungi/H1/H1_108b_12.jpg,H1,.jpg,500,500,RGB,JPEG,train,0
data/raw/defungi/H1/H1_108b_3.jpg,H1,.jpg,500,500,RGB,JPEG,train,0
data/raw/defungi/H1/H1_108b_5.jpg,H1,.jpg,500,500,RGB,JPEG,train,0
data/raw/defungi/H1/H1_108b_6.jpg,H1,.jpg,500,500,RGB,JPEG,train,0
data/raw/defungi/H1/H1_108b_7.jpg,H1,.jpg,500,500,RGB,JPEG,train,0
data/raw/defungi/H1/H1_108b_8.jpg,H1,.jpg,500,500,RGB,JPEG,train,0
data/raw/defungi/H1/H1_108b_9.jpg,H1,.jpg,500,500,RGB,JPEG,train,0
data/raw/defungi/H1/H1_109a_1.jpg,H1,.jpg,500,500,RGB,JPEG,train,0
data/raw/defungi/H1/H1_109a_10.jpg,H1,.jpg,500,500,RGB,JPEG,train,0
data/raw/defungi/H1/H1_109a_13.jpg,H1,.jpg,500,500,RGB,JPEG,train,0
data/raw/defungi/H1/H1_109a_15.jpg,H1,.jpg,500,500,RGB,JPEG,train,0
data/raw/defungi/H1/H1_109a_16.jpg,H1,.jpg,500,500,RGB,JPEG,train,0
data/raw/defungi/H1/H1_109a_17.jpg,H1,.jpg,500,500,RGB,JPEG,train,0
data/raw/defungi/H1/H1_109a_19.jpg,H1,.jpg,500,500,RGB,JPEG,train,0
data/raw/defungi/H1/H1_109a_2.jpg,H1,.jpg,500,500,RGB,JPEG,train,0
data/raw/defungi/H1/H1_109a_20.jpg,H1,.jpg,500,500,RGB,JPEG,train,0
data/raw/defungi/H1/H1_109a_21.jpg,H1,.jpg,500,500,RGB,JPEG,train,0
data/raw/defungi/H1/H1_109a_24.jpg,H1,.jpg,500,500,RGB,JPEG,train,0
data/raw/defungi/H1/H1_109a_25.jpg,H1,.jpg,500,500,RGB,JPEG,train,0
data/raw/defungi/H1/H1_109a_28.jpg,H1,.jpg,500,500,RGB,JPEG,train,0
data/raw/defungi/H1/H1_109a_3.jpg,H1,.jpg,500,500,RGB,JPEG,train,0
data/raw/defungi/H1/H1_109a_30.jpg,H1,.jpg,500,500,RGB,JPEG,train,0
data/raw/defungi/H1/H1_109a_4.jpg,H1,.jpg,500,500,RGB,JPEG,train,0
data/raw/defungi/H1/H1_109a_7.jpg,H1,.jpg,500,500,RGB,JPEG,train,0
data/raw/defungi/H1/H1_109a_8.jpg,H1,.jpg,500,500,RGB,JPEG,train,0
data/raw/defungi/H1/H1_109a_9.jpg,H1,.jpg,500,500,RGB,JPEG,train,0
data/raw/defungi/H1/H1_10a_1.jpg,H1,.jpg,500,500,RGB,JPEG,train,0
data/raw/defungi/H1/H1_10a_2.jpg,H1,.jpg,500,500,RGB,JPEG,train,0
data/raw/defungi/H1/H1_10a_3.jpg,H1,.jpg,500,500,RGB,JPEG,train,0
data/raw/defungi/H1/H1_10a_4.jpg,H1,.jpg,500,500,RGB,JPEG,train,0
data/raw/defungi/H1/H1_10a_6.jpg,H1,.jpg,500,500,RGB,JPEG,train,0
data/raw/defungi/H1/H1_10a_7.jpg,H1,.jpg,500,500,RGB,JPEG,train,0
data/raw/defungi/H1/H1_10a_8.jpg,H1,.jpg,500,500,RGB,JPEG,train,0
data/raw/defungi/H1/H1_10a_9.jpg,H1,.jpg,500,500,RGB,JPEG,train,0
data/raw/defungi/H1/H1_10b_1.jpg,H1,.jpg,500,500,RGB,JPEG,train,0
data/raw/defungi/H1/H1_10b_2.jpg,H1,.jpg,500,500,RGB,JPEG,train,0
data/raw/defungi/H1/H1_10b_3.jpg,H1,.jpg,500,500,RGB,JPEG,train,0
data/raw/defungi/H1/H1_10b_5.jpg,H1,.jpg,500,500,RGB,JPEG,train,0
data/raw/defungi/H1/H1_10b_6.jpg,H1,.jpg,500,500,RGB,JPEG,train,0
data/raw/defungi/H1/H1_10c_1.jpg,H1,.jpg,500,500,RGB,JPEG,train,0
data/raw/defungi/H1/H1_10c_2.jpg,H1,.jpg,500,500,RGB,JPEG,train,0
data/raw/defungi/H1/H1_10c_4.jpg,H1,.jpg,500,500,RGB,JPEG,train,0
data/raw/defungi/H1/H1_110a_2.jpg,H1,.jpg,500,500,RGB,JPEG,train,0
data/raw/defungi/H1/H1_110a_3.jpg,H1,.jpg,500,500,RGB,JPEG,train,0
data/raw/defungi/H1/H1_110a_4.jpg,H1,.jpg,500,500,RGB,JPEG,train,0
data/raw/defungi/H1/H1_110a_5.jpg,H1,.jpg,500,500,RGB,JPEG,train,0
data/raw/defungi/H1/H1_110a_6.jpg,H1,.jpg,500,500,RGB,JPEG,train,0
data/raw/defungi/H1/H1_110a_7.jpg,H1,.jpg,500,500,RGB,JPEG,train,0
data/raw/defungi/H1/H1_110a_8.jpg,H1,.jpg,500,500,RGB,JPEG,train,0
data/raw/defungi/H1/H1_110a_9.jpg,H1,.jpg,500,500,RGB,JPEG,train,0
data/raw/defungi/H1/H1_110b_2.jpg,H1,.jpg,500,500,RGB,JPEG,train,0
data/raw/defungi/H1/H1_110b_3.jpg,H1,.jpg,500,500,RGB,JPEG,train,0
data/raw/defungi/H1/H1_110b_4.jpg,H1,.jpg,500,500,RGB,JPEG,train,0
data/raw/defungi/H1/H1_111a_1.jpg,H1,.jpg,500,500,RGB,JPEG,train,0
data/raw/defungi/H1/H1_111a_10.jpg,H1,.jpg,500,500,RGB,JPEG,train,0
data/raw/defungi/H1/H1_111a_12.jpg,H1,.jpg,500,500,RGB,JPEG,train,0
data/raw/defungi/H1/H1_111a_13.jpg,H1,.jpg,500,500,RGB,JPEG,train,0
data/raw/defungi/H1/H1_111a_15.jpg,H1,.jpg,500,500,RGB,JPEG,train,0
data/raw/defungi/H1/H1_111a_16.jpg,H1,.jpg,500,500,RGB,JPEG,train,0
data/raw/defungi/H1/H1_111a_2.jpg,H1,.jpg,500,500,RGB,JPEG,train,0
data/raw/defungi/H1/H1_111a_3.jpg,H1,.jpg,500,500,RGB,JPEG,train,0
data/raw/defungi/H1/H1_111a_4.jpg,H1,.jpg,500,500,RGB,JPEG,train,0
data/raw/defungi/H1/H1_111a_5.jpg,H1,.jpg,500,500,RGB,JPEG,train,0
data/raw/defungi/H1/H1_111a_6.jpg,H1,.jpg,500,500,RGB,JPEG,train,0
data/raw/defungi/H1/H1_111a_7.jpg,H1,.jpg,500,500,RGB,JPEG,train,0
data/raw/defungi/H1/H1_111a_9.jpg,H1,.jpg,500,500,RGB,JPEG,train,0
data/raw/defungi/H1/H1_111b_10.jpg,H1,.jpg,500,500,RGB,JPEG,train,0
data/raw/defungi/H1/H1_111b_11.jpg,H1,.jpg,500,500,RGB,JPEG,train,0
data/raw/defungi/H1/H1_111b_12.jpg,H1,.jpg,500,500,RGB,JPEG,train,0
data/raw/defungi/H1/H1_111b_14.jpg,H1,.jpg,500,500,RGB,JPEG,train,0
data/raw/defungi/H1/H1_111b_15.jpg,H1,.jpg,500,500,RGB,JPEG,train,0
data/raw/defungi/H1/H1_111b_17.jpg,H1,.jpg,500,500,RGB,JPEG,train,0
data/raw/defungi/H1/H1_111b_18.jpg,H1,.jpg,500,500,RGB,JPEG,train,0
data/raw/defungi/H1/H1_111b_19.jpg,H1,.jpg,500,500,RGB,JPEG,train,0
data/raw/defungi/H1/H1_111b_2.jpg,H1,.jpg,500,500,RGB,JPEG,train,0
data/raw/defungi/H1/H1_111b_20.jpg,H1,.jpg,500,500,RGB,JPEG,train,0
data/raw/defungi/H1/H1_111b_3.jpg,H1,.jpg,500,500,RGB,JPEG,train,0
data/raw/defungi/H1/H1_111b_4.jpg,H1,.jpg,500,500,RGB,JPEG,train,0
data/raw/defungi/H1/H1_111b_5.jpg,H1,.jpg,500,500,RGB,JPEG,train,0
data/raw/defungi/H1/H1_111b_6.jpg,H1,.jpg,500,500,RGB,JPEG,train,0
data/raw/defungi/H1/H1_111b_7.jpg,H1,.jpg,500,500,RGB,JPEG,train,0
data/raw/defungi/H1/H1_112a_1.jpg,H1,.jpg,500,500,RGB,JPEG,train,0
data/raw/defungi/H1/H1_112a_10.jpg,H1,.jpg,500,500,RGB,JPEG,train,0
data/raw/defungi/H1/H1_112a_12.jpg,H1,.jpg,500,500,RGB,JPEG,train,0
data/raw/defungi/H1/H1_112a_13.jpg,H1,.jpg,500,500,RGB,JPEG,train,0
data/raw/defungi/H1/H1_112a_2.jpg,H1,.jpg,500,500,RGB,JPEG,train,0
data/raw/defungi/H1/H1_112a_4.jpg,H1,.jpg,500,500,RGB,JPEG,train,0
data/raw/defungi/H1/H1_112a_5.jpg,H1,.jpg,500,500,RGB,JPEG,train,0
data/raw/defungi/H1/H1_112a_6.jpg,H1,.jpg,500,500,RGB,JPEG,train,0
data/raw/defungi/H1/H1_112a_7.jpg,H1,.jpg,500,500,RGB,JPEG,train,0
data/raw/defungi/H1/H1_112a_8.jpg,H1,.jpg,500,500,RGB,JPEG,train,0
data/raw/defungi/H1/H1_112a_9.jpg,H1,.jpg,500,500,RGB,JPEG,train,0
data/raw/defungi/H1/H1_112b_2.jpg,H1,.jpg,500,500,RGB,JPEG,train,0
data/raw/defungi/H1/H1_112b_3.jpg,H1,.jpg,500,500,RGB,JPEG,train,0
data/raw/defungi/H1/H1_112b_6.jpg,H1,.jpg,500,500,RGB,JPEG,train,0
data/raw/defungi/H1/H1_112b_7.jpg,H1,.jpg,500,500,RGB,JPEG,train,0
data/raw/defungi/H1/H1_112b_8.jpg,H1,.jpg,500,500,RGB,JPEG,train,0
data/raw/defungi/H1/H1_112c_1.jpg,H1,.jpg,500,500,RGB,JPEG,train,0
data/raw/defungi/H1/H1_112c_2.jpg,H1,.jpg,500,500,RGB,JPEG,train,0
data/raw/defungi/H1/H1_112c_3.jpg,H1,.jpg,500,500,RGB,JPEG,train,0
data/raw/defungi/H1/H1_112c_5.jpg,H1,.jpg,500,500,RGB,JPEG,train,0
data/raw/defungi/H1/H1_112c_6.jpg,H1,.jpg,500,500,RGB,JPEG,train,0
data/raw/defungi/H1/H1_112c_8.jpg,H1,.jpg,500,500,RGB,JPEG,train,0
data/raw/defungi/H1/H1_112c_9.jpg,H1,.jpg,500,500,RGB,JPEG,train,0
data/raw/defungi/H1/H1_113a_10.jpg,H1,.jpg,500,500,RGB,JPEG,train,0
data/raw/defungi/H1/H1_113a_12.jpg,H1,.jpg,500,500,RGB,JPEG,train,0
data/raw/defungi/H1/H1_113a_13.jpg,H1,.jpg,500,500,RGB,JPEG,train,0
data/raw/defungi/H1/H1_113a_14.jpg,H1,.jpg,500,500,RGB,JPEG,train,0
data/raw/defungi/H1/H1_113a_15.jpg,H1,.jpg,500,500,RGB,JPEG,train,0
data/raw/defungi/H1/H1_113a_16.jpg,H1,.jpg,500,500,RGB,JPEG,train,0
data/raw/defungi/H1/H1_113a_18.jpg,H1,.jpg,500,500,RGB,JPEG,train,0
data/raw/defungi/H1/H1_113a_2.jpg,H1,.jpg,500,500,RGB,JPEG,train,0
data/raw/defungi/H1/H1_113a_20.jpg,H1,.jpg,500,500,RGB,JPEG,train,0
data/raw/defungi/H1/H1_113a_24.jpg,H1,.jpg,500,500,RGB,JPEG,train,0
data/raw/defungi/H1/H1_113a_25.jpg,H1,.jpg,500,500,RGB,JPEG,train,0
data/raw/defungi/H1/H1_113a_3.jpg,H1,.jpg,500,500,RGB,JPEG,train,0
data/raw/defungi/H1/H1_113a_4.jpg,H1,.jpg,500,500,RGB,JPEG,train,0
data/raw/defungi/H1/H1_113a_5.jpg,H1,.jpg,500,500,RGB,JPEG,train,0
data/raw/defungi/H1/H1_113a_9.jpg,H1,.jpg,500,500,RGB,JPEG,train,0
data/raw/defungi/H1/H1_113b_1.jpg,H1,.jpg,500,500,RGB,JPEG,train,0
data/raw/defungi/H1/H1_113b_10.jpg,H1,.jpg,500,500,RGB,JPEG,train,0
data/raw/defungi/H1/H1_113b_11.jpg,H1,.jpg,500,500,RGB,JPEG,train,0
data/raw/defungi/H1/H1_113b_12.jpg,H1,.jpg,500,500,RGB,JPEG,train,0
data/raw/defungi/H1/H1_113b_14.jpg,H1,.jpg,500,500,RGB,JPEG,train,0
data/raw/defungi/H1/H1_113b_15.jpg,H1,.jpg,500,500,RGB,JPEG,train,0
data/raw/defungi/H1/H1_113b_16.jpg,H1,.jpg,500,500,RGB,JPEG,train,0
data/raw/defungi/H1/H1_113b_17.jpg,H1,.jpg,500,500,RGB,JPEG,train,0
data/raw/defungi/H1/H1_113b_2.jpg,H1,.jpg,500,500,RGB,JPEG,train,0
data/raw/defungi/H1/H1_113b_3.jpg,H1,.jpg,500,500,RGB,JPEG,train,0
data/raw/defungi/H1/H1_113b_5.jpg,H1,.jpg,500,500,RGB,JPEG,train,0
data/raw/defungi/H1/H1_113b_6.jpg,H1,.jpg,500,500,RGB,JPEG,train,0
data/raw/defungi/H1/H1_113b_7.jpg,H1,.jpg,500,500,RGB,JPEG,train,0
data/raw/defungi/H1/H1_113b_8.jpg,H1,.jpg,500,500,RGB,JPEG,train,0
data/raw/defungi/H1/H1_113b_9.jpg,H1,.jpg,500,500,RGB,JPEG,train,0
data/raw/defungi/H1/H1_113c_1.jpg,H1,.jpg,500,500,RGB,JPEG,train,0
data/raw/defungi/H1/H1_113c_10.jpg,H1,.jpg,500,500,RGB,JPEG,train,0
data/raw/defungi/H1/H1_113c_11.jpg,H1,.jpg,500,500,RGB,JPEG,train,0
data/raw/defungi/H1/H1_113c_13.jpg,H1,.jpg,500,500,RGB,JPEG,train,0
data/raw/defungi/H1/H1_113c_14.jpg,H1,.jpg,500,500,RGB,JPEG,train,0
data/raw/defungi/H1/H1_113c_15.jpg,H1,.jpg,500,500,RGB,JPEG,train,0
data/raw/defungi/H1/H1_113c_16.jpg,H1,.jpg,500,500,RGB,JPEG,train,0
data/raw/defungi/H1/H1_113c_2.jpg,H1,.jpg,500,500,RGB,JPEG,train,0
data/raw/defungi/H1/H1_113c_3.jpg,H1,.jpg,500,500,RGB,JPEG,train,0
data/raw/defungi/H1/H1_113c_4.jpg,H1,.jpg,500,500,RGB,JPEG,train,0
data/raw/defungi/H1/H1_113c_7.jpg,H1,.jpg,500,500,RGB,JPEG,train,0
data/raw/defungi/H1/H1_113c_8.jpg,H1,.jpg,500,500,RGB,JPEG,train,0
data/raw/defungi/H1/H1_114a_10.jpg,H1,.jpg,500,500,RGB,JPEG,train,0
data/raw/defungi/H1/H1_114a_11.jpg,H1,.jpg,500,500,RGB,JPEG,train,0
data/raw/defungi/H1/H1_114a_13.jpg,H1,.jpg,500,500,RGB,JPEG,train,0
data/raw/defungi/H1/H1_114a_14.jpg,H1,.jpg,500,500,RGB,JPEG,train,0
data/raw/defungi/H1/H1_114a_16.jpg,H1,.jpg,500,500,RGB,JPEG,train,0
data/raw/defungi/H1/H1_114a_2.jpg,H1,.jpg,500,500,RGB,JPEG,train,0
data/raw/defungi/H1/H1_114a_3.jpg,H1,.jpg,500,500,RGB,JPEG,train,0
data/raw/defungi/H1/H1_114a_4.jpg,H1,.jpg,500,500,RGB,JPEG,train,0
data/raw/defungi/H1/H1_114a_6.jpg,H1,.jpg,500,500,RGB,JPEG,train,0
data/raw/defungi/H1/H1_114a_7.jpg,H1,.jpg,500,500,RGB,JPEG,train,0
data/raw/defungi/H1/H1_114a_9.jpg,H1,.jpg,500,500,RGB,JPEG,train,0
data/raw/defungi/H1/H1_114b_1.jpg,H1,.jpg,500,500,RGB,JPEG,train,0
data/raw/defungi/H1/H1_114b_11.jpg,H1,.jpg,500,500,RGB,JPEG,train,0
data/raw/defungi/H1/H1_114b_12.jpg,H1,.jpg,500,500,RGB,JPEG,train,0
data/raw/defungi/H1/H1_114b_2.jpg,H1,.jpg,500,500,RGB,JPEG,train,0
data/raw/defungi/H1/H1_114b_3.jpg,H1,.jpg,500,500,RGB,JPEG,train,0
data/raw/defungi/H1/H1_114b_4.jpg,H1,.jpg,500,500,RGB,JPEG,train,0
data/raw/defungi/H1/H1_114b_5.jpg,H1,.jpg,500,500,RGB,JPEG,train,0
data/raw/defungi/H1/H1_114b_6.jpg,H1,.jpg,500,500,RGB,JPEG,train,0
data/raw/defungi/H1/H1_114b_7.jpg,H1,.jpg,500,500,RGB,JPEG,train,0
data/raw/defungi/H1/H1_114b_8.jpg,H1,.jpg,500,500,RGB,JPEG,train,0
data/raw/defungi/H1/H1_114b_9.jpg,H1,.jpg,500,500,RGB,JPEG,train,0
data/raw/defungi/H1/H1_115a_1.jpg,H1,.jpg,500,500,RGB,JPEG,train,0
data/raw/defungi/H1/H1_115a_10.jpg,H1,.jpg,500,500,RGB,JPEG,train,0
data/raw/defungi/H1/H1_115a_11.jpg,H1,.jpg,500,500,RGB,JPEG,train,0
data/raw/defungi/H1/H1_115a_12.jpg,H1,.jpg,500,500,RGB,JPEG,train,0
data/raw/defungi/H1/H1_115a_14.jpg,H1,.jpg,500,500,RGB,JPEG,train,0
data/raw/defungi/H1/H1_115a_15.jpg,H1,.jpg,500,500,RGB,JPEG,train,0
data/raw/defungi/H1/H1_115a_16.jpg,H1,.jpg,500,500,RGB,JPEG,train,0
data/raw/defungi/H1/H1_115a_17.jpg,H1,.jpg,500,500,RGB,JPEG,train,0
data/raw/defungi/H1/H1_115a_19.jpg,H1,.jpg,500,500,RGB,JPEG,train,0
data/raw/defungi/H1/H1_115a_2.jpg,H1,.jpg,500,500,RGB,JPEG,train,0
data/raw/defungi/H1/H1_115a_21.jpg,H1,.jpg,500,500,RGB,JPEG,train,0
data/raw/defungi/H1/H1_115a_22.jpg,H1,.jpg,500,500,RGB,JPEG,train,0
data/raw/defungi/H1/H1_115a_24.jpg,H1,.jpg,500,500,RGB,JPEG,train,0
data/raw/defungi/H1/H1_115a_3.jpg,H1,.jpg,500,500,RGB,JPEG,train,0
data/raw/defungi/H1/H1_115a_4.jpg,H1,.jpg,500,500,RGB,JPEG,train,0
data/raw/defungi/H1/H1_115a_5.jpg,H1,.jpg,500,500,RGB,JPEG,train,0
data/raw/defungi/H1/H1_115a_6.jpg,H1,.jpg,500,500,RGB,JPEG,train,0
data/raw/defungi/H1/H1_115a_7.jpg,H1,.jpg,500,500,RGB,JPEG,train,0
data/raw/defungi/H1/H1_115a_8.jpg,H1,.jpg,500,500,RGB,JPEG,train,0
data/raw/defungi/H1/H1_115b_2.jpg,H1,.jpg,500,500,RGB,JPEG,train,0
data/raw/defungi/H1/H1_115b_3.jpg,H1,.jpg,500,500,RGB,JPEG,train,0
data/raw/defungi/H1/H1_115b_4.jpg,H1,.jpg,500,500,RGB,JPEG,train,0
data/raw/defungi/H1/H1_115b_5.jpg,H1,.jpg,500,500,RGB,JPEG,train,0
data/raw/defungi/H1/H1_115b_6.jpg,H1,.jpg,500,500,RGB,JPEG,train,0
data/raw/defungi/H1/H1_115c_1.jpg,H1,.jpg,500,500,RGB,JPEG,train,0
data/raw/defungi/H1/H1_115c_2.jpg,H1,.jpg,500,500,RGB,JPEG,train,0
data/raw/defungi/H1/H1_115c_3.jpg,H1,.jpg,500,500,RGB,JPEG,train,0
data/raw/defungi/H1/H1_115c_4.jpg,H1,.jpg,500,500,RGB,JPEG,train,0
data/raw/defungi/H1/H1_115c_5.jpg,H1,.jpg,500,500,RGB,JPEG,train,0
data/raw/defungi/H1/H1_115c_6.jpg,H1,.jpg,500,500,RGB,JPEG,train,0
data/raw/defungi/H1/H1_115c_7.jpg,H1,.jpg,500,500,RGB,JPEG,train,0
data/raw/defungi/H1/H1_115c_8.jpg,H1,.jpg,500,500,RGB,JPEG,train,0
data/raw/defungi/H1/H1_116a_1.jpg,H1,.jpg,500,500,RGB,JPEG,train,0
data/raw/defungi/H1/H1_116a_3.jpg,H1,.jpg,500,500,RGB,JPEG,train,0
data/raw/defungi/H1/H1_116a_4.jpg,H1,.jpg,500,500,RGB,JPEG,train,0
data/raw/defungi/H1/H1_116a_6.jpg,H1,.jpg,500,500,RGB,JPEG,train,0
data/raw/defungi/H1/H1_116b_1.jpg,H1,.jpg,500,500,RGB,JPEG,train,0
data/raw/defungi/H1/H1_116b_10.jpg,H1,.jpg,500,500,RGB,JPEG,train,0
data/raw/defungi/H1/H1_116b_11.jpg,H1,.jpg,500,500,RGB,JPEG,train,0
data/raw/defungi/H1/H1_116b_12.jpg,H1,.jpg,500,500,RGB,JPEG,train,0
data/raw/defungi/H1/H1_116b_2.jpg,H1,.jpg,500,500,RGB,JPEG,train,0
data/raw/defungi/H1/H1_116b_5.jpg,H1,.jpg,500,500,RGB,JPEG,train,0
data/raw/defungi/H1/H1_116b_6.jpg,H1,.jpg,500,500,RGB,JPEG,train,0
data/raw/defungi/H1/H1_116b_7.jpg,H1,.jpg,500,500,RGB,JPEG,train,0
data/raw/defungi/H1/H1_116b_8.jpg,H1,.jpg,500,500,RGB,JPEG,train,0
data/raw/defungi/H1/H1_116b_9.jpg,H1,.jpg,500,500,RGB,JPEG,train,0
data/raw/defungi/H1/H1_11a_11.jpg,H1,.jpg,500,500,RGB,JPEG,train,0
data/raw/defungi/H1/H1_11a_12.jpg,H1,.jpg,500,500,RGB,JPEG,train,0
data/raw/defungi/H1/H1_11a_13.jpg,H1,.jpg,500,500,RGB,JPEG,train,0
data/raw/defungi/H1/H1_11a_14.jpg,H1,.jpg,500,500,RGB,JPEG,train,0
data/raw/defungi/H1/H1_11a_15.jpg,H1,.jpg,500,500,RGB,JPEG,train,0
data/raw/defungi/H1/H1_11a_3.jpg,H1,.jpg,500,500,RGB,JPEG,train,0
data/raw/defungi/H1/H1_11a_5.jpg,H1,.jpg,500,500,RGB,JPEG,train,0
data/raw/defungi/H1/H1_11a_7.jpg,H1,.jpg,500,500,RGB,JPEG,train,0
data/raw/defungi/H1/H1_11a_8.jpg,H1,.jpg,500,500,RGB,JPEG,train,0
data/raw/defungi/H1/H1_11b_10.jpg,H1,.jpg,500,500,RGB,JPEG,train,0
data/raw/defungi/H1/H1_11b_11.jpg,H1,.jpg,500,500,RGB,JPEG,train,0
data/raw/defungi/H1/H1_11b_12.jpg,H1,.jpg,500,500,RGB,JPEG,train,0
data/raw/defungi/H1/H1_11b_14.jpg,H1,.jpg,500,500,RGB,JPEG,train,0
data/raw/defungi/H1/H1_11b_16.jpg,H1,.jpg,500,500,RGB,JPEG,train,0
data/raw/defungi/H1/H1_11b_18.jpg,H1,.jpg,500,500,RGB,JPEG,train,0
data/raw/defungi/H1/H1_11b_19.jpg,H1,.jpg,500,500,RGB,JPEG,train,0
data/raw/defungi/H1/H1_11b_2.jpg,H1,.jpg,500,500,RGB,JPEG,train,0
data/raw/defungi/H1/H1_11b_20.jpg,H1,.jpg,500,500,RGB,JPEG,train,0
data/raw/defungi/H1/H1_11b_3.jpg,H1,.jpg,500,500,RGB,JPEG,train,0
data/raw/defungi/H1/H1_11b_5.jpg,H1,.jpg,500,500,RGB,JPEG,train,0
data/raw/defungi/H1/H1_11b_6.jpg,H1,.jpg,500,500,RGB,JPEG,train,0
data/raw/defungi/H1/H1_11b_8.jpg,H1,.jpg,500,500,RGB,JPEG,train,0
data/raw/defungi/H1/H1_11b_9.jpg,H1,.jpg,500,500,RGB,JPEG,train,0
data/raw/defungi/H1/H1_12a_1.jpg,H1,.jpg,500,500,RGB,JPEG,train,0
data/raw/defungi/H1/H1_12a_12.jpg,H1,.jpg,500,500,RGB,JPEG,train,0
data/raw/defungi/H1/H1_12a_2.jpg,H1,.jpg,500,500,RGB,JPEG,train,0
data/raw/defungi/H1/H1_12a_3.jpg,H1,.jpg,500,500,RGB,JPEG,train,0
data/raw/defungi/H1/H1_12a_4.jpg,H1,.jpg,500,500,RGB,JPEG,train,0
data/raw/defungi/H1/H1_12a_5.jpg,H1,.jpg,500,500,RGB,JPEG,train,0
data/raw/defungi/H1/H1_12a_6.jpg,H1,.jpg,500,500,RGB,JPEG,train,0
data/raw/defungi/H1/H1_12a_7.jpg,H1,.jpg,500,500,RGB,JPEG,train,0
data/raw/defungi/H1/H1_12a_8.jpg,H1,.jpg,500,500,RGB,JPEG,train,0
data/raw/defungi/H1/H1_12b_10.jpg,H1,.jpg,500,500,RGB,JPEG,train,0
data/raw/defungi/H1/H1_12b_11.jpg,H1,.jpg,500,500,RGB,JPEG,train,0
data/raw/defungi/H1/H1_12b_12.jpg,H1,.jpg,500,500,RGB,JPEG,train,0
data/raw/defungi/H1/H1_12b_14.jpg,H1,.jpg,500,500,RGB,JPEG,train,0
data/raw/defungi/H1/H1_12b_15.jpg,H1,.jpg,500,500,RGB,JPEG,train,0
data/raw/defungi/H1/H1_12b_16.jpg,H1,.jpg,500,500,RGB,JPEG,train,0
data/raw/defungi/H1/H1_12b_17.jpg,H1,.jpg,500,500,RGB,JPEG,train,0
data/raw/defungi/H1/H1_12b_2.jpg,H1,.jpg,500,500,RGB,JPEG,train,0
data/raw/defungi/H1/H1_12b_3.jpg,H1,.jpg,500,500,RGB,JPEG,train,0
data/raw/defungi/H1/H1_12b_5.jpg,H1,.jpg,500,500,RGB,JPEG,train,0
data/raw/defungi/H1/H1_12b_6.jpg,H1,.jpg,500,500,RGB,JPEG,train,0
data/raw/defungi/H1/H1_12b_9.jpg,H1,.jpg,500,500,RGB,JPEG,train,0
data/raw/defungi/H1/H1_12c_1.jpg,H1,.jpg,500,500,RGB,JPEG,train,0
data/raw/defungi/H1/H1_12c_10.jpg,H1,.jpg,500,500,RGB,JPEG,train,0
data/raw/defungi/H1/H1_12c_11.jpg,H1,.jpg,500,500,RGB,JPEG,train,0
data/raw/defungi/H1/H1_12c_16.jpg,H1,.jpg,500,500,RGB,JPEG,train,0
data/raw/defungi/H1/H1_12c_17.jpg,H1,.jpg,500,500,RGB,JPEG,train,0
data/raw/defungi/H1/H1_12c_19.jpg,H1,.jpg,500,500,RGB,JPEG,train,0
data/raw/defungi/H1/H1_12c_2.jpg,H1,.jpg,500,500,RGB,JPEG,train,0
data/raw/defungi/H1/H1_12c_20.jpg,H1,.jpg,500,500,RGB,JPEG,train,0
data/raw/defungi/H1/H1_12c_4.jpg,H1,.jpg,500,500,RGB,JPEG,train,0
data/raw/defungi/H1/H1_12c_5.jpg,H1,.jpg,500,500,RGB,JPEG,train,0
data/raw/defungi/H1/H1_12c_6.jpg,H1,.jpg,500,500,RGB,JPEG,train,0
data/raw/defungi/H1/H1_12c_7.jpg,H1,.jpg,500,500,RGB,JPEG,train,0
data/raw/defungi/H1/H1_12c_8.jpg,H1,.jpg,500,500,RGB,JPEG,train,0
data/raw/defungi/H1/H1_12c_9.jpg,H1,.jpg,500,500,RGB,JPEG,train,0
data/raw/defungi/H1/H1_12d_11.jpg,H1,.jpg,500,500,RGB,JPEG,train,0
data/raw/defungi/H1/H1_12d_12.jpg,H1,.jpg,500,500,RGB,JPEG,train,0
data/raw/defungi/H1/H1_12d_13.jpg,H1,.jpg,500,500,RGB,JPEG,train,0
data/raw/defungi/H1/H1_12d_14.jpg,H1,.jpg,500,500,RGB,JPEG,train,0
data/raw/defungi/H1/H1_12d_15.jpg,H1,.jpg,500,500,RGB,JPEG,train,0
data/raw/defungi/H1/H1_12d_16.jpg,H1,.jpg,500,500,RGB,JPEG,train,0
data/raw/defungi/H1/H1_12d_17.jpg,H1,.jpg,500,500,RGB,JPEG,train,0
data/raw/defungi/H1/H1_12d_18.jpg,H1,.jpg,500,500,RGB,JPEG,train,0
data/raw/defungi/H1/H1_12d_19.jpg,H1,.jpg,500,500,RGB,JPEG,train,0
data/raw/defungi/H1/H1_12d_20.jpg,H1,.jpg,500,500,RGB,JPEG,train,0
data/raw/defungi/H1/H1_12d_3.jpg,H1,.jpg,500,500,RGB,JPEG,train,0
data/raw/defungi/H1/H1_12d_5.jpg,H1,.jpg,500,500,RGB,JPEG,train,0
data/raw/defungi/H1/H1_12d_6.jpg,H1,.jpg,500,500,RGB,JPEG,train,0
data/raw/defungi/H1/H1_12d_7.jpg,H1,.jpg,500,500,RGB,JPEG,train,0
data/raw/defungi/H1/H1_12d_8.jpg,H1,.jpg,500,500,RGB,JPEG,train,0
data/raw/defungi/H1/H1_13a_1.jpg,H1,.jpg,500,500,RGB,JPEG,train,0
data/raw/defungi/H1/H1_13a_11.jpg,H1,.jpg,500,500,RGB,JPEG,train,0
data/raw/defungi/H1/H1_13a_14.jpg,H1,.jpg,500,500,RGB,JPEG,train,0
data/raw/defungi/H1/H1_13a_15.jpg,H1,.jpg,500,500,RGB,JPEG,train,0
data/raw/defungi/H1/H1_13a_2.jpg,H1,.jpg,500,500,RGB,JPEG,train,0
data/raw/defungi/H1/H1_13a_6.jpg,H1,.jpg,500,500,RGB,JPEG,train,0
data/raw/defungi/H1/H1_13a_7.jpg,H1,.jpg,500,500,RGB,JPEG,train,0
data/raw/defungi/H1/H1_13a_8.jpg,H1,.jpg,500,500,RGB,JPEG,train,0
data/raw/defungi/H1/H1_13a_9.jpg,H1,.jpg,500,500,RGB,JPEG,train,0
data/raw/defungi/H1/H1_13b_10.jpg,H1,.jpg,500,500,RGB,JPEG,train,0
data/raw/defungi/H1/H1_13b_12.jpg,H1,.jpg,500,500,RGB,JPEG,train,0
data/raw/defungi/H1/H1_13b_2.jpg,H1,.jpg,500,500,RGB,JPEG,train,0
data/raw/defungi/H1/H1_13b_3.jpg,H1,.jpg,500,500,RGB,JPEG,train,0
data/raw/defungi/H1/H1_13b_4.jpg,H1,.jpg,500,500,RGB,JPEG,train,0
data/raw/defungi/H1/H1_13b_5.jpg,H1,.jpg,500,500,RGB,JPEG,train,0
data/raw/defungi/H1/H1_13b_6.jpg,H1,.jpg,500,500,RGB,JPEG,train,0
data/raw/defungi/H1/H1_13b_8.jpg,H1,.jpg,500,500,RGB,JPEG,train,0
data/raw/defungi/H1/H1_13b_9.jpg,H1,.jpg,500,500,RGB,JPEG,train,0
data/raw/defungi/H1/H1_13c_1.jpg,H1,.jpg,500,500,RGB,JPEG,train,0
data/raw/defungi/H1/H1_13c_10.jpg,H1,.jpg,500,500,RGB,JPEG,train,0
data/raw/defungi/H1/H1_13c_11.jpg,H1,.jpg,500,500,RGB,JPEG,train,0
data/raw/defungi/H1/H1_13c_12.jpg,H1,.jpg,500,500,RGB,JPEG,train,0
data/raw/defungi/H1/H1_13c_13.jpg,H1,.jpg,500,500,RGB,JPEG,train,0
data/raw/defungi/H1/H1_13c_14.jpg,H1,.jpg,500,500,RGB,JPEG,train,0
data/raw/defungi/H1/H1_13c_16.jpg,H1,.jpg,500,500,RGB,JPEG,train,0
data/raw/defungi/H1/H1_13c_17.jpg,H1,.jpg,500,500,RGB,JPEG,train,0
data/raw/defungi/H1/H1_13c_2.jpg,H1,.jpg,500,500,RGB,JPEG,train,0
data/raw/defungi/H1/H1_13c_3.jpg,H1,.jpg,500,500,RGB,JPEG,train,0
data/raw/defungi/H1/H1_13c_4.jpg,H1,.jpg,500,500,RGB,JPEG,train,0
data/raw/defungi/H1/H1_13c_5.jpg,H1,.jpg,500,500,RGB,JPEG,train,0
data/raw/defungi/H1/H1_13c_6.jpg,H1,.jpg,500,500,RGB,JPEG,train,0
data/raw/defungi/H1/H1_13c_8.jpg,H1,.jpg,500,500,RGB,JPEG,train,0
data/raw/defungi/H1/H1_13c_9.jpg,H1,.jpg,500,500,RGB,JPEG,train,0
data/raw/defungi/H1/H1_14a_1.jpg,H1,.jpg,500,500,RGB,JPEG,train,0
data/raw/defungi/H1/H1_14a_10.jpg,H1,.jpg,500,500,RGB,JPEG,train,0
data/raw/defungi/H1/H1_14a_11.jpg,H1,.jpg,500,500,RGB,JPEG,train,0
data/raw/defungi/H1/H1_14a_12.jpg,H1,.jpg,500,500,RGB,JPEG,train,0
data/raw/defungi/H1/H1_14a_13.jpg,H1,.jpg,500,500,RGB,JPEG,train,0
data/raw/defungi/H1/H1_14a_14.jpg,H1,.jpg,500,500,RGB,JPEG,train,0
data/raw/defungi/H1/H1_14a_15.jpg,H1,.jpg,500,500,RGB,JPEG,train,0
data/raw/defungi/H1/H1_14a_18.jpg,H1,.jpg,500,500,RGB,JPEG,train,0
data/raw/defungi/H1/H1_14a_19.jpg,H1,.jpg,500,500,RGB,JPEG,train,0
data/raw/defungi/H1/H1_14a_2.jpg,H1,.jpg,500,500,RGB,JPEG,train,0
data/raw/defungi/H1/H1_14a_20.jpg,H1,.jpg,500,500,RGB,JPEG,train,0
data/raw/defungi/H1/H1_14a_4.jpg,H1,.jpg,500,500,RGB,JPEG,train,0
data/raw/defungi/H1/H1_14a_5.jpg,H1,.jpg,500,500,RGB,JPEG,train,0
data/raw/defungi/H1/H1_14a_7.jpg,H1,.jpg,500,500,RGB,JPEG,train,0
data/raw/defungi/H1/H1_14a_9.jpg,H1,.jpg,500,500,RGB,JPEG,train,0
data/raw/defungi/H1/H1_14b_3.jpg,H1,.jpg,500,500,RGB,JPEG,train,0
data/raw/defungi/H1/H1_14b_5.jpg,H1,.jpg,500,500,RGB,JPEG,train,0
data/raw/defungi/H1/H1_14b_7.jpg,H1,.jpg,500,500,RGB,JPEG,train,0
data/raw/defungi/H1/H1_14b_8.jpg,H1,.jpg,500,500,RGB,JPEG,train,0
data/raw/defungi/H1/H1_14b_9.jpg,H1,.jpg,500,500,RGB,JPEG,train,0
data/raw/defungi/H1/H1_14c_1.jpg,H1,.jpg,500,500,RGB,JPEG,train,0
data/raw/defungi/H1/H1_14c_10.jpg,H1,.jpg,500,500,RGB,JPEG,train,0
data/raw/defungi/H1/H1_14c_11.jpg,H1,.jpg,500,500,RGB,JPEG,train,0
data/raw/defungi/H1/H1_14c_12.jpg,H1,.jpg,500,500,RGB,JPEG,train,0
data/raw/defungi/H1/H1_14c_13.jpg,H1,.jpg,500,500,RGB,JPEG,train,0
data/raw/defungi/H1/H1_14c_14.jpg,H1,.jpg,500,500,RGB,JPEG,train,0
data/raw/defungi/H1/H1_14c_15.jpg,H1,.jpg,500,500,RGB,JPEG,train,0
data/raw/defungi/H1/H1_14c_16.jpg,H1,.jpg,500,500,RGB,JPEG,train,0
data/raw/defungi/H1/H1_14c_17.jpg,H1,.jpg,500,500,RGB,JPEG,train,0
data/raw/defungi/H1/H1_14c_18.jpg,H1,.jpg,500,500,RGB,JPEG,train,0
data/raw/defungi/H1/H1_14c_2.jpg,H1,.jpg,500,500,RGB,JPEG,train,0
data/raw/defungi/H1/H1_14c_21.jpg,H1,.jpg,500,500,RGB,JPEG,train,0
data/raw/defungi/H1/H1_14c_4.jpg,H1,.jpg,500,500,RGB,JPEG,train,0
data/raw/defungi/H1/H1_14c_5.jpg,H1,.jpg,500,500,RGB,JPEG,train,0
data/raw/defungi/H1/H1_14c_6.jpg,H1,.jpg,500,500,RGB,JPEG,train,0
data/raw/defungi/H1/H1_14c_7.jpg,H1,.jpg,500,500,RGB,JPEG,train,0
data/raw/defungi/H1/H1_14c_8.jpg,H1,.jpg,500,500,RGB,JPEG,train,0
data/raw/defungi/H1/H1_15a_1.jpg,H1,.jpg,500,500,RGB,JPEG,train,0
data/raw/defungi/H1/H1_15a_10.jpg,H1,.jpg,500,500,RGB,JPEG,train,0
data/raw/defungi/H1/H1_15a_12.jpg,H1,.jpg,500,500,RGB,JPEG,train,0
data/raw/defungi/H1/H1_15a_13.jpg,H1,.jpg,500,500,RGB,JPEG,train,0
data/raw/defungi/H1/H1_15a_14.jpg,H1,.jpg,500,500,RGB,JPEG,train,0
data/raw/defungi/H1/H1_15a_15.jpg,H1,.jpg,500,500,RGB,JPEG,train,0
data/raw/defungi/H1/H1_15a_17.jpg,H1,.jpg,500,500,RGB,JPEG,train,0
data/raw/defungi/H1/H1_15a_19.jpg,H1,.jpg,500,500,RGB,JPEG,train,0
data/raw/defungi/H1/H1_15a_20.jpg,H1,.jpg,500,500,RGB,JPEG,train,0
data/raw/defungi/H1/H1_15a_21.jpg,H1,.jpg,500,500,RGB,JPEG,train,0
data/raw/defungi/H1/H1_15a_5.jpg,H1,.jpg,500,500,RGB,JPEG,train,0
data/raw/defungi/H1/H1_15a_7.jpg,H1,.jpg,500,500,RGB,JPEG,train,0
data/raw/defungi/H1/H1_15a_9.jpg,H1,.jpg,500,500,RGB,JPEG,train,0
data/raw/defungi/H1/H1_16a_10.jpg,H1,.jpg,500,500,RGB,JPEG,train,0
data/raw/defungi/H1/H1_16a_12.jpg,H1,.jpg,500,500,RGB,JPEG,train,0
data/raw/defungi/H1/H1_16a_13.jpg,H1,.jpg,500,500,RGB,JPEG,train,0
data/raw/defungi/H1/H1_16a_14.jpg,H1,.jpg,500,500,RGB,JPEG,train,0
data/raw/defungi/H1/H1_16a_15.jpg,H1,.jpg,500,500,RGB,JPEG,train,0
data/raw/defungi/H1/H1_16a_16.jpg,H1,.jpg,500,500,RGB,JPEG,train,0
data/raw/defungi/H1/H1_16a_2.jpg,H1,.jpg,500,500,RGB,JPEG,train,0
data/raw/defungi/H1/H1_16a_3.jpg,H1,.jpg,500,500,RGB,JPEG,train,0
data/raw/defungi/H1/H1_16a_4.jpg,H1,.jpg,500,500,RGB,JPEG,train,0
data/raw/defungi/H1/H1_16a_5.jpg,H1,.jpg,500,500,RGB,JPEG,train,0
data/raw/defungi/H1/H1_16a_9.jpg,H1,.jpg,500,500,RGB,JPEG,train,0
data/raw/defungi/H1/H1_16b_1.jpg,H1,.jpg,500,500,RGB,JPEG,train,0
data/raw/defungi/H1/H1_16b_11.jpg,H1,.jpg,500,500,RGB,JPEG,train,0
data/raw/defungi/H1/H1_16b_13.jpg,H1,.jpg,500,500,RGB,JPEG,train,0
data/raw/defungi/H1/H1_16b_14.jpg,H1,.jpg,500,500,RGB,JPEG,train,0
data/raw/defungi/H1/H1_16b_15.jpg,H1,.jpg,500,500,RGB,JPEG,train,0
data/raw/defungi/H1/H1_16b_16.jpg,H1,.jpg,500,500,RGB,JPEG,train,0
data/raw/defungi/H1/H1_16b_17.jpg,H1,.jpg,500,500,RGB,JPEG,train,0
data/raw/defungi/H1/H1_16b_18.jpg,H1,.jpg,500,500,RGB,JPEG,train,0
data/raw/defungi/H1/H1_16b_19.jpg,H1,.jpg,500,500,RGB,JPEG,train,0
data/raw/defungi/H1/H1_16b_2.jpg,H1,.jpg,500,500,RGB,JPEG,train,0
data/raw/defungi/H1/H1_16b_20.jpg,H1,.jpg,500,500,RGB,JPEG,train,0
data/raw/defungi/H1/H1_16b_3.jpg,H1,.jpg,500,500,RGB,JPEG,train,0
data/raw/defungi/H1/H1_16b_4.jpg,H1,.jpg,500,500,RGB,JPEG,train,0
data/raw/defungi/H1/H1_16b_5.jpg,H1,.jpg,500,500,RGB,JPEG,train,0
data/raw/defungi/H1/H1_16b_6.jpg,H1,.jpg,500,500,RGB,JPEG,train,0
data/raw/defungi/H1/H1_16b_7.jpg,H1,.jpg,500,500,RGB,JPEG,train,0
data/raw/defungi/H1/H1_16b_8.jpg,H1,.jpg,500,500,RGB,JPEG,train,0
data/raw/defungi/H1/H1_16b_9.jpg,H1,.jpg,500,500,RGB,JPEG,train,0
data/raw/defungi/H1/H1_16c_3.jpg,H1,.jpg,500,500,RGB,JPEG,train,0
data/raw/defungi/H1/H1_16c_4.jpg,H1,.jpg,500,500,RGB,JPEG,train,0
data/raw/defungi/H1/H1_16c_6.jpg,H1,.jpg,500,500,RGB,JPEG,train,0
data/raw/defungi/H1/H1_16c_8.jpg,H1,.jpg,500,500,RGB,JPEG,train,0
data/raw/defungi/H1/H1_16c_9.jpg,H1,.jpg,500,500,RGB,JPEG,train,0
data/raw/defungi/H1/H1_17a_1.jpg,H1,.jpg,500,500,RGB,JPEG,train,0
data/raw/defungi/H1/H1_17a_3.jpg,H1,.jpg,500,500,RGB,JPEG,train,0
data/raw/defungi/H1/H1_17a_4.jpg,H1,.jpg,500,500,RGB,JPEG,train,0
data/raw/defungi/H1/H1_17a_5.jpg,H1,.jpg,500,500,RGB,JPEG,train,0
data/raw/defungi/H1/H1_17a_6.jpg,H1,.jpg,500,500,RGB,JPEG,train,0
data/raw/defungi/H1/H1_17a_8.jpg,H1,.jpg,500,500,RGB,JPEG,train,0
data/raw/defungi/H1/H1_17b_10.jpg,H1,.jpg,500,500,RGB,JPEG,train,0
data/raw/defungi/H1/H1_17b_12.jpg,H1,.jpg,500,500,RGB,JPEG,train,0
data/raw/defungi/H1/H1_17b_13.jpg,H1,.jpg,500,500,RGB,JPEG,train,0
data/raw/defungi/H1/H1_17b_14.jpg,H1,.jpg,500,500,RGB,JPEG,train,0
data/raw/defungi/H1/H1_17b_15.jpg,H1,.jpg,500,500,RGB,JPEG,train,0
data/raw/defungi/H1/H1_17b_16.jpg,H1,.jpg,500,500,RGB,JPEG,train,0
data/raw/defungi/H1/H1_17b_17.jpg,H1,.jpg,500,500,RGB,JPEG,train,0
data/raw/defungi/H1/H1_17b_18.jpg,H1,.jpg,500,500,RGB,JPEG,train,0
data/raw/defungi/H1/H1_17b_2.jpg,H1,.jpg,500,500,RGB,JPEG,train,0
data/raw/defungi/H1/H1_17b_20.jpg,H1,.jpg,500,500,RGB,JPEG,train,0
data/raw/defungi/H1/H1_17b_21.jpg,H1,.jpg,500,500,RGB,JPEG,train,0
data/raw/defungi/H1/H1_17b_24.jpg,H1,.jpg,500,500,RGB,JPEG,train,0
data/raw/defungi/H1/H1_17b_4.jpg,H1,.jpg,500,500,RGB,JPEG,train,0
data/raw/defungi/H1/H1_17b_7.jpg,H1,.jpg,500,500,RGB,JPEG,train,0
data/raw/defungi/H1/H1_17b_9.jpg,H1,.jpg,500,500,RGB,JPEG,train,0
data/raw/defungi/H1/H1_18a_1.jpg,H1,.jpg,500,500,RGB,JPEG,train,0
data/raw/defungi/H1/H1_18a_10.jpg,H1,.jpg,500,500,RGB,JPEG,train,0
data/raw/defungi/H1/H1_18a_11.jpg,H1,.jpg,500,500,RGB,JPEG,train,0
data/raw/defungi/H1/H1_18a_12.jpg,H1,.jpg,500,500,RGB,JPEG,train,0
data/raw/defungi/H1/H1_18a_13.jpg,H1,.jpg,500,500,RGB,JPEG,train,0
data/raw/defungi/H1/H1_18a_16.jpg,H1,.jpg,500,500,RGB,JPEG,train,0
data/raw/defungi/H1/H1_18a_2.jpg,H1,.jpg,500,500,RGB,JPEG,train,0
data/raw/defungi/H1/H1_18a_3.jpg,H1,.jpg,500,500,RGB,JPEG,train,0
data/raw/defungi/H1/H1_18a_5.jpg,H1,.jpg,500,500,RGB,JPEG,train,0
data/raw/defungi/H1/H1_18a_6.jpg,H1,.jpg,500,500,RGB,JPEG,train,0
data/raw/defungi/H1/H1_18a_7.jpg,H1,.jpg,500,500,RGB,JPEG,train,0
data/raw/defungi/H1/H1_18a_9.jpg,H1,.jpg,500,500,RGB,JPEG,train,0
data/raw/defungi/H1/H1_18b_10.jpg,H1,.jpg,500,500,RGB,JPEG,train,0
data/raw/defungi/H1/H1_18b_11.jpg,H1,.jpg,500,500,RGB,JPEG,train,0
data/raw/defungi/H1/H1_18b_13.jpg,H1,.jpg,500,500,RGB,JPEG,train,0
data/raw/defungi/H1/H1_18b_14.jpg,H1,.jpg,500,500,RGB,JPEG,train,0
data/raw/defungi/H1/H1_18b_15.jpg,H1,.jpg,500,500,RGB,JPEG,train,0
data/raw/defungi/H1/H1_18b_2.jpg,H1,.jpg,500,500,RGB,JPEG,train,0
data/raw/defungi/H1/H1_18b_3.jpg,H1,.jpg,500,500,RGB,JPEG,train,0
data/raw/defungi/H1/H1_18b_5.jpg,H1,.jpg,500,500,RGB,JPEG,train,0
data/raw/defungi/H1/H1_18b_7.jpg,H1,.jpg,500,500,RGB,JPEG,train,0
data/raw/defungi/H1/H1_19a_1.jpg,H1,.jpg,500,500,RGB,JPEG,train,0
data/raw/defungi/H1/H1_19a_10.jpg,H1,.jpg,500,500,RGB,JPEG,train,0
data/raw/defungi/H1/H1_19a_13.jpg,H1,.jpg,500,500,RGB,JPEG,train,0
data/raw/defungi/H1/H1_19a_14.jpg,H1,.jpg,500,500,RGB,JPEG,train,0
data/raw/defungi/H1/H1_19a_15.jpg,H1,.jpg,500,500,RGB,JPEG,train,0
data/raw/defungi/H1/H1_19a_16.jpg,H1,.jpg,500,500,RGB,JPEG,train,0
data/raw/defungi/H1/H1_19a_2.jpg,H1,.jpg,500,500,RGB,JPEG,train,0
data/raw/defungi/H1/H1_19a_4.jpg,H1,.jpg,500,500,RGB,JPEG,train,0
data/raw/defungi/H1/H1_19a_5.jpg,H1,.jpg,500,500,RGB,JPEG,train,0
data/raw/defungi/H1/H1_19a_6.jpg,H1,.jpg,500,500,RGB,JPEG,train,0
data/raw/defungi/H1/H1_19a_7.jpg,H1,.jpg,500,500,RGB,JPEG,train,0
data/raw/defungi/H1/H1_19a_8.jpg,H1,.jpg,500,500,RGB,JPEG,train,0
data/raw/defungi/H1/H1_1a_1.jpg,H1,.jpg,500,500,RGB,JPEG,train,0
data/raw/defungi/H1/H1_1a_10.jpg,H1,.jpg,500,500,RGB,JPEG,train,0
data/raw/defungi/H1/H1_1a_11.jpg,H1,.jpg,500,500,RGB,JPEG,train,0
data/raw/defungi/H1/H1_1a_14.jpg,H1,.jpg,500,500,RGB,JPEG,train,0
data/raw/defungi/H1/H1_1a_17.jpg,H1,.jpg,500,500,RGB,JPEG,train,0
data/raw/defungi/H1/H1_1a_18.jpg,H1,.jpg,500,500,RGB,JPEG,train,0
data/raw/defungi/H1/H1_1a_2.jpg,H1,.jpg,500,500,RGB,JPEG,train,0
data/raw/defungi/H1/H1_1a_21.jpg,H1,.jpg,500,500,RGB,JPEG,train,0
data/raw/defungi/H1/H1_1a_22.jpg,H1,.jpg,500,500,RGB,JPEG,train,0
data/raw/defungi/H1/H1_1a_23.jpg,H1,.jpg,500,500,RGB,JPEG,train,0
data/raw/defungi/H1/H1_1a_24.jpg,H1,.jpg,500,500,RGB,JPEG,train,0
data/raw/defungi/H1/H1_1a_4.jpg,H1,.jpg,500,500,RGB,JPEG,train,0
data/raw/defungi/H1/H1_1a_6.jpg,H1,.jpg,500,500,RGB,JPEG,train,0
data/raw/defungi/H1/H1_1a_9.jpg,H1,.jpg,500,500,RGB,JPEG,train,0
data/raw/defungi/H1/H1_1b_1.jpg,H1,.jpg,500,500,RGB,JPEG,train,0
data/raw/defungi/H1/H1_1b_10.jpg,H1,.jpg,500,500,RGB,JPEG,train,0
data/raw/defungi/H1/H1_1b_12.jpg,H1,.jpg,500,500,RGB,JPEG,train,0
data/raw/defungi/H1/H1_1b_13.jpg,H1,.jpg,500,500,RGB,JPEG,train,0
data/raw/defungi/H1/H1_1b_14.jpg,H1,.jpg,500,500,RGB,JPEG,train,0
data/raw/defungi/H1/H1_1b_15.jpg,H1,.jpg,500,500,RGB,JPEG,train,0
data/raw/defungi/H1/H1_1b_16.jpg,H1,.jpg,500,500,RGB,JPEG,train,0
data/raw/defungi/H1/H1_1b_17.jpg,H1,.jpg,500,500,RGB,JPEG,train,0
data/raw/defungi/H1/H1_1b_18.jpg,H1,.jpg,500,500,RGB,JPEG,train,0
data/raw/defungi/H1/H1_1b_19.jpg,H1,.jpg,500,500,RGB,JPEG,train,0
data/raw/defungi/H1/H1_1b_2.jpg,H1,.jpg,500,500,RGB,JPEG,train,0
data/raw/defungi/H1/H1_1b_4.jpg,H1,.jpg,500,500,RGB,JPEG,train,0
data/raw/defungi/H1/H1_1b_5.jpg,H1,.jpg,500,500,RGB,JPEG,train,0
data/raw/defungi/H1/H1_1b_7.jpg,H1,.jpg,500,500,RGB,JPEG,train,0
data/raw/defungi/H1/H1_1b_8.jpg,H1,.jpg,500,500,RGB,JPEG,train,0
data/raw/defungi/H1/H1_1b_9.jpg,H1,.jpg,500,500,RGB,JPEG,train,0
data/raw/defungi/H1/H1_1c_1.jpg,H1,.jpg,500,500,RGB,JPEG,train,0
data/raw/defungi/H1/H1_1c_10.jpg,H1,.jpg,500,500,RGB,JPEG,train,0
data/raw/defungi/H1/H1_1c_11.jpg,H1,.jpg,500,500,RGB,JPEG,train,0
data/raw/defungi/H1/H1_1c_12.jpg,H1,.jpg,500,500,RGB,JPEG,train,0
data/raw/defungi/H1/H1_1c_13.jpg,H1,.jpg,500,500,RGB,JPEG,train,0
data/raw/defungi/H1/H1_1c_14.jpg,H1,.jpg,500,500,RGB,JPEG,train,0
data/raw/defungi/H1/H1_1c_17.jpg,H1,.jpg,500,500,RGB,JPEG,train,0
data/raw/defungi/H1/H1_1c_2.jpg,H1,.jpg,500,500,RGB,JPEG,train,0
data/raw/defungi/H1/H1_1c_22.jpg,H1,.jpg,500,500,RGB,JPEG,train,0
data/raw/defungi/H1/H1_1c_23.jpg,H1,.jpg,500,500,RGB,JPEG,train,0
data/raw/defungi/H1/H1_1c_3.jpg,H1,.jpg,500,500,RGB,JPEG,train,0
data/raw/defungi/H1/H1_1c_4.jpg,H1,.jpg,500,500,RGB,JPEG,train,0
data/raw/defungi/H1/H1_1c_5.jpg,H1,.jpg,500,500,RGB,JPEG,train,0
data/raw/defungi/H1/H1_1c_6.jpg,H1,.jpg,500,500,RGB,JPEG,train,0
data/raw/defungi/H1/H1_1c_7.jpg,H1,.jpg,500,500,RGB,JPEG,train,0
data/raw/defungi/H1/H1_1c_8.jpg,H1,.jpg,500,500,RGB,JPEG,train,0
data/raw/defungi/H1/H1_1d_10.jpg,H1,.jpg,500,500,RGB,JPEG,train,0
data/raw/defungi/H1/H1_1d_12.jpg,H1,.jpg,500,500,RGB,JPEG,train,0
data/raw/defungi/H1/H1_1d_15.jpg,H1,.jpg,500,500,RGB,JPEG,train,0
data/raw/defungi/H1/H1_1d_16.jpg,H1,.jpg,500,500,RGB,JPEG,train,0
data/raw/defungi/H1/H1_1d_17.jpg,H1,.jpg,500,500,RGB,JPEG,train,0
data/raw/defungi/H1/H1_1d_19.jpg,H1,.jpg,500,500,RGB,JPEG,train,0
data/raw/defungi/H1/H1_1d_2.jpg,H1,.jpg,500,500,RGB,JPEG,train,0
data/raw/defungi/H1/H1_1d_20.jpg,H1,.jpg,500,500,RGB,JPEG,train,0
data/raw/defungi/H1/H1_1d_21.jpg,H1,.jpg,500,500,RGB,JPEG,train,0
data/raw/defungi/H1/H1_1d_22.jpg,H1,.jpg,500,500,RGB,JPEG,train,0
data/raw/defungi/H1/H1_1d_24.jpg,H1,.jpg,500,500,RGB,JPEG,train,0
data/raw/defungi/H1/H1_1d_25.jpg,H1,.jpg,500,500,RGB,JPEG,train,0
data/raw/defungi/H1/H1_1d_3.jpg,H1,.jpg,500,500,RGB,JPEG,train,0
data/raw/defungi/H1/H1_1d_4.jpg,H1,.jpg,500,500,RGB,JPEG,train,0
data/raw/defungi/H1/H1_1d_5.jpg,H1,.jpg,500,500,RGB,JPEG,train,0
data/raw/defungi/H1/H1_1d_6.jpg,H1,.jpg,500,500,RGB,JPEG,train,0
data/raw/defungi/H1/H1_1d_7.jpg,H1,.jpg,500,500,RGB,JPEG,train,0
data/raw/defungi/H1/H1_1d_8.jpg,H1,.jpg,500,500,RGB,JPEG,train,0
data/raw/defungi/H1/H1_20a_1.jpg,H1,.jpg,500,500,RGB,JPEG,train,0
data/raw/defungi/H1/H1_20a_2.jpg,H1,.jpg,500,500,RGB,JPEG,train,0
data/raw/defungi/H1/H1_20a_3.jpg,H1,.jpg,500,500,RGB,JPEG,train,0
data/raw/defungi/H1/H1_20a_4.jpg,H1,.jpg,500,500,RGB,JPEG,train,0
data/raw/defungi/H1/H1_20a_5.jpg,H1,.jpg,500,500,RGB,JPEG,train,0
data/raw/defungi/H1/H1_20a_7.jpg,H1,.jpg,500,500,RGB,JPEG,train,0
data/raw/defungi/H1/H1_20a_8.jpg,H1,.jpg,500,500,RGB,JPEG,train,0
data/raw/defungi/H1/H1_20a_9.jpg,H1,.jpg,500,500,RGB,JPEG,train,0
data/raw/defungi/H1/H1_20b_1.jpg,H1,.jpg,500,500,RGB,JPEG,train,0
data/raw/defungi/H1/H1_20b_10.jpg,H1,.jpg,500,500,RGB,JPEG,train,0
data/raw/defungi/H1/H1_20b_11.jpg,H1,.jpg,500,500,RGB,JPEG,train,0
data/raw/defungi/H1/H1_20b_12.jpg,H1,.jpg,500,500,RGB,JPEG,train,0
data/raw/defungi/H1/H1_20b_13.jpg,H1,.jpg,500,500,RGB,JPEG,train,0
data/raw/defungi/H1/H1_20b_14.jpg,H1,.jpg,500,500,RGB,JPEG,train,0
data/raw/defungi/H1/H1_20b_15.jpg,H1,.jpg,500,500,RGB,JPEG,train,0
data/raw/defungi/H1/H1_20b_4.jpg,H1,.jpg,500,500,RGB,JPEG,train,0
data/raw/defungi/H1/H1_20b_6.jpg,H1,.jpg,500,500,RGB,JPEG,train,0
data/raw/defungi/H1/H1_20b_7.jpg,H1,.jpg,500,500,RGB,JPEG,train,0
data/raw/defungi/H1/H1_20b_8.jpg,H1,.jpg,500,500,RGB,JPEG,train,0
data/raw/defungi/H1/H1_20b_9.jpg,H1,.jpg,500,500,RGB,JPEG,train,0
data/raw/defungi/H1/H1_20c_1.jpg,H1,.jpg,500,500,RGB,JPEG,train,0
data/raw/defungi/H1/H1_20c_10.jpg,H1,.jpg,500,500,RGB,JPEG,train,0
data/raw/defungi/H1/H1_20c_11.jpg,H1,.jpg,500,500,RGB,JPEG,train,0
data/raw/defungi/H1/H1_20c_12.jpg,H1,.jpg,500,500,RGB,JPEG,train,0
data/raw/defungi/H1/H1_20c_13.jpg,H1,.jpg,500,500,RGB,JPEG,train,0
data/raw/defungi/H1/H1_20c_14.jpg,H1,.jpg,500,500,RGB,JPEG,train,0
data/raw/defungi/H1/H1_20c_15.jpg,H1,.jpg,500,500,RGB,JPEG,train,0
data/raw/defungi/H1/H1_20c_16.jpg,H1,.jpg,500,500,RGB,JPEG,train,0
data/raw/defungi/H1/H1_20c_2.jpg,H1,.jpg,500,500,RGB,JPEG,train,0
data/raw/defungi/H1/H1_20c_4.jpg,H1,.jpg,500,500,RGB,JPEG,train,0
data/raw/defungi/H1/H1_20c_5.jpg,H1,.jpg,500,500,RGB,JPEG,train,0
data/raw/defungi/H1/H1_20c_9.jpg,H1,.jpg,500,500,RGB,JPEG,train,0
data/raw/defungi/H1/H1_21a_1.jpg,H1,.jpg,500,500,RGB,JPEG,train,0
data/raw/defungi/H1/H1_21a_12.jpg,H1,.jpg,500,500,RGB,JPEG,train,0
data/raw/defungi/H1/H1_21a_15.jpg,H1,.jpg,500,500,RGB,JPEG,train,0
data/raw/defungi/H1/H1_21a_2.jpg,H1,.jpg,500,500,RGB,JPEG,train,0
data/raw/defungi/H1/H1_21a_3.jpg,H1,.jpg,500,500,RGB,JPEG,train,0
data/raw/defungi/H1/H1_21a_4.jpg,H1,.jpg,500,500,RGB,JPEG,train,0
data/raw/defungi/H1/H1_21a_8.jpg,H1,.jpg,500,500,RGB,JPEG,train,0
data/raw/defungi/H1/H1_21a_9.jpg,H1,.jpg,500,500,RGB,JPEG,train,0
data/raw/defungi/H1/H1_224a_1.jpg,H1,.jpg,500,500,RGB,JPEG,train,0
data/raw/defungi/H1/H1_224a_3.jpg,H1,.jpg,500,500,RGB,JPEG,train,0
data/raw/defungi/H1/H1_224a_4.jpg,H1,.jpg,500,500,RGB,JPEG,train,0
data/raw/defungi/H1/H1_224b_1.jpg,H1,.jpg,500,500,RGB,JPEG,train,0
data/raw/defungi/H1/H1_224b_2.jpg,H1,.jpg,500,500,RGB,JPEG,train,0
data/raw/defungi/H1/H1_224b_3.jpg,H1,.jpg,500,500,RGB,JPEG,train,0
data/raw/defungi/H1/H1_22a_12.jpg,H1,.jpg,500,500,RGB,JPEG,train,0
data/raw/defungi/H1/H1_22a_13.jpg,H1,.jpg,500,500,RGB,JPEG,train,0
data/raw/defungi/H1/H1_22a_15.jpg,H1,.jpg,500,500,RGB,JPEG,train,0
data/raw/defungi/H1/H1_22a_16.jpg,H1,.jpg,500,500,RGB,JPEG,train,0
data/raw/defungi/H1/H1_22a_17.jpg,H1,.jpg,500,500,RGB,JPEG,train,0
data/raw/defungi/H1/H1_22a_18.jpg,H1,.jpg,500,500,RGB,JPEG,train,0
data/raw/defungi/H1/H1_22a_19.jpg,H1,.jpg,500,500,RGB,JPEG,train,0
data/raw/defungi/H1/H1_22a_2.jpg,H1,.jpg,500,500,RGB,JPEG,train,0
data/raw/defungi/H1/H1_22a_20.jpg,H1,.jpg,500,500,RGB,JPEG,train,0
data/raw/defungi/H1/H1_22a_21.jpg,H1,.jpg,500,500,RGB,JPEG,train,0
data/raw/defungi/H1/H1_22a_22.jpg,H1,.jpg,500,500,RGB,JPEG,train,0
data/raw/defungi/H1/H1_22a_23.jpg,H1,.jpg,500,500,RGB,JPEG,train,0
data/raw/defungi/H1/H1_22a_24.jpg,H1,.jpg,500,500,RGB,JPEG,train,0
data/raw/defungi/H1/H1_22a_4.jpg,H1,.jpg,500,500,RGB,JPEG,train,0
data/raw/defungi/H1/H1_22a_5.jpg,H1,.jpg,500,500,RGB,JPEG,train,0
data/raw/defungi/H1/H1_22a_6.jpg,H1,.jpg,500,500,RGB,JPEG,train,0
data/raw/defungi/H1/H1_22a_7.jpg,H1,.jpg,500,500,RGB,JPEG,train,0
data/raw/defungi/H1/H1_22a_8.jpg,H1,.jpg,500,500,RGB,JPEG,train,0
data/raw/defungi/H1/H1_22a_9.jpg,H1,.jpg,500,500,RGB,JPEG,train,0
data/raw/defungi/H1/H1_22b_10.jpg,H1,.jpg,500,500,RGB,JPEG,train,0
data/raw/defungi/H1/H1_22b_11.jpg,H1,.jpg,500,500,RGB,JPEG,train,0
data/raw/defungi/H1/H1_22b_12.jpg,H1,.jpg,500,500,RGB,JPEG,train,0
data/raw/defungi/H1/H1_22b_13.jpg,H1,.jpg,500,500,RGB,JPEG,train,0
data/raw/defungi/H1/H1_22b_14.jpg,H1,.jpg,500,500,RGB,JPEG,train,0
data/raw/defungi/H1/H1_22b_16.jpg,H1,.jpg,500,500,RGB,JPEG,train,0
data/raw/defungi/H1/H1_22b_17.jpg,H1,.jpg,500,500,RGB,JPEG,train,0
data/raw/defungi/H1/H1_22b_18.jpg,H1,.jpg,500,500,RGB,JPEG,train,0
data/raw/defungi/H1/H1_22b_3.jpg,H1,.jpg,500,500,RGB,JPEG,train,0
data/raw/defungi/H1/H1_22b_5.jpg,H1,.jpg,500,500,RGB,JPEG,train,0
data/raw/defungi/H1/H1_22b_6.jpg,H1,.jpg,500,500,RGB,JPEG,train,0
data/raw/defungi/H1/H1_22b_7.jpg,H1,.jpg,500,500,RGB,JPEG,train,0
data/raw/defungi/H1/H1_22b_9.jpg,H1,.jpg,500,500,RGB,JPEG,train,0
data/raw/defungi/H1/H1_22c_1.jpg,H1,.jpg,500,500,RGB,JPEG,train,0
data/raw/defungi/H1/H1_22c_11.jpg,H1,.jpg,500,500,RGB,JPEG,train,0
data/raw/defungi/H1/H1_22c_14.jpg,H1,.jpg,500,500,RGB,JPEG,train,0
data/raw/defungi/H1/H1_22c_17.jpg,H1,.jpg,500,500,RGB,JPEG,train,0
data/raw/defungi/H1/H1_22c_18.jpg,H1,.jpg,500,500,RGB,JPEG,train,0
data/raw/defungi/H1/H1_22c_19.jpg,H1,.jpg,500,500,RGB,JPEG,train,0
data/raw/defungi/H1/H1_22c_2.jpg,H1,.jpg,500,500,RGB,JPEG,train,0
data/raw/defungi/H1/H1_22c_20.jpg,H1,.jpg,500,500,RGB,JPEG,train,0
data/raw/defungi/H1/H1_22c_22.jpg,H1,.jpg,500,500,RGB,JPEG,train,0
data/raw/defungi/H1/H1_22c_23.jpg,H1,.jpg,500,500,RGB,JPEG,train,0
data/raw/defungi/H1/H1_22c_3.jpg,H1,.jpg,500,500,RGB,JPEG,train,0
data/raw/defungi/H1/H1_22c_4.jpg,H1,.jpg,500,500,RGB,JPEG,train,0
data/raw/defungi/H1/H1_22c_5.jpg,H1,.jpg,500,500,RGB,JPEG,train,0
data/raw/defungi/H1/H1_22c_6.jpg,H1,.jpg,500,500,RGB,JPEG,train,0
data/raw/defungi/H1/H1_22c_7.jpg,H1,.jpg,500,500,RGB,JPEG,train,0
data/raw/defungi/H1/H1_22c_8.jpg,H1,.jpg,500,500,RGB,JPEG,train,0
data/raw/defungi/H1/H1_22c_9.jpg,H1,.jpg,500,500,RGB,JPEG,train,0
data/raw/defungi/H1/H1_22d_1.jpg,H1,.jpg,500,500,RGB,JPEG,train,0
data/raw/defungi/H1/H1_22d_10.jpg,H1,.jpg,500,500,RGB,JPEG,train,0
data/raw/defungi/H1/H1_22d_11.jpg,H1,.jpg,500,500,RGB,JPEG,train,0
data/raw/defungi/H1/H1_22d_13.jpg,H1,.jpg,500,500,RGB,JPEG,train,0
data/raw/defungi/H1/H1_22d_15.jpg,H1,.jpg,500,500,RGB,JPEG,train,0
data/raw/defungi/H1/H1_22d_16.jpg,H1,.jpg,500,500,RGB,JPEG,train,0
data/raw/defungi/H1/H1_22d_18.jpg,H1,.jpg,500,500,RGB,JPEG,train,0
data/raw/defungi/H1/H1_22d_19.jpg,H1,.jpg,500,500,RGB,JPEG,train,0
data/raw/defungi/H1/H1_22d_20.jpg,H1,.jpg,500,500,RGB,JPEG,train,0
data/raw/defungi/H1/H1_22d_4.jpg,H1,.jpg,500,500,RGB,JPEG,train,0
data/raw/defungi/H1/H1_22d_6.jpg,H1,.jpg,500,500,RGB,JPEG,train,0
data/raw/defungi/H1/H1_22d_8.jpg,H1,.jpg,500,500,RGB,JPEG,train,0
data/raw/defungi/H1/H1_23a_1.jpg,H1,.jpg,500,500,RGB,JPEG,train,0
data/raw/defungi/H1/H1_23a_11.jpg,H1,.jpg,500,500,RGB,JPEG,train,0
data/raw/defungi/H1/H1_23a_12.jpg,H1,.jpg,500,500,RGB,JPEG,train,0
data/raw/defungi/H1/H1_23a_13.jpg,H1,.jpg,500,500,RGB,JPEG,train,0
data/raw/defungi/H1/H1_23a_14.jpg,H1,.jpg,500,500,RGB,JPEG,train,0
data/raw/defungi/H1/H1_23a_15.jpg,H1,.jpg,500,500,RGB,JPEG,train,0
data/raw/defungi/H1/H1_23a_2.jpg,H1,.jpg,500,500,RGB,JPEG,train,0
data/raw/defungi/H1/H1_23a_3.jpg,H1,.jpg,500,500,RGB,JPEG,train,0
data/raw/defungi/H1/H1_23a_4.jpg,H1,.jpg,500,500,RGB,JPEG,train,0
data/raw/defungi/H1/H1_23a_5.jpg,H1,.jpg,500,500,RGB,JPEG,train,0
data/raw/defungi/H1/H1_23a_7.jpg,H1,.jpg,500,500,RGB,JPEG,train,0
data/raw/defungi/H1/H1_23a_8.jpg,H1,.jpg,500,500,RGB,JPEG,train,0
data/raw/defungi/H1/H1_23a_9.jpg,H1,.jpg,500,500,RGB,JPEG,train,0
data/raw/defungi/H1/H1_23b_1.jpg,H1,.jpg,500,500,RGB,JPEG,train,0
data/raw/defungi/H1/H1_23b_10.jpg,H1,.jpg,500,500,RGB,JPEG,train,0
data/raw/defungi/H1/H1_23b_11.jpg,H1,.jpg,500,500,RGB,JPEG,train,0
data/raw/defungi/H1/H1_23b_12.jpg,H1,.jpg,500,500,RGB,JPEG,train,0
data/raw/defungi/H1/H1_23b_16.jpg,H1,.jpg,500,500,RGB,JPEG,train,0
data/raw/defungi/H1/H1_23b_2.jpg,H1,.jpg,500,500,RGB,JPEG,train,0
data/raw/defungi/H1/H1_23b_4.jpg,H1,.jpg,500,500,RGB,JPEG,train,0
data/raw/defungi/H1/H1_23b_6.jpg,H1,.jpg,500,500,RGB,JPEG,train,0
data/raw/defungi/H1/H1_23b_7.jpg,H1,.jpg,500,500,RGB,JPEG,train,0
data/raw/defungi/H1/H1_23b_8.jpg,H1,.jpg,500,500,RGB,JPEG,train,0
data/raw/defungi/H1/H1_23b_9.jpg,H1,.jpg,500,500,RGB,JPEG,train,0
data/raw/defungi/H1/H1_24a_1.jpg,H1,.jpg,500,500,RGB,JPEG,train,0
data/raw/defungi/H1/H1_24a_10.jpg,H1,.jpg,500,500,RGB,JPEG,train,0
data/raw/defungi/H1/H1_24a_11.jpg,H1,.jpg,500,500,RGB,JPEG,train,0
data/raw/defungi/H1/H1_24a_12.jpg,H1,.jpg,500,500,RGB,JPEG,train,0
data/raw/defungi/H1/H1_24a_14.jpg,H1,.jpg,500,500,RGB,JPEG,train,0
data/raw/defungi/H1/H1_24a_15.jpg,H1,.jpg,500,500,RGB,JPEG,train,0
data/raw/defungi/H1/H1_24a_16.jpg,H1,.jpg,500,500,RGB,JPEG,train,0
data/raw/defungi/H1/H1_24a_2.jpg,H1,.jpg,500,500,RGB,JPEG,train,0
data/raw/defungi/H1/H1_24a_4.jpg,H1,.jpg,500,500,RGB,JPEG,train,0
data/raw/defungi/H1/H1_24a_5.jpg,H1,.jpg,500,500,RGB,JPEG,train,0
data/raw/defungi/H1/H1_24a_6.jpg,H1,.jpg,500,500,RGB,JPEG,train,0
data/raw/defungi/H1/H1_24a_8.jpg,H1,.jpg,500,500,RGB,JPEG,train,0
data/raw/defungi/H1/H1_24a_9.jpg,H1,.jpg,500,500,RGB,JPEG,train,0
data/raw/defungi/H1/H1_24b_1.jpg,H1,.jpg,500,500,RGB,JPEG,train,0
data/raw/defungi/H1/H1_24b_10.jpg,H1,.jpg,500,500,RGB,JPEG,train,0
data/raw/defungi/H1/H1_24b_13.jpg,H1,.jpg,500,500,RGB,JPEG,train,0
data/raw/defungi/H1/H1_24b_14.jpg,H1,.jpg,500,500,RGB,JPEG,train,0
data/raw/defungi/H1/H1_24b_15.jpg,H1,.jpg,500,500,RGB,JPEG,train,0
data/raw/defungi/H1/H1_24b_16.jpg,H1,.jpg,500,500,RGB,JPEG,train,0
data/raw/defungi/H1/H1_24b_17.jpg,H1,.jpg,500,500,RGB,JPEG,train,0
data/raw/defungi/H1/H1_24b_19.jpg,H1,.jpg,500,500,RGB,JPEG,train,0
data/raw/defungi/H1/H1_24b_20.jpg,H1,.jpg,500,500,RGB,JPEG,train,0
data/raw/defungi/H1/H1_24b_3.jpg,H1,.jpg,500,500,RGB,JPEG,train,0
data/raw/defungi/H1/H1_24b_4.jpg,H1,.jpg,500,500,RGB,JPEG,train,0
data/raw/defungi/H1/H1_24b_7.jpg,H1,.jpg,500,500,RGB,JPEG,train,0
data/raw/defungi/H1/H1_24b_8.jpg,H1,.jpg,500,500,RGB,JPEG,train,0
data/raw/defungi/H1/H1_24b_9.jpg,H1,.jpg,500,500,RGB,JPEG,train,0
data/raw/defungi/H1/H1_25a_1.jpg,H1,.jpg,500,500,RGB,JPEG,train,0
data/raw/defungi/H1/H1_25a_11.jpg,H1,.jpg,500,500,RGB,JPEG,train,0
data/raw/defungi/H1/H1_25a_12.jpg,H1,.jpg,500,500,RGB,JPEG,train,0
data/raw/defungi/H1/H1_25a_13.jpg,H1,.jpg,500,500,RGB,JPEG,train,0
data/raw/defungi/H1/H1_25a_14.jpg,H1,.jpg,500,500,RGB,JPEG,train,0
data/raw/defungi/H1/H1_25a_16.jpg,H1,.jpg,500,500,RGB,JPEG,train,0
data/raw/defungi/H1/H1_25a_4.jpg,H1,.jpg,500,500,RGB,JPEG,train,0
data/raw/defungi/H1/H1_25a_5.jpg,H1,.jpg,500,500,RGB,JPEG,train,0
data/raw/defungi/H1/H1_25a_7.jpg,H1,.jpg,500,500,RGB,JPEG,train,0
data/raw/defungi/H1/H1_25a_8.jpg,H1,.jpg,500,500,RGB,JPEG,train,0
data/raw/defungi/H1/H1_25a_9.jpg,H1,.jpg,500,500,RGB,JPEG,train,0
data/raw/defungi/H1/H1_25b_1.jpg,H1,.jpg,500,500,RGB,JPEG,train,0
data/raw/defungi/H1/H1_25b_10.jpg,H1,.jpg,500,500,RGB,JPEG,train,0
data/raw/defungi/H1/H1_25b_11.jpg,H1,.jpg,500,500,RGB,JPEG,train,0
data/raw/defungi/H1/H1_25b_2.jpg,H1,.jpg,500,500,RGB,JPEG,train,0
data/raw/defungi/H1/H1_25b_3.jpg,H1,.jpg,500,500,RGB,JPEG,train,0
data/raw/defungi/H1/H1_25b_4.jpg,H1,.jpg,500,500,RGB,JPEG,train,0
data/raw/defungi/H1/H1_25b_5.jpg,H1,.jpg,500,500,RGB,JPEG,train,0
data/raw/defungi/H1/H1_25b_8.jpg,H1,.jpg,500,500,RGB,JPEG,train,0
data/raw/defungi/H1/H1_25b_9.jpg,H1,.jpg,500,500,RGB,JPEG,train,0
data/raw/defungi/H1/H1_25c_1.jpg,H1,.jpg,500,500,RGB,JPEG,train,0
data/raw/defungi/H1/H1_25c_2.jpg,H1,.jpg,500,500,RGB,JPEG,train,0
data/raw/defungi/H1/H1_25c_4.jpg,H1,.jpg,500,500,RGB,JPEG,train,0
data/raw/defungi/H1/H1_25c_5.jpg,H1,.jpg,500,500,RGB,JPEG,train,0
data/raw/defungi/H1/H1_25c_6.jpg,H1,.jpg,500,500,RGB,JPEG,train,0
data/raw/defungi/H1/H1_25c_7.jpg,H1,.jpg,500,500,RGB,JPEG,train,0
data/raw/defungi/H1/H1_25c_9.jpg,H1,.jpg,500,500,RGB,JPEG,train,0
data/raw/defungi/H1/H1_26a_1.jpg,H1,.jpg,500,500,RGB,JPEG,train,0
data/raw/defungi/H1/H1_26a_10.jpg,H1,.jpg,500,500,RGB,JPEG,train,0
data/raw/defungi/H1/H1_26a_11.jpg,H1,.jpg,500,500,RGB,JPEG,train,0
data/raw/defungi/H1/H1_26a_2.jpg,H1,.jpg,500,500,RGB,JPEG,train,0
data/raw/defungi/H1/H1_26a_4.jpg,H1,.jpg,500,500,RGB,JPEG,train,0
data/raw/defungi/H1/H1_26a_5.jpg,H1,.jpg,500,500,RGB,JPEG,train,0
data/raw/defungi/H1/H1_26a_6.jpg,H1,.jpg,500,500,RGB,JPEG,train,0
data/raw/defungi/H1/H1_26a_8.jpg,H1,.jpg,500,500,RGB,JPEG,train,0
data/raw/defungi/H1/H1_26b_2.jpg,H1,.jpg,500,500,RGB,JPEG,train,0
data/raw/defungi/H1/H1_26b_3.jpg,H1,.jpg,500,500,RGB,JPEG,train,0
data/raw/defungi/H1/H1_26b_4.jpg,H1,.jpg,500,500,RGB,JPEG,train,0
data/raw/defungi/H1/H1_27a_1.jpg,H1,.jpg,500,500,RGB,JPEG,train,0
data/raw/defungi/H1/H1_27a_10.jpg,H1,.jpg,500,500,RGB,JPEG,train,0
data/raw/defungi/H1/H1_27a_11.jpg,H1,.jpg,500,500,RGB,JPEG,train,0
data/raw/defungi/H1/H1_27a_12.jpg,H1,.jpg,500,500,RGB,JPEG,train,0
data/raw/defungi/H1/H1_27a_2.jpg,H1,.jpg,500,500,RGB,JPEG,train,0
data/raw/defungi/H1/H1_27a_3.jpg,H1,.jpg,500,500,RGB,JPEG,train,0
data/raw/defungi/H1/H1_27a_4.jpg,H1,.jpg,500,500,RGB,JPEG,train,0
data/raw/defungi/H1/H1_27a_7.jpg,H1,.jpg,500,500,RGB,JPEG,train,0
data/raw/defungi/H1/H1_27a_8.jpg,H1,.jpg,500,500,RGB,JPEG,train,0
data/raw/defungi/H1/H1_27a_9.jpg,H1,.jpg,500,500,RGB,JPEG,train,0
data/raw/defungi/H1/H1_27b_10.jpg,H1,.jpg,500,500,RGB,JPEG,train,0
data/raw/defungi/H1/H1_27b_12.jpg,H1,.jpg,500,500,RGB,JPEG,train,0
data/raw/defungi/H1/H1_27b_13.jpg,H1,.jpg,500,500,RGB,JPEG,train,0
data/raw/defungi/H1/H1_27b_14.jpg,H1,.jpg,500,500,RGB,JPEG,train,0
data/raw/defungi/H1/H1_27b_16.jpg,H1,.jpg,500,500,RGB,JPEG,train,0
data/raw/defungi/H1/H1_27b_3.jpg,H1,.jpg,500,500,RGB,JPEG,train,0
data/raw/defungi/H1/H1_27b_4.jpg,H1,.jpg,500,500,RGB,JPEG,train,0
data/raw/defungi/H1/H1_27b_5.jpg,H1,.jpg,500,500,RGB,JPEG,train,0
data/raw/defungi/H1/H1_27b_6.jpg,H1,.jpg,500,500,RGB,JPEG,train,0
data/raw/defungi/H1/H1_27b_7.jpg,H1,.jpg,500,500,RGB,JPEG,train,0
data/raw/defungi/H1/H1_27b_8.jpg,H1,.jpg,500,500,RGB,JPEG,train,0
data/raw/defungi/H1/H1_27b_9.jpg,H1,.jpg,500,500,RGB,JPEG,train,0
data/raw/defungi/H1/H1_28a_1.jpg,H1,.jpg,500,500,RGB,JPEG,train,0
data/raw/defungi/H1/H1_28a_2.jpg,H1,.jpg,500,500,RGB,JPEG,train,0
data/raw/defungi/H1/H1_28a_3.jpg,H1,.jpg,500,500,RGB,JPEG,train,0
data/raw/defungi/H1/H1_28a_4.jpg,H1,.jpg,500,500,RGB,JPEG,train,0
data/raw/defungi/H1/H1_28a_5.jpg,H1,.jpg,500,500,RGB,JPEG,train,0
data/raw/defungi/H1/H1_28a_7.jpg,H1,.jpg,500,500,RGB,JPEG,train,0
data/raw/defungi/H1/H1_28a_8.jpg,H1,.jpg,500,500,RGB,JPEG,train,0
data/raw/defungi/H1/H1_28a_9.jpg,H1,.jpg,500,500,RGB,JPEG,train,0
data/raw/defungi/H1/H1_28b_1.jpg,H1,.jpg,500,500,RGB,JPEG,train,0
data/raw/defungi/H1/H1_28b_2.jpg,H1,.jpg,500,500,RGB,JPEG,train,0
data/raw/defungi/H1/H1_28b_5.jpg,H1,.jpg,500,500,RGB,JPEG,train,0
data/raw/defungi/H1/H1_28b_6.jpg,H1,.jpg,500,500,RGB,JPEG,train,0
data/raw/defungi/H1/H1_28b_7.jpg,H1,.jpg,500,500,RGB,JPEG,train,0
data/raw/defungi/H1/H1_28b_8.jpg,H1,.jpg,500,500,RGB,JPEG,train,0
data/raw/defungi/H1/H1_28b_9.jpg,H1,.jpg,500,500,RGB,JPEG,train,0
data/raw/defungi/H1/H1_28c_1.jpg,H1,.jpg,500,500,RGB,JPEG,train,0
data/raw/defungi/H1/H1_28c_2.jpg,H1,.jpg,500,500,RGB,JPEG,train,0
data/raw/defungi/H1/H1_28c_3.jpg,H1,.jpg,500,500,RGB,JPEG,train,0
data/raw/defungi/H1/H1_28c_4.jpg,H1,.jpg,500,500,RGB,JPEG,train,0
data/raw/defungi/H1/H1_28c_5.jpg,H1,.jpg,500,500,RGB,JPEG,train,0
data/raw/defungi/H1/H1_28c_6.jpg,H1,.jpg,500,500,RGB,JPEG,train,0
data/raw/defungi/H1/H1_28c_8.jpg,H1,.jpg,500,500,RGB,JPEG,train,0
data/raw/defungi/H1/H1_29a_1.jpg,H1,.jpg,500,500,RGB,JPEG,train,0
data/raw/defungi/H1/H1_29a_10.jpg,H1,.jpg,500,500,RGB,JPEG,train,0
data/raw/defungi/H1/H1_29a_12.jpg,H1,.jpg,500,500,RGB,JPEG,train,0
data/raw/defungi/H1/H1_29a_13.jpg,H1,.jpg,500,500,RGB,JPEG,train,0
data/raw/defungi/H1/H1_29a_14.jpg,H1,.jpg,500,500,RGB,JPEG,train,0
data/raw/defungi/H1/H1_29a_15.jpg,H1,.jpg,500,500,RGB,JPEG,train,0
data/raw/defungi/H1/H1_29a_16.jpg,H1,.jpg,500,500,RGB,JPEG,train,0
data/raw/defungi/H1/H1_29a_2.jpg,H1,.jpg,500,500,RGB,JPEG,train,0
data/raw/defungi/H1/H1_29a_4.jpg,H1,.jpg,500,500,RGB,JPEG,train,0
data/raw/defungi/H1/H1_29a_5.jpg,H1,.jpg,500,500,RGB,JPEG,train,0
data/raw/defungi/H1/H1_29a_6.jpg,H1,.jpg,500,500,RGB,JPEG,train,0
data/raw/defungi/H1/H1_29a_7.jpg,H1,.jpg,500,500,RGB,JPEG,train,0
data/raw/defungi/H1/H1_29a_9.jpg,H1,.jpg,500,500,RGB,JPEG,train,0
data/raw/defungi/H1/H1_29b_1.jpg,H1,.jpg,500,500,RGB,JPEG,train,0
data/raw/defungi/H1/H1_29b_2.jpg,H1,.jpg,500,500,RGB,JPEG,train,0
data/raw/defungi/H1/H1_29b_3.jpg,H1,.jpg,500,500,RGB,JPEG,train,0
data/raw/defungi/H1/H1_29b_4.jpg,H1,.jpg,500,500,RGB,JPEG,train,0
data/raw/defungi/H1/H1_29b_5.jpg,H1,.jpg,500,500,RGB,JPEG,train,0
data/raw/defungi/H1/H1_29b_6.jpg,H1,.jpg,500,500,RGB,JPEG,train,0
data/raw/defungi/H1/H1_29b_7.jpg,H1,.jpg,500,500,RGB,JPEG,train,0
data/raw/defungi/H1/H1_29b_8.jpg,H1,.jpg,500,500,RGB,JPEG,train,0
data/raw/defungi/H1/H1_29b_9.jpg,H1,.jpg,500,500,RGB,JPEG,train,0
data/raw/defungi/H1/H1_29c_1.jpg,H1,.jpg,500,500,RGB,JPEG,train,0
data/raw/defungi/H1/H1_29c_10.jpg,H1,.jpg,500,500,RGB,JPEG,train,0
data/raw/defungi/H1/H1_29c_12.jpg,H1,.jpg,500,500,RGB,JPEG,train,0
data/raw/defungi/H1/H1_29c_14.jpg,H1,.jpg,500,500,RGB,JPEG,train,0
data/raw/defungi/H1/H1_29c_15.jpg,H1,.jpg,500,500,RGB,JPEG,train,0
data/raw/defungi/H1/H1_29c_16.jpg,H1,.jpg,500,500,RGB,JPEG,train,0
data/raw/defungi/H1/H1_29c_18.jpg,H1,.jpg,500,500,RGB,JPEG,train,0
data/raw/defungi/H1/H1_29c_19.jpg,H1,.jpg,500,500,RGB,JPEG,train,0
data/raw/defungi/H1/H1_29c_2.jpg,H1,.jpg,500,500,RGB,JPEG,train,0
data/raw/defungi/H1/H1_29c_20.jpg,H1,.jpg,500,500,RGB,JPEG,train,0
data/raw/defungi/H1/H1_29c_6.jpg,H1,.jpg,500,500,RGB,JPEG,train,0
data/raw/defungi/H1/H1_29c_8.jpg,H1,.jpg,500,500,RGB,JPEG,train,0
data/raw/defungi/H1/H1_29c_9.jpg,H1,.jpg,500,500,RGB,JPEG,train,0
data/raw/defungi/H1/H1_2a_1.jpg,H1,.jpg,500,500,RGB,JPEG,train,0
data/raw/defungi/H1/H1_2a_10.jpg,H1,.jpg,500,500,RGB,JPEG,train,0
data/raw/defungi/H1/H1_2a_12.jpg,H1,.jpg,500,500,RGB,JPEG,train,0
data/raw/defungi/H1/H1_2a_13.jpg,H1,.jpg,500,500,RGB,JPEG,train,0
data/raw/defungi/H1/H1_2a_15.jpg,H1,.jpg,500,500,RGB,JPEG,train,0
data/raw/defungi/H1/H1_2a_16.jpg,H1,.jpg,500,500,RGB,JPEG,train,0
data/raw/defungi/H1/H1_2a_18.jpg,H1,.jpg,500,500,RGB,JPEG,train,0
data/raw/defungi/H1/H1_2a_19.jpg,H1,.jpg,500,500,RGB,JPEG,train,0
data/raw/defungi/H1/H1_2a_2.jpg,H1,.jpg,500,500,RGB,JPEG,train,0
data/raw/defungi/H1/H1_2a_20.jpg,H1,.jpg,500,500,RGB,JPEG,train,0
data/raw/defungi/H1/H1_2a_4.jpg,H1,.jpg,500,500,RGB,JPEG,train,0
data/raw/defungi/H1/H1_2a_5.jpg,H1,.jpg,500,500,RGB,JPEG,train,0
data/raw/defungi/H1/H1_2a_8.jpg,H1,.jpg,500,500,RGB,JPEG,train,0
data/raw/defungi/H1/H1_2b_1.jpg,H1,.jpg,500,500,RGB,JPEG,train,0
data/raw/defungi/H1/H1_2b_10.jpg,H1,.jpg,500,500,RGB,JPEG,train,0
data/raw/defungi/H1/H1_2b_11.jpg,H1,.jpg,500,500,RGB,JPEG,train,0
data/raw/defungi/H1/H1_2b_12.jpg,H1,.jpg,500,500,RGB,JPEG,train,0
data/raw/defungi/H1/H1_2b_14.jpg,H1,.jpg,500,500,RGB,JPEG,train,0
data/raw/defungi/H1/H1_2b_15.jpg,H1,.jpg,500,500,RGB,JPEG,train,0
data/raw/defungi/H1/H1_2b_16.jpg,H1,.jpg,500,500,RGB,JPEG,train,0
data/raw/defungi/H1/H1_2b_17.jpg,H1,.jpg,500,500,RGB,JPEG,train,0
data/raw/defungi/H1/H1_2b_18.jpg,H1,.jpg,500,500,RGB,JPEG,train,0
data/raw/defungi/H1/H1_2b_19.jpg,H1,.jpg,500,500,RGB,JPEG,train,0
data/raw/defungi/H1/H1_2b_2.jpg,H1,.jpg,500,500,RGB,JPEG,train,0
data/raw/defungi/H1/H1_2b_20.jpg,H1,.jpg,500,500,RGB,JPEG,train,0
data/raw/defungi/H1/H1_2b_21.jpg,H1,.jpg,500,500,RGB,JPEG,train,0
data/raw/defungi/H1/H1_2b_22.jpg,H1,.jpg,500,500,RGB,JPEG,train,0
data/raw/defungi/H1/H1_2b_23.jpg,H1,.jpg,500,500,RGB,JPEG,train,0
data/raw/defungi/H1/H1_2b_24.jpg,H1,.jpg,500,500,RGB,JPEG,train,0
data/raw/defungi/H1/H1_2b_3.jpg,H1,.jpg,500,500,RGB,JPEG,train,0
data/raw/defungi/H1/H1_2b_4.jpg,H1,.jpg,500,500,RGB,JPEG,train,0
data/raw/defungi/H1/H1_2b_5.jpg,H1,.jpg,500,500,RGB,JPEG,train,0
data/raw/defungi/H1/H1_2b_7.jpg,H1,.jpg,500,500,RGB,JPEG,train,0
data/raw/defungi/H1/H1_2b_8.jpg,H1,.jpg,500,500,RGB,JPEG,train,0
data/raw/defungi/H1/H1_30a_1.jpg,H1,.jpg,500,500,RGB,JPEG,train,0
data/raw/defungi/H1/H1_30a_2.jpg,H1,.jpg,500,500,RGB,JPEG,train,0
data/raw/defungi/H1/H1_30a_3.jpg,H1,.jpg,500,500,RGB,JPEG,train,0
data/raw/defungi/H1/H1_30a_4.jpg,H1,.jpg,500,500,RGB,JPEG,train,0
data/raw/defungi/H1/H1_30a_5.jpg,H1,.jpg,500,500,RGB,JPEG,train,0
data/raw/defungi/H1/H1_30a_6.jpg,H1,.jpg,500,500,RGB,JPEG,train,0
data/raw/defungi/H1/H1_30b_10.jpg,H1,.jpg,500,500,RGB,JPEG,train,0
data/raw/defungi/H1/H1_30b_12.jpg,H1,.jpg,500,500,RGB,JPEG,train,0
data/raw/defungi/H1/H1_30b_13.jpg,H1,.jpg,500,500,RGB,JPEG,train,0
data/raw/defungi/H1/H1_30b_14.jpg,H1,.jpg,500,500,RGB,JPEG,train,0
data/raw/defungi/H1/H1_30b_15.jpg,H1,.jpg,500,500,RGB,JPEG,train,0
data/raw/defungi/H1/H1_30b_16.jpg,H1,.jpg,500,500,RGB,JPEG,train,0
data/raw/defungi/H1/H1_30b_2.jpg,H1,.jpg,500,500,RGB,JPEG,train,0
data/raw/defungi/H1/H1_30b_3.jpg,H1,.jpg,500,500,RGB,JPEG,train,0
data/raw/defungi/H1/H1_30b_4.jpg,H1,.jpg,500,500,RGB,JPEG,train,0
data/raw/defungi/H1/H1_30b_8.jpg,H1,.jpg,500,500,RGB,JPEG,train,0
data/raw/defungi/H1/H1_30b_9.jpg,H1,.jpg,500,500,RGB,JPEG,train,0
data/raw/defungi/H1/H1_30c_1.jpg,H1,.jpg,500,500,RGB,JPEG,train,0
data/raw/defungi/H1/H1_30c_10.jpg,H1,.jpg,500,500,RGB,JPEG,train,0
data/raw/defungi/H1/H1_30c_11.jpg,H1,.jpg,500,500,RGB,JPEG,train,0
data/raw/defungi/H1/H1_30c_14.jpg,H1,.jpg,500,500,RGB,JPEG,train,0
data/raw/defungi/H1/H1_30c_15.jpg,H1,.jpg,500,500,RGB,JPEG,train,0
data/raw/defungi/H1/H1_30c_16.jpg,H1,.jpg,500,500,RGB,JPEG,train,0
data/raw/defungi/H1/H1_30c_17.jpg,H1,.jpg,500,500,RGB,JPEG,train,0
data/raw/defungi/H1/H1_30c_18.jpg,H1,.jpg,500,500,RGB,JPEG,train,0
data/raw/defungi/H1/H1_30c_2.jpg,H1,.jpg,500,500,RGB,JPEG,train,0
data/raw/defungi/H1/H1_30c_20.jpg,H1,.jpg,500,500,RGB,JPEG,train,0
data/raw/defungi/H1/H1_30c_21.jpg,H1,.jpg,500,500,RGB,JPEG,train,0
data/raw/defungi/H1/H1_30c_22.jpg,H1,.jpg,500,500,RGB,JPEG,train,0
data/raw/defungi/H1/H1_30c_23.jpg,H1,.jpg,500,500,RGB,JPEG,train,0
data/raw/defungi/H1/H1_30c_24.jpg,H1,.jpg,500,500,RGB,JPEG,train,0
data/raw/defungi/H1/H1_30c_25.jpg,H1,.jpg,500,500,RGB,JPEG,train,0
data/raw/defungi/H1/H1_30c_3.jpg,H1,.jpg,500,500,RGB,JPEG,train,0
data/raw/defungi/H1/H1_30c_4.jpg,H1,.jpg,500,500,RGB,JPEG,train,0
data/raw/defungi/H1/H1_30c_5.jpg,H1,.jpg,500,500,RGB,JPEG,train,0
data/raw/defungi/H1/H1_30c_6.jpg,H1,.jpg,500,500,RGB,JPEG,train,0
data/raw/defungi/H1/H1_30c_7.jpg,H1,.jpg,500,500,RGB,JPEG,train,0
data/raw/defungi/H1/H1_30c_9.jpg,H1,.jpg,500,500,RGB,JPEG,train,0
data/raw/defungi/H1/H1_31a_11.jpg,H1,.jpg,500,500,RGB,JPEG,train,0
data/raw/defungi/H1/H1_31a_14.jpg,H1,.jpg,500,500,RGB,JPEG,train,0
data/raw/defungi/H1/H1_31a_15.jpg,H1,.jpg,500,500,RGB,JPEG,train,0
data/raw/defungi/H1/H1_31a_16.jpg,H1,.jpg,500,500,RGB,JPEG,train,0
data/raw/defungi/H1/H1_31a_17.jpg,H1,.jpg,500,500,RGB,JPEG,train,0
data/raw/defungi/H1/H1_31a_18.jpg,H1,.jpg,500,500,RGB,JPEG,train,0
data/raw/defungi/H1/H1_31a_19.jpg,H1,.jpg,500,500,RGB,JPEG,train,0
data/raw/defungi/H1/H1_31a_20.jpg,H1,.jpg,500,500,RGB,JPEG,train,0
data/raw/defungi/H1/H1_31a_21.jpg,H1,.jpg,500,500,RGB,JPEG,train,0
data/raw/defungi/H1/H1_31a_22.jpg,H1,.jpg,500,500,RGB,JPEG,train,0
data/raw/defungi/H1/H1_31a_24.jpg,H1,.jpg,500,500,RGB,JPEG,train,0
data/raw/defungi/H1/H1_31a_25.jpg,H1,.jpg,500,500,RGB,JPEG,train,0
data/raw/defungi/H1/H1_31a_3.jpg,H1,.jpg,500,500,RGB,JPEG,train,0
data/raw/defungi/H1/H1_31a_4.jpg,H1,.jpg,500,500,RGB,JPEG,train,0
data/raw/defungi/H1/H1_31a_5.jpg,H1,.jpg,500,500,RGB,JPEG,train,0
data/raw/defungi/H1/H1_31a_6.jpg,H1,.jpg,500,500,RGB,JPEG,train,0
data/raw/defungi/H1/H1_31a_7.jpg,H1,.jpg,500,500,RGB,JPEG,train,0
data/raw/defungi/H1/H1_31a_8.jpg,H1,.jpg,500,500,RGB,JPEG,train,0
data/raw/defungi/H1/H1_31a_9.jpg,H1,.jpg,500,500,RGB,JPEG,train,0
data/raw/defungi/H1/H1_31b_1.jpg,H1,.jpg,500,500,RGB,JPEG,train,0
data/raw/defungi/H1/H1_31b_10.jpg,H1,.jpg,500,500,RGB,JPEG,train,0
data/raw/defungi/H1/H1_31b_12.jpg,H1,.jpg,500,500,RGB,JPEG,train,0
data/raw/defungi/H1/H1_31b_13.jpg,H1,.jpg,500,500,RGB,JPEG,train,0
data/raw/defungi/H1/H1_31b_14.jpg,H1,.jpg,500,500,RGB,JPEG,train,0
data/raw/defungi/H1/H1_31b_15.jpg,H1,.jpg,500,500,RGB,JPEG,train,0
data/raw/defungi/H1/H1_31b_16.jpg,H1,.jpg,500,500,RGB,JPEG,train,0
data/raw/defungi/H1/H1_31b_5.jpg,H1,.jpg,500,500,RGB,JPEG,train,0
data/raw/defungi/H1/H1_31b_6.jpg,H1,.jpg,500,500,RGB,JPEG,train,0
data/raw/defungi/H1/H1_31b_7.jpg,H1,.jpg,500,500,RGB,JPEG,train,0
data/raw/defungi/H1/H1_31b_8.jpg,H1,.jpg,500,500,RGB,JPEG,train,0
data/raw/defungi/H1/H1_31b_9.jpg,H1,.jpg,500,500,RGB,JPEG,train,0
data/raw/defungi/H1/H1_32a_1.jpg,H1,.jpg,500,500,RGB,JPEG,train,0
data/raw/defungi/H1/H1_32a_2.jpg,H1,.jpg,500,500,RGB,JPEG,train,0
data/raw/defungi/H1/H1_32a_3.jpg,H1,.jpg,500,500,RGB,JPEG,train,0
data/raw/defungi/H1/H1_32a_4.jpg,H1,.jpg,500,500,RGB,JPEG,train,0
data/raw/defungi/H1/H1_32a_5.jpg,H1,.jpg,500,500,RGB,JPEG,train,0
data/raw/defungi/H1/H1_32a_6.jpg,H1,.jpg,500,500,RGB,JPEG,train,0
data/raw/defungi/H1/H1_32a_8.jpg,H1,.jpg,500,500,RGB,JPEG,train,0
data/raw/defungi/H1/H1_33a_1.jpg,H1,.jpg,500,500,RGB,JPEG,train,0
data/raw/defungi/H1/H1_33a_10.jpg,H1,.jpg,500,500,RGB,JPEG,train,0
data/raw/defungi/H1/H1_33a_11.jpg,H1,.jpg,500,500,RGB,JPEG,train,0
data/raw/defungi/H1/H1_33a_12.jpg,H1,.jpg,500,500,RGB,JPEG,train,0
data/raw/defungi/H1/H1_33a_13.jpg,H1,.jpg,500,500,RGB,JPEG,train,0
data/raw/defungi/H1/H1_33a_15.jpg,H1,.jpg,500,500,RGB,JPEG,train,0
data/raw/defungi/H1/H1_33a_16.jpg,H1,.jpg,500,500,RGB,JPEG,train,0
data/raw/defungi/H1/H1_33a_2.jpg,H1,.jpg,500,500,RGB,JPEG,train,0
data/raw/defungi/H1/H1_33a_6.jpg,H1,.jpg,500,500,RGB,JPEG,train,0
data/raw/defungi/H1/H1_33a_8.jpg,H1,.jpg,500,500,RGB,JPEG,train,0
data/raw/defungi/H1/H1_34a_10.jpg,H1,.jpg,500,500,RGB,JPEG,train,0
data/raw/defungi/H1/H1_34a_11.jpg,H1,.jpg,500,500,RGB,JPEG,train,0
data/raw/defungi/H1/H1_34a_13.jpg,H1,.jpg,500,500,RGB,JPEG,train,0
data/raw/defungi/H1/H1_34a_14.jpg,H1,.jpg,500,500,RGB,JPEG,train,0
data/raw/defungi/H1/H1_34a_15.jpg,H1,.jpg,500,500,RGB,JPEG,train,0
data/raw/defungi/H1/H1_34a_16.jpg,H1,.jpg,500,500,RGB,JPEG,train,0
data/raw/defungi/H1/H1_34a_2.jpg,H1,.jpg,500,500,RGB,JPEG,train,0
data/raw/defungi/H1/H1_34a_5.jpg,H1,.jpg,500,500,RGB,JPEG,train,0
data/raw/defungi/H1/H1_34a_8.jpg,H1,.jpg,500,500,RGB,JPEG,train,0
data/raw/defungi/H1/H1_34a_9.jpg,H1,.jpg,500,500,RGB,JPEG,train,0
data/raw/defungi/H1/H1_34b_1.jpg,H1,.jpg,500,500,RGB,JPEG,train,0
data/raw/defungi/H1/H1_34b_2.jpg,H1,.jpg,500,500,RGB,JPEG,train,0
data/raw/defungi/H1/H1_34b_4.jpg,H1,.jpg,500,500,RGB,JPEG,train,0
data/raw/defungi/H1/H1_35a_1.jpg,H1,.jpg,500,500,RGB,JPEG,train,0
data/raw/defungi/H1/H1_35a_2.jpg,H1,.jpg,500,500,RGB,JPEG,train,0
data/raw/defungi/H1/H1_35a_4.jpg,H1,.jpg,500,500,RGB,JPEG,train,0
data/raw/defungi/H1/H1_35b_1.jpg,H1,.jpg,500,500,RGB,JPEG,train,0
data/raw/defungi/H1/H1_35b_2.jpg,H1,.jpg,500,500,RGB,JPEG,train,0
data/raw/defungi/H1/H1_35b_3.jpg,H1,.jpg,500,500,RGB,JPEG,train,0
data/raw/defungi/H1/H1_36a_2.jpg,H1,.jpg,500,500,RGB,JPEG,train,0
data/raw/defungi/H1/H1_36a_3.jpg,H1,.jpg,500,500,RGB,JPEG,train,0
data/raw/defungi/H1/H1_36a_4.jpg,H1,.jpg,500,500,RGB,JPEG,train,0
data/raw/defungi/H1/H1_36a_7.jpg,H1,.jpg,500,500,RGB,JPEG,train,0
data/raw/defungi/H1/H1_36a_8.jpg,H1,.jpg,500,500,RGB,JPEG,train,0
data/raw/defungi/H1/H1_36a_9.jpg,H1,.jpg,500,500,RGB,JPEG,train,0
data/raw/defungi/H1/H1_36b_2.jpg,H1,.jpg,500,500,RGB,JPEG,train,0
data/raw/defungi/H1/H1_36b_3.jpg,H1,.jpg,500,500,RGB,JPEG,train,0
data/raw/defungi/H1/H1_37a_1.jpg,H1,.jpg,500,500,RGB,JPEG,train,0
data/raw/defungi/H1/H1_37b_1.jpg,H1,.jpg,500,500,RGB,JPEG,train,0
data/raw/defungi/H1/H1_37b_4.jpg,H1,.jpg,500,500,RGB,JPEG,train,0
data/raw/defungi/H1/H1_37b_8.jpg,H1,.jpg,500,500,RGB,JPEG,train,0
data/raw/defungi/H1/H1_37b_9.jpg,H1,.jpg,500,500,RGB,JPEG,train,0
data/raw/defungi/H1/H1_38a_1.jpg,H1,.jpg,500,500,RGB,JPEG,train,0
data/raw/defungi/H1/H1_38a_2.jpg,H1,.jpg,500,500,RGB,JPEG,train,0
data/raw/defungi/H1/H1_38b_1.jpg,H1,.jpg,500,500,RGB,JPEG,train,0
data/raw/defungi/H1/H1_38b_2.jpg,H1,.jpg,500,500,RGB,JPEG,train,0
data/raw/defungi/H1/H1_38b_4.jpg,H1,.jpg,500,500,RGB,JPEG,train,0
data/raw/defungi/H1/H1_38b_5.jpg,H1,.jpg,500,500,RGB,JPEG,train,0
data/raw/defungi/H1/H1_38b_7.jpg,H1,.jpg,500,500,RGB,JPEG,train,0
data/raw/defungi/H1/H1_38b_9.jpg,H1,.jpg,500,500,RGB,JPEG,train,0
data/raw/defungi/H1/H1_38c_1.jpg,H1,.jpg,500,500,RGB,JPEG,train,0
data/raw/defungi/H1/H1_38c_2.jpg,H1,.jpg,500,500,RGB,JPEG,train,0
data/raw/defungi/H1/H1_38c_3.jpg,H1,.jpg,500,500,RGB,JPEG,train,0
data/raw/defungi/H1/H1_38c_4.jpg,H1,.jpg,500,500,RGB,JPEG,train,0
data/raw/defungi/H1/H1_38c_6.jpg,H1,.jpg,500,500,RGB,JPEG,train,0
data/raw/defungi/H1/H1_38c_7.jpg,H1,.jpg,500,500,RGB,JPEG,train,0
data/raw/defungi/H1/H1_38c_8.jpg,H1,.jpg,500,500,RGB,JPEG,train,0
data/raw/defungi/H1/H1_38c_9.jpg,H1,.jpg,500,500,RGB,JPEG,train,0
data/raw/defungi/H1/H1_38d_1.jpg,H1,.jpg,500,500,RGB,JPEG,train,0
data/raw/defungi/H1/H1_38d_2.jpg,H1,.jpg,500,500,RGB,JPEG,train,0
data/raw/defungi/H1/H1_38d_3.jpg,H1,.jpg,500,500,RGB,JPEG,train,0
data/raw/defungi/H1/H1_38d_5.jpg,H1,.jpg,500,500,RGB,JPEG,train,0
data/raw/defungi/H1/H1_38d_6.jpg,H1,.jpg,500,500,RGB,JPEG,train,0
data/raw/defungi/H1/H1_38d_7.jpg,H1,.jpg,500,500,RGB,JPEG,train,0
data/raw/defungi/H1/H1_38d_9.jpg,H1,.jpg,500,500,RGB,JPEG,train,0
data/raw/defungi/H1/H1_39a_1.jpg,H1,.jpg,500,500,RGB,JPEG,train,0
data/raw/defungi/H1/H1_39a_3.jpg,H1,.jpg,500,500,RGB,JPEG,train,0
data/raw/defungi/H1/H1_39a_5.jpg,H1,.jpg,500,500,RGB,JPEG,train,0
data/raw/defungi/H1/H1_39a_6.jpg,H1,.jpg,500,500,RGB,JPEG,train,0
data/raw/defungi/H1/H1_39a_7.jpg,H1,.jpg,500,500,RGB,JPEG,train,0
data/raw/defungi/H1/H1_39a_8.jpg,H1,.jpg,500,500,RGB,JPEG,train,0
data/raw/defungi/H1/H1_39a_9.jpg,H1,.jpg,500,500,RGB,JPEG,train,0
data/raw/defungi/H1/H1_39b_1.jpg,H1,.jpg,500,500,RGB,JPEG,train,0
data/raw/defungi/H1/H1_39b_10.jpg,H1,.jpg,500,500,RGB,JPEG,train,0
data/raw/defungi/H1/H1_39b_11.jpg,H1,.jpg,500,500,RGB,JPEG,train,0
data/raw/defungi/H1/H1_39b_14.jpg,H1,.jpg,500,500,RGB,JPEG,train,0
data/raw/defungi/H1/H1_39b_15.jpg,H1,.jpg,500,500,RGB,JPEG,train,0
data/raw/defungi/H1/H1_39b_16.jpg,H1,.jpg,500,500,RGB,JPEG,train,0
data/raw/defungi/H1/H1_39b_2.jpg,H1,.jpg,500,500,RGB,JPEG,train,0
data/raw/defungi/H1/H1_39b_3.jpg,H1,.jpg,500,500,RGB,JPEG,train,0
data/raw/defungi/H1/H1_39b_4.jpg,H1,.jpg,500,500,RGB,JPEG,train,0
data/raw/defungi/H1/H1_39b_5.jpg,H1,.jpg,500,500,RGB,JPEG,train,0
data/raw/defungi/H1/H1_39b_6.jpg,H1,.jpg,500,500,RGB,JPEG,train,0
data/raw/defungi/H1/H1_39b_7.jpg,H1,.jpg,500,500,RGB,JPEG,train,0
data/raw/defungi/H1/H1_39b_8.jpg,H1,.jpg,500,500,RGB,JPEG,train,0
data/raw/defungi/H1/H1_39b_9.jpg,H1,.jpg,500,500,RGB,JPEG,train,0
data/raw/defungi/H1/H1_3a_1.jpg,H1,.jpg,500,500,RGB,JPEG,train,0
data/raw/defungi/H1/H1_3a_10.jpg,H1,.jpg,500,500,RGB,JPEG,train,0
data/raw/defungi/H1/H1_3a_11.jpg,H1,.jpg,500,500,RGB,JPEG,train,0
data/raw/defungi/H1/H1_3a_12.jpg,H1,.jpg,500,500,RGB,JPEG,train,0
data/raw/defungi/H1/H1_3a_13.jpg,H1,.jpg,500,500,RGB,JPEG,train,0
data/raw/defungi/H1/H1_3a_14.jpg,H1,.jpg,500,500,RGB,JPEG,train,0
data/raw/defungi/H1/H1_3a_15.jpg,H1,.jpg,500,500,RGB,JPEG,train,0
data/raw/defungi/H1/H1_3a_2.jpg,H1,.jpg,500,500,RGB,JPEG,train,0
data/raw/defungi/H1/H1_3a_4.jpg,H1,.jpg,500,500,RGB,JPEG,train,0
data/raw/defungi/H1/H1_3a_6.jpg,H1,.jpg,500,500,RGB,JPEG,train,0
data/raw/defungi/H1/H1_3a_8.jpg,H1,.jpg,500,500,RGB,JPEG,train,0
data/raw/defungi/H1/H1_3b_1.jpg,H1,.jpg,500,500,RGB,JPEG,train,0
data/raw/defungi/H1/H1_3b_10.jpg,H1,.jpg,500,500,RGB,JPEG,train,0
data/raw/defungi/H1/H1_3b_11.jpg,H1,.jpg,500,500,RGB,JPEG,train,0
data/raw/defungi/H1/H1_3b_12.jpg,H1,.jpg,500,500,RGB,JPEG,train,0
data/raw/defungi/H1/H1_3b_13.jpg,H1,.jpg,500,500,RGB,JPEG,train,0
data/raw/defungi/H1/H1_3b_14.jpg,H1,.jpg,500,500,RGB,JPEG,train,0
data/raw/defungi/H1/H1_3b_15.jpg,H1,.jpg,500,500,RGB,JPEG,train,0
data/raw/defungi/H1/H1_3b_2.jpg,H1,.jpg,500,500,RGB,JPEG,train,0
data/raw/defungi/H1/H1_3b_3.jpg,H1,.jpg,500,500,RGB,JPEG,train,0
data/raw/defungi/H1/H1_3b_4.jpg,H1,.jpg,500,500,RGB,JPEG,train,0
data/raw/defungi/H1/H1_3b_8.jpg,H1,.jpg,500,500,RGB,JPEG,train,0
data/raw/defungi/H1/H1_3b_9.jpg,H1,.jpg,500,500,RGB,JPEG,train,0
data/raw/defungi/H1/H1_40a_1.jpg,H1,.jpg,500,500,RGB,JPEG,train,0
data/raw/defungi/H1/H1_40a_2.jpg,H1,.jpg,500,500,RGB,JPEG,train,0
data/raw/defungi/H1/H1_40a_3.jpg,H1,.jpg,500,500,RGB,JPEG,train,0
data/raw/defungi/H1/H1_40a_4.jpg,H1,.jpg,500,500,RGB,JPEG,train,0
data/raw/defungi/H1/H1_40a_7.jpg,H1,.jpg,500,500,RGB,JPEG,train,0
data/raw/defungi/H1/H1_40a_8.jpg,H1,.jpg,500,500,RGB,JPEG,train,0
data/raw/defungi/H1/H1_40b_1.jpg,H1,.jpg,500,500,RGB,JPEG,train,0
data/raw/defungi/H1/H1_40b_2.jpg,H1,.jpg,500,500,RGB,JPEG,train,0
data/raw/defungi/H1/H1_40b_3.jpg,H1,.jpg,500,500,RGB,JPEG,train,0
data/raw/defungi/H1/H1_40b_4.jpg,H1,.jpg,500,500,RGB,JPEG,train,0
data/raw/defungi/H1/H1_40b_6.jpg,H1,.jpg,500,500,RGB,JPEG,train,0
data/raw/defungi/H1/H1_40b_8.jpg,H1,.jpg,500,500,RGB,JPEG,train,0
data/raw/defungi/H1/H1_40c_1.jpg,H1,.jpg,500,500,RGB,JPEG,train,0
data/raw/defungi/H1/H1_40c_2.jpg,H1,.jpg,500,500,RGB,JPEG,train,0
data/raw/defungi/H1/H1_40c_3.jpg,H1,.jpg,500,500,RGB,JPEG,train,0
data/raw/defungi/H1/H1_40c_4.jpg,H1,.jpg,500,500,RGB,JPEG,train,0
data/raw/defungi/H1/H1_40c_5.jpg,H1,.jpg,500,500,RGB,JPEG,train,0
data/raw/defungi/H1/H1_40c_6.jpg,H1,.jpg,500,500,RGB,JPEG,train,0
data/raw/defungi/H1/H1_40c_7.jpg,H1,.jpg,500,500,RGB,JPEG,train,0
data/raw/defungi/H1/H1_40c_9.jpg,H1,.jpg,500,500,RGB,JPEG,train,0
data/raw/defungi/H1/H1_41a_1.jpg,H1,.jpg,500,500,RGB,JPEG,train,0
data/raw/defungi/H1/H1_41a_10.jpg,H1,.jpg,500,500,RGB,JPEG,train,0
data/raw/defungi/H1/H1_41a_12.jpg,H1,.jpg,500,500,RGB,JPEG,train,0
data/raw/defungi/H1/H1_41a_13.jpg,H1,.jpg,500,500,RGB,JPEG,train,0
data/raw/defungi/H1/H1_41a_14.jpg,H1,.jpg,500,500,RGB,JPEG,train,0
data/raw/defungi/H1/H1_41a_16.jpg,H1,.jpg,500,500,RGB,JPEG,train,0
data/raw/defungi/H1/H1_41a_2.jpg,H1,.jpg,500,500,RGB,JPEG,train,0
data/raw/defungi/H1/H1_41a_3.jpg,H1,.jpg,500,500,RGB,JPEG,train,0
data/raw/defungi/H1/H1_41a_4.jpg,H1,.jpg,500,500,RGB,JPEG,train,0
data/raw/defungi/H1/H1_41a_5.jpg,H1,.jpg,500,500,RGB,JPEG,train,0
data/raw/defungi/H1/H1_41a_7.jpg,H1,.jpg,500,500,RGB,JPEG,train,0
data/raw/defungi/H1/H1_41a_8.jpg,H1,.jpg,500,500,RGB,JPEG,train,0
data/raw/defungi/H1/H1_41b_1.jpg,H1,.jpg,500,500,RGB,JPEG,train,0
data/raw/defungi/H1/H1_41b_3.jpg,H1,.jpg,500,500,RGB,JPEG,train,0
data/raw/defungi/H1/H1_41b_6.jpg,H1,.jpg,500,500,RGB,JPEG,train,0
data/raw/defungi/H1/H1_42a_1.jpg,H1,.jpg,500,500,RGB,JPEG,train,0
data/raw/defungi/H1/H1_42a_4.jpg,H1,.jpg,500,500,RGB,JPEG,train,0
data/raw/defungi/H1/H1_42a_5.jpg,H1,.jpg,500,500,RGB,JPEG,train,0
data/raw/defungi/H1/H1_42a_6.jpg,H1,.jpg,500,500,RGB,JPEG,train,0
data/raw/defungi/H1/H1_42a_7.jpg,H1,.jpg,500,500,RGB,JPEG,train,0
data/raw/defungi/H1/H1_42a_8.jpg,H1,.jpg,500,500,RGB,JPEG,train,0
data/raw/defungi/H1/H1_42b_1.jpg,H1,.jpg,500,500,RGB,JPEG,train,0
data/raw/defungi/H1/H1_42b_11.jpg,H1,.jpg,500,500,RGB,JPEG,train,0
data/raw/defungi/H1/H1_42b_2.jpg,H1,.jpg,500,500,RGB,JPEG,train,0
data/raw/defungi/H1/H1_42b_3.jpg,H1,.jpg,500,500,RGB,JPEG,train,0
data/raw/defungi/H1/H1_42b_5.jpg,H1,.jpg,500,500,RGB,JPEG,train,0
data/raw/defungi/H1/H1_42b_7.jpg,H1,.jpg,500,500,RGB,JPEG,train,0
data/raw/defungi/H1/H1_42b_8.jpg,H1,.jpg,500,500,RGB,JPEG,train,0
data/raw/defungi/H1/H1_42b_9.jpg,H1,.jpg,500,500,RGB,JPEG,train,0
data/raw/defungi/H1/H1_42c_1.jpg,H1,.jpg,500,500,RGB,JPEG,train,0
data/raw/defungi/H1/H1_42c_11.jpg,H1,.jpg,500,500,RGB,JPEG,train,0
data/raw/defungi/H1/H1_42c_12.jpg,H1,.jpg,500,500,RGB,JPEG,train,0
data/raw/defungi/H1/H1_42c_6.jpg,H1,.jpg,500,500,RGB,JPEG,train,0
data/raw/defungi/H1/H1_42c_7.jpg,H1,.jpg,500,500,RGB,JPEG,train,0
data/raw/defungi/H1/H1_42c_8.jpg,H1,.jpg,500,500,RGB,JPEG,train,0
data/raw/defungi/H1/H1_42c_9.jpg,H1,.jpg,500,500,RGB,JPEG,train,0
data/raw/defungi/H1/H1_43a_2.jpg,H1,.jpg,500,500,RGB,JPEG,train,0
data/raw/defungi/H1/H1_43a_4.jpg,H1,.jpg,500,500,RGB,JPEG,train,0
data/raw/defungi/H1/H1_43a_5.jpg,H1,.jpg,500,500,RGB,JPEG,train,0
data/raw/defungi/H1/H1_43a_6.jpg,H1,.jpg,500,500,RGB,JPEG,train,0
data/raw/defungi/H1/H1_43a_7.jpg,H1,.jpg,500,500,RGB,JPEG,train,0
data/raw/defungi/H1/H1_43a_9.jpg,H1,.jpg,500,500,RGB,JPEG,train,0
data/raw/defungi/H1/H1_43b_1.jpg,H1,.jpg,500,500,RGB,JPEG,train,0
data/raw/defungi/H1/H1_43b_2.jpg,H1,.jpg,500,500,RGB,JPEG,train,0
data/raw/defungi/H1/H1_43b_3.jpg,H1,.jpg,500,500,RGB,JPEG,train,0
data/raw/defungi/H1/H1_43b_5.jpg,H1,.jpg,500,500,RGB,JPEG,train,0
data/raw/defungi/H1/H1_43b_6.jpg,H1,.jpg,500,500,RGB,JPEG,train,0
data/raw/defungi/H1/H1_43b_7.jpg,H1,.jpg,500,500,RGB,JPEG,train,0
data/raw/defungi/H1/H1_43b_9.jpg,H1,.jpg,500,500,RGB,JPEG,train,0
data/raw/defungi/H1/H1_43c_2.jpg,H1,.jpg,500,500,RGB,JPEG,train,0
data/raw/defungi/H1/H1_43c_3.jpg,H1,.jpg,500,500,RGB,JPEG,train,0
data/raw/defungi/H1/H1_43c_4.jpg,H1,.jpg,500,500,RGB,JPEG,train,0
data/raw/defungi/H1/H1_43c_5.jpg,H1,.jpg,500,500,RGB,JPEG,train,0
data/raw/defungi/H1/H1_43c_6.jpg,H1,.jpg,500,500,RGB,JPEG,train,0
data/raw/defungi/H1/H1_44a_3.jpg,H1,.jpg,500,500,RGB,JPEG,train,0
data/raw/defungi/H1/H1_44a_5.jpg,H1,.jpg,500,500,RGB,JPEG,train,0
data/raw/defungi/H1/H1_44a_8.jpg,H1,.jpg,500,500,RGB,JPEG,train,0
data/raw/defungi/H1/H1_44b_1.jpg,H1,.jpg,500,500,RGB,JPEG,train,0
data/raw/defungi/H1/H1_44b_2.jpg,H1,.jpg,500,500,RGB,JPEG,train,0
data/raw/defungi/H1/H1_44b_3.jpg,H1,.jpg,500,500,RGB,JPEG,train,0
data/raw/defungi/H1/H1_44b_7.jpg,H1,.jpg,500,500,RGB,JPEG,train,0
data/raw/defungi/H1/H1_44b_9.jpg,H1,.jpg,500,500,RGB,JPEG,train,0
data/raw/defungi/H1/H1_44c_1.jpg,H1,.jpg,500,500,RGB,JPEG,train,0
data/raw/defungi/H1/H1_44c_3.jpg,H1,.jpg,500,500,RGB,JPEG,train,0
data/raw/defungi/H1/H1_44c_5.jpg,H1,.jpg,500,500,RGB,JPEG,train,0
data/raw/defungi/H1/H1_44c_6.jpg,H1,.jpg,500,500,RGB,JPEG,train,0
data/raw/defungi/H1/H1_44c_7.jpg,H1,.jpg,500,500,RGB,JPEG,train,0
data/raw/defungi/H1/H1_44c_8.jpg,H1,.jpg,500,500,RGB,JPEG,train,0
data/raw/defungi/H1/H1_44c_9.jpg,H1,.jpg,500,500,RGB,JPEG,train,0
data/raw/defungi/H1/H1_45a_1.jpg,H1,.jpg,500,500,RGB,JPEG,train,0
data/raw/defungi/H1/H1_45a_10.jpg,H1,.jpg,500,500,RGB,JPEG,train,0
data/raw/defungi/H1/H1_45a_11.jpg,H1,.jpg,500,500,RGB,JPEG,train,0
data/raw/defungi/H1/H1_45a_13.jpg,H1,.jpg,500,500,RGB,JPEG,train,0
data/raw/defungi/H1/H1_45a_14.jpg,H1,.jpg,500,500,RGB,JPEG,train,0
data/raw/defungi/H1/H1_45a_16.jpg,H1,.jpg,500,500,RGB,JPEG,train,0
data/raw/defungi/H1/H1_45a_2.jpg,H1,.jpg,500,500,RGB,JPEG,train,0
data/raw/defungi/H1/H1_45a_3.jpg,H1,.jpg,500,500,RGB,JPEG,train,0
data/raw/defungi/H1/H1_45a_4.jpg,H1,.jpg,500,500,RGB,JPEG,train,0
data/raw/defungi/H1/H1_45a_5.jpg,H1,.jpg,500,500,RGB,JPEG,train,0
data/raw/defungi/H1/H1_45a_6.jpg,H1,.jpg,500,500,RGB,JPEG,train,0
data/raw/defungi/H1/H1_45a_7.jpg,H1,.jpg,500,500,RGB,JPEG,train,0
data/raw/defungi/H1/H1_45a_9.jpg,H1,.jpg,500,500,RGB,JPEG,train,0
data/raw/defungi/H1/H1_46a_4.jpg,H1,.jpg,500,500,RGB,JPEG,train,0
data/raw/defungi/H1/H1_46a_7.jpg,H1,.jpg,500,500,RGB,JPEG,train,0
data/raw/defungi/H1/H1_46a_8.jpg,H1,.jpg,500,500,RGB,JPEG,train,0
data/raw/defungi/H1/H1_46a_9.jpg,H1,.jpg,500,500,RGB,JPEG,train,0
data/raw/defungi/H1/H1_46b_1.jpg,H1,.jpg,500,500,RGB,JPEG,train,0
data/raw/defungi/H1/H1_46b_2.jpg,H1,.jpg,500,500,RGB,JPEG,train,0
data/raw/defungi/H1/H1_46b_3.jpg,H1,.jpg,500,500,RGB,JPEG,train,0
data/raw/defungi/H1/H1_46b_7.jpg,H1,.jpg,500,500,RGB,JPEG,train,0
data/raw/defungi/H1/H1_46b_9.jpg,H1,.jpg,500,500,RGB,JPEG,train,0
data/raw/defungi/H1/H1_47a_1.jpg,H1,.jpg,500,500,RGB,JPEG,train,0
data/raw/defungi/H1/H1_47a_10.jpg,H1,.jpg,500,500,RGB,JPEG,train,0
data/raw/defungi/H1/H1_47a_11.jpg,H1,.jpg,500,500,RGB,JPEG,train,0
data/raw/defungi/H1/H1_47a_12.jpg,H1,.jpg,500,500,RGB,JPEG,train,0
data/raw/defungi/H1/H1_47a_13.jpg,H1,.jpg,500,500,RGB,JPEG,train,0
data/raw/defungi/H1/H1_47a_14.jpg,H1,.jpg,500,500,RGB,JPEG,train,0
data/raw/defungi/H1/H1_47a_15.jpg,H1,.jpg,500,500,RGB,JPEG,train,0
data/raw/defungi/H1/H1_47a_17.jpg,H1,.jpg,500,500,RGB,JPEG,train,0
data/raw/defungi/H1/H1_47a_18.jpg,H1,.jpg,500,500,RGB,JPEG,train,0
data/raw/defungi/H1/H1_47a_20.jpg,H1,.jpg,500,500,RGB,JPEG,train,0
data/raw/defungi/H1/H1_47a_21.jpg,H1,.jpg,500,500,RGB,JPEG,train,0
data/raw/defungi/H1/H1_47a_22.jpg,H1,.jpg,500,500,RGB,JPEG,train,0
data/raw/defungi/H1/H1_47a_23.jpg,H1,.jpg,500,500,RGB,JPEG,train,0
data/raw/defungi/H1/H1_47a_24.jpg,H1,.jpg,500,500,RGB,JPEG,train,0
data/raw/defungi/H1/H1_47a_25.jpg,H1,.jpg,500,500,RGB,JPEG,train,0
data/raw/defungi/H1/H1_47a_3.jpg,H1,.jpg,500,500,RGB,JPEG,train,0
data/raw/defungi/H1/H1_47a_4.jpg,H1,.jpg,500,500,RGB,JPEG,train,0
data/raw/defungi/H1/H1_47a_8.jpg,H1,.jpg,500,500,RGB,JPEG,train,0
data/raw/defungi/H1/H1_47a_9.jpg,H1,.jpg,500,500,RGB,JPEG,train,0
data/raw/defungi/H1/H1_47b_1.jpg,H1,.jpg,500,500,RGB,JPEG,train,0
data/raw/defungi/H1/H1_47b_5.jpg,H1,.jpg,500,500,RGB,JPEG,train,0
data/raw/defungi/H1/H1_47b_6.jpg,H1,.jpg,500,500,RGB,JPEG,train,0
data/raw/defungi/H1/H1_47b_7.jpg,H1,.jpg,500,500,RGB,JPEG,train,0
data/raw/defungi/H1/H1_47b_8.jpg,H1,.jpg,500,500,RGB,JPEG,train,0
data/raw/defungi/H1/H1_47c_2.jpg,H1,.jpg,500,500,RGB,JPEG,train,0
data/raw/defungi/H1/H1_47c_4.jpg,H1,.jpg,500,500,RGB,JPEG,train,0
data/raw/defungi/H1/H1_47c_6.jpg,H1,.jpg,500,500,RGB,JPEG,train,0
data/raw/defungi/H1/H1_47c_7.jpg,H1,.jpg,500,500,RGB,JPEG,train,0
data/raw/defungi/H1/H1_47d_1.jpg,H1,.jpg,500,500,RGB,JPEG,train,0
data/raw/defungi/H1/H1_47d_2.jpg,H1,.jpg,500,500,RGB,JPEG,train,0
data/raw/defungi/H1/H1_47d_3.jpg,H1,.jpg,500,500,RGB,JPEG,train,0
data/raw/defungi/H1/H1_47d_5.jpg,H1,.jpg,500,500,RGB,JPEG,train,0
data/raw/defungi/H1/H1_48a_3.jpg,H1,.jpg,500,500,RGB,JPEG,train,0
data/raw/defungi/H1/H1_48a_5.jpg,H1,.jpg,500,500,RGB,JPEG,train,0
data/raw/defungi/H1/H1_48a_6.jpg,H1,.jpg,500,500,RGB,JPEG,train,0
data/raw/defungi/H1/H1_48a_7.jpg,H1,.jpg,500,500,RGB,JPEG,train,0
data/raw/defungi/H1/H1_48a_8.jpg,H1,.jpg,500,500,RGB,JPEG,train,0
data/raw/defungi/H1/H1_48a_9.jpg,H1,.jpg,500,500,RGB,JPEG,train,0
data/raw/defungi/H1/H1_48b_11.jpg,H1,.jpg,500,500,RGB,JPEG,train,0
data/raw/defungi/H1/H1_48b_12.jpg,H1,.jpg,500,500,RGB,JPEG,train,0
data/raw/defungi/H1/H1_48b_13.jpg,H1,.jpg,500,500,RGB,JPEG,train,0
data/raw/defungi/H1/H1_48b_14.jpg,H1,.jpg,500,500,RGB,JPEG,train,0
data/raw/defungi/H1/H1_48b_15.jpg,H1,.jpg,500,500,RGB,JPEG,train,0
data/raw/defungi/H1/H1_48b_16.jpg,H1,.jpg,500,500,RGB,JPEG,train,0
data/raw/defungi/H1/H1_48b_2.jpg,H1,.jpg,500,500,RGB,JPEG,train,0
data/raw/defungi/H1/H1_48b_3.jpg,H1,.jpg,500,500,RGB,JPEG,train,0
data/raw/defungi/H1/H1_48b_4.jpg,H1,.jpg,500,500,RGB,JPEG,train,0
data/raw/defungi/H1/H1_48b_6.jpg,H1,.jpg,500,500,RGB,JPEG,train,0
data/raw/defungi/H1/H1_48b_7.jpg,H1,.jpg,500,500,RGB,JPEG,train,0
data/raw/defungi/H1/H1_48b_8.jpg,H1,.jpg,500,500,RGB,JPEG,train,0
data/raw/defungi/H1/H1_48c_1.jpg,H1,.jpg,500,500,RGB,JPEG,train,0
data/raw/defungi/H1/H1_48c_2.jpg,H1,.jpg,500,500,RGB,JPEG,train,0
data/raw/defungi/H1/H1_48c_3.jpg,H1,.jpg,500,500,RGB,JPEG,train,0
data/raw/defungi/H1/H1_48c_4.jpg,H1,.jpg,500,500,RGB,JPEG,train,0
data/raw/defungi/H1/H1_48c_7.jpg,H1,.jpg,500,500,RGB,JPEG,train,0
data/raw/defungi/H1/H1_48c_8.jpg,H1,.jpg,500,500,RGB,JPEG,train,0
data/raw/defungi/H1/H1_48c_9.jpg,H1,.jpg,500,500,RGB,JPEG,train,0
data/raw/defungi/H1/H1_48d_1.jpg,H1,.jpg,500,500,RGB,JPEG,train,0
data/raw/defungi/H1/H1_48d_10.jpg,H1,.jpg,500,500,RGB,JPEG,train,0
data/raw/defungi/H1/H1_48d_11.jpg,H1,.jpg,500,500,RGB,JPEG,train,0
data/raw/defungi/H1/H1_48d_12.jpg,H1,.jpg,500,500,RGB,JPEG,train,0
data/raw/defungi/H1/H1_48d_15.jpg,H1,.jpg,500,500,RGB,JPEG,train,0
data/raw/defungi/H1/H1_48d_3.jpg,H1,.jpg,500,500,RGB,JPEG,train,0
data/raw/defungi/H1/H1_48d_5.jpg,H1,.jpg,500,500,RGB,JPEG,train,0
data/raw/defungi/H1/H1_48d_6.jpg,H1,.jpg,500,500,RGB,JPEG,train,0
data/raw/defungi/H1/H1_48d_7.jpg,H1,.jpg,500,500,RGB,JPEG,train,0
data/raw/defungi/H1/H1_48d_8.jpg,H1,.jpg,500,500,RGB,JPEG,train,0
data/raw/defungi/H1/H1_48d_9.jpg,H1,.jpg,500,500,RGB,JPEG,train,0
data/raw/defungi/H1/H1_49a_4.jpg,H1,.jpg,500,500,RGB,JPEG,train,0
data/raw/defungi/H1/H1_49a_5.jpg,H1,.jpg,500,500,RGB,JPEG,train,0
data/raw/defungi/H1/H1_49a_7.jpg,H1,.jpg,500,500,RGB,JPEG,train,0
data/raw/defungi/H1/H1_49a_8.jpg,H1,.jpg,500,500,RGB,JPEG,train,0
data/raw/defungi/H1/H1_49b_2.jpg,H1,.jpg,500,500,RGB,JPEG,train,0
data/raw/defungi/H1/H1_49b_3.jpg,H1,.jpg,500,500,RGB,JPEG,train,0
data/raw/defungi/H1/H1_49b_4.jpg,H1,.jpg,500,500,RGB,JPEG,train,0
data/raw/defungi/H1/H1_49b_8.jpg,H1,.jpg,500,500,RGB,JPEG,train,0
data/raw/defungi/H1/H1_49b_9.jpg,H1,.jpg,500,500,RGB,JPEG,train,0
data/raw/defungi/H1/H1_49c_2.jpg,H1,.jpg,500,500,RGB,JPEG,train,0
data/raw/defungi/H1/H1_49c_3.jpg,H1,.jpg,500,500,RGB,JPEG,train,0
data/raw/defungi/H1/H1_49c_4.jpg,H1,.jpg,500,500,RGB,JPEG,train,0
data/raw/defungi/H1/H1_49c_5.jpg,H1,.jpg,500,500,RGB,JPEG,train,0
data/raw/defungi/H1/H1_49c_7.jpg,H1,.jpg,500,500,RGB,JPEG,train,0
data/raw/defungi/H1/H1_49c_9.jpg,H1,.jpg,500,500,RGB,JPEG,train,0
data/raw/defungi/H1/H1_4a_1.jpg,H1,.jpg,500,500,RGB,JPEG,train,0
data/raw/defungi/H1/H1_4a_12.jpg,H1,.jpg,500,500,RGB,JPEG,train,0
data/raw/defungi/H1/H1_4a_13.jpg,H1,.jpg,500,500,RGB,JPEG,train,0
data/raw/defungi/H1/H1_4a_15.jpg,H1,.jpg,500,500,RGB,JPEG,train,0
data/raw/defungi/H1/H1_4a_3.jpg,H1,.jpg,500,500,RGB,JPEG,train,0
data/raw/defungi/H1/H1_4a_4.jpg,H1,.jpg,500,500,RGB,JPEG,train,0
data/raw/defungi/H1/H1_4a_5.jpg,H1,.jpg,500,500,RGB,JPEG,train,0
data/raw/defungi/H1/H1_4a_6.jpg,H1,.jpg,500,500,RGB,JPEG,train,0
data/raw/defungi/H1/H1_4a_7.jpg,H1,.jpg,500,500,RGB,JPEG,train,0
data/raw/defungi/H1/H1_4a_8.jpg,H1,.jpg,500,500,RGB,JPEG,train,0
data/raw/defungi/H1/H1_4a_9.jpg,H1,.jpg,500,500,RGB,JPEG,train,0
data/raw/defungi/H1/H1_4b_1.jpg,H1,.jpg,500,500,RGB,JPEG,train,0
data/raw/defungi/H1/H1_4b_10.jpg,H1,.jpg,500,500,RGB,JPEG,train,0
data/raw/defungi/H1/H1_4b_11.jpg,H1,.jpg,500,500,RGB,JPEG,train,0
data/raw/defungi/H1/H1_4b_12.jpg,H1,.jpg,500,500,RGB,JPEG,train,0
data/raw/defungi/H1/H1_4b_3.jpg,H1,.jpg,500,500,RGB,JPEG,train,0
data/raw/defungi/H1/H1_4b_4.jpg,H1,.jpg,500,500,RGB,JPEG,train,0
data/raw/defungi/H1/H1_4b_5.jpg,H1,.jpg,500,500,RGB,JPEG,train,0
data/raw/defungi/H1/H1_4b_6.jpg,H1,.jpg,500,500,RGB,JPEG,train,0
data/raw/defungi/H1/H1_4b_7.jpg,H1,.jpg,500,500,RGB,JPEG,train,0
data/raw/defungi/H1/H1_4b_9.jpg,H1,.jpg,500,500,RGB,JPEG,train,0
data/raw/defungi/H1/H1_4c_1.jpg,H1,.jpg,500,500,RGB,JPEG,train,0
data/raw/defungi/H1/H1_4c_2.jpg,H1,.jpg,500,500,RGB,JPEG,train,0
data/raw/defungi/H1/H1_4c_3.jpg,H1,.jpg,500,500,RGB,JPEG,train,0
data/raw/defungi/H1/H1_4c_5.jpg,H1,.jpg,500,500,RGB,JPEG,train,0
data/raw/defungi/H1/H1_4c_6.jpg,H1,.jpg,500,500,RGB,JPEG,train,0
data/raw/defungi/H1/H1_4c_7.jpg,H1,.jpg,500,500,RGB,JPEG,train,0
data/raw/defungi/H1/H1_4c_9.jpg,H1,.jpg,500,500,RGB,JPEG,train,0
data/raw/defungi/H1/H1_4d_1.jpg,H1,.jpg,500,500,RGB,JPEG,train,0
data/raw/defungi/H1/H1_4d_2.jpg,H1,.jpg,500,500,RGB,JPEG,train,0
data/raw/defungi/H1/H1_4d_3.jpg,H1,.jpg,500,500,RGB,JPEG,train,0
data/raw/defungi/H1/H1_4d_4.jpg,H1,.jpg,500,500,RGB,JPEG,train,0
data/raw/defungi/H1/H1_4d_5.jpg,H1,.jpg,500,500,RGB,JPEG,train,0
data/raw/defungi/H1/H1_4d_7.jpg,H1,.jpg,500,500,RGB,JPEG,train,0
data/raw/defungi/H1/H1_4d_8.jpg,H1,.jpg,500,500,RGB,JPEG,train,0
data/raw/defungi/H1/H1_4d_9.jpg,H1,.jpg,500,500,RGB,JPEG,train,0
data/raw/defungi/H1/H1_50a_1.jpg,H1,.jpg,500,500,RGB,JPEG,train,0
data/raw/defungi/H1/H1_50a_2.jpg,H1,.jpg,500,500,RGB,JPEG,train,0
data/raw/defungi/H1/H1_50a_4.jpg,H1,.jpg,500,500,RGB,JPEG,train,0
data/raw/defungi/H1/H1_50a_5.jpg,H1,.jpg,500,500,RGB,JPEG,train,0
data/raw/defungi/H1/H1_50a_7.jpg,H1,.jpg,500,500,RGB,JPEG,train,0
data/raw/defungi/H1/H1_50a_8.jpg,H1,.jpg,500,500,RGB,JPEG,train,0
data/raw/defungi/H1/H1_50b_1.jpg,H1,.jpg,500,500,RGB,JPEG,train,0
data/raw/defungi/H1/H1_50b_2.jpg,H1,.jpg,500,500,RGB,JPEG,train,0
data/raw/defungi/H1/H1_50b_3.jpg,H1,.jpg,500,500,RGB,JPEG,train,0
data/raw/defungi/H1/H1_50b_4.jpg,H1,.jpg,500,500,RGB,JPEG,train,0
data/raw/defungi/H1/H1_51a_11.jpg,H1,.jpg,500,500,RGB,JPEG,train,0
data/raw/defungi/H1/H1_51a_14.jpg,H1,.jpg,500,500,RGB,JPEG,train,0
data/raw/defungi/H1/H1_51a_15.jpg,H1,.jpg,500,500,RGB,JPEG,train,0
data/raw/defungi/H1/H1_51a_16.jpg,H1,.jpg,500,500,RGB,JPEG,train,0
data/raw/defungi/H1/H1_51a_2.jpg,H1,.jpg,500,500,RGB,JPEG,train,0
data/raw/defungi/H1/H1_51a_3.jpg,H1,.jpg,500,500,RGB,JPEG,train,0
data/raw/defungi/H1/H1_51a_4.jpg,H1,.jpg,500,500,RGB,JPEG,train,0
data/raw/defungi/H1/H1_51a_5.jpg,H1,.jpg,500,500,RGB,JPEG,train,0
data/raw/defungi/H1/H1_51a_6.jpg,H1,.jpg,500,500,RGB,JPEG,train,0
data/raw/defungi/H1/H1_51b_1.jpg,H1,.jpg,500,500,RGB,JPEG,train,0
data/raw/defungi/H1/H1_51b_10.jpg,H1,.jpg,500,500,RGB,JPEG,train,0
data/raw/defungi/H1/H1_51b_11.jpg,H1,.jpg,500,500,RGB,JPEG,train,0
data/raw/defungi/H1/H1_51b_13.jpg,H1,.jpg,500,500,RGB,JPEG,train,0
data/raw/defungi/H1/H1_51b_15.jpg,H1,.jpg,500,500,RGB,JPEG,train,0
data/raw/defungi/H1/H1_51b_18.jpg,H1,.jpg,500,500,RGB,JPEG,train,0
data/raw/defungi/H1/H1_51b_19.jpg,H1,.jpg,500,500,RGB,JPEG,train,0
data/raw/defungi/H1/H1_51b_2.jpg,H1,.jpg,500,500,RGB,JPEG,train,0
data/raw/defungi/H1/H1_51b_21.jpg,H1,.jpg,500,500,RGB,JPEG,train,0
data/raw/defungi/H1/H1_51b_22.jpg,H1,.jpg,500,500,RGB,JPEG,train,0
data/raw/defungi/H1/H1_51b_23.jpg,H1,.jpg,500,500,RGB,JPEG,train,0
data/raw/defungi/H1/H1_51b_24.jpg,H1,.jpg,500,500,RGB,JPEG,train,0
data/raw/defungi/H1/H1_51b_25.jpg,H1,.jpg,500,500,RGB,JPEG,train,0
data/raw/defungi/H1/H1_51b_3.jpg,H1,.jpg,500,500,RGB,JPEG,train,0
data/raw/defungi/H1/H1_51b_4.jpg,H1,.jpg,500,500,RGB,JPEG,train,0
data/raw/defungi/H1/H1_51b_6.jpg,H1,.jpg,500,500,RGB,JPEG,train,0
data/raw/defungi/H1/H1_51b_7.jpg,H1,.jpg,500,500,RGB,JPEG,train,0
data/raw/defungi/H1/H1_51b_8.jpg,H1,.jpg,500,500,RGB,JPEG,train,0
data/raw/defungi/H1/H1_51b_9.jpg,H1,.jpg,500,500,RGB,JPEG,train,0
data/raw/defungi/H1/H1_51c_1.jpg,H1,.jpg,500,500,RGB,JPEG,train,0
data/raw/defungi/H1/H1_51c_10.jpg,H1,.jpg,500,500,RGB,JPEG,train,0
data/raw/defungi/H1/H1_51c_12.jpg,H1,.jpg,500,500,RGB,JPEG,train,0
data/raw/defungi/H1/H1_51c_13.jpg,H1,.jpg,500,500,RGB,JPEG,train,0
data/raw/defungi/H1/H1_51c_14.jpg,H1,.jpg,500,500,RGB,JPEG,train,0
data/raw/defungi/H1/H1_51c_15.jpg,H1,.jpg,500,500,RGB,JPEG,train,0
data/raw/defungi/H1/H1_51c_16.jpg,H1,.jpg,500,500,RGB,JPEG,train,0
data/raw/defungi/H1/H1_51c_2.jpg,H1,.jpg,500,500,RGB,JPEG,train,0
data/raw/defungi/H1/H1_51c_5.jpg,H1,.jpg,500,500,RGB,JPEG,train,0
data/raw/defungi/H1/H1_51c_7.jpg,H1,.jpg,500,500,RGB,JPEG,train,0
data/raw/defungi/H1/H1_51d_1.jpg,H1,.jpg,500,500,RGB,JPEG,train,0
data/raw/defungi/H1/H1_51d_10.jpg,H1,.jpg,500,500,RGB,JPEG,train,0
data/raw/defungi/H1/H1_51d_11.jpg,H1,.jpg,500,500,RGB,JPEG,train,0
data/raw/defungi/H1/H1_51d_12.jpg,H1,.jpg,500,500,RGB,JPEG,train,0
data/raw/defungi/H1/H1_51d_13.jpg,H1,.jpg,500,500,RGB,JPEG,train,0
data/raw/defungi/H1/H1_51d_14.jpg,H1,.jpg,500,500,RGB,JPEG,train,0
data/raw/defungi/H1/H1_51d_2.jpg,H1,.jpg,500,500,RGB,JPEG,train,0
data/raw/defungi/H1/H1_51d_6.jpg,H1,.jpg,500,500,RGB,JPEG,train,0
data/raw/defungi/H1/H1_51d_8.jpg,H1,.jpg,500,500,RGB,JPEG,train,0
data/raw/defungi/H1/H1_52a_1.jpg,H1,.jpg,500,500,RGB,JPEG,train,0
data/raw/defungi/H1/H1_52a_10.jpg,H1,.jpg,500,500,RGB,JPEG,train,0
data/raw/defungi/H1/H1_52a_11.jpg,H1,.jpg,500,500,RGB,JPEG,train,0
data/raw/defungi/H1/H1_52a_12.jpg,H1,.jpg,500,500,RGB,JPEG,train,0
data/raw/defungi/H1/H1_52a_14.jpg,H1,.jpg,500,500,RGB,JPEG,train,0
data/raw/defungi/H1/H1_52a_15.jpg,H1,.jpg,500,500,RGB,JPEG,train,0
data/raw/defungi/H1/H1_52a_2.jpg,H1,.jpg,500,500,RGB,JPEG,train,0
data/raw/defungi/H1/H1_52a_5.jpg,H1,.jpg,500,500,RGB,JPEG,train,0
data/raw/defungi/H1/H1_52a_6.jpg,H1,.jpg,500,500,RGB,JPEG,train,0
data/raw/defungi/H1/H1_52a_7.jpg,H1,.jpg,500,500,RGB,JPEG,train,0
data/raw/defungi/H1/H1_52a_9.jpg,H1,.jpg,500,500,RGB,JPEG,train,0
data/raw/defungi/H1/H1_52b_1.jpg,H1,.jpg,500,500,RGB,JPEG,train,0
data/raw/defungi/H1/H1_52b_10.jpg,H1,.jpg,500,500,RGB,JPEG,train,0
data/raw/defungi/H1/H1_52b_11.jpg,H1,.jpg,500,500,RGB,JPEG,train,0
data/raw/defungi/H1/H1_52b_12.jpg,H1,.jpg,500,500,RGB,JPEG,train,0
data/raw/defungi/H1/H1_52b_13.jpg,H1,.jpg,500,500,RGB,JPEG,train,0
data/raw/defungi/H1/H1_52b_15.jpg,H1,.jpg,500,500,RGB,JPEG,train,0
data/raw/defungi/H1/H1_52b_16.jpg,H1,.jpg,500,500,RGB,JPEG,train,0
data/raw/defungi/H1/H1_52b_2.jpg,H1,.jpg,500,500,RGB,JPEG,train,0
data/raw/defungi/H1/H1_52b_3.jpg,H1,.jpg,500,500,RGB,JPEG,train,0
data/raw/defungi/H1/H1_52b_4.jpg,H1,.jpg,500,500,RGB,JPEG,train,0
data/raw/defungi/H1/H1_52b_6.jpg,H1,.jpg,500,500,RGB,JPEG,train,0
data/raw/defungi/H1/H1_52b_8.jpg,H1,.jpg,500,500,RGB,JPEG,train,0
data/raw/defungi/H1/H1_52b_9.jpg,H1,.jpg,500,500,RGB,JPEG,train,0
data/raw/defungi/H1/H1_52c_1.jpg,H1,.jpg,500,500,RGB,JPEG,train,0
data/raw/defungi/H1/H1_52c_3.jpg,H1,.jpg,500,500,RGB,JPEG,train,0
data/raw/defungi/H1/H1_52c_4.jpg,H1,.jpg,500,500,RGB,JPEG,train,0
data/raw/defungi/H1/H1_52c_5.jpg,H1,.jpg,500,500,RGB,JPEG,train,0
data/raw/defungi/H1/H1_52c_6.jpg,H1,.jpg,500,500,RGB,JPEG,train,0
data/raw/defungi/H1/H1_52c_7.jpg,H1,.jpg,500,500,RGB,JPEG,train,0
data/raw/defungi/H1/H1_52c_8.jpg,H1,.jpg,500,500,RGB,JPEG,train,0
data/raw/defungi/H1/H1_52c_9.jpg,H1,.jpg,500,500,RGB,JPEG,train,0
data/raw/defungi/H1/H1_53a_1.jpg,H1,.jpg,500,500,RGB,JPEG,train,0
data/raw/defungi/H1/H1_53a_10.jpg,H1,.jpg,500,500,RGB,JPEG,train,0
data/raw/defungi/H1/H1_53a_11.jpg,H1,.jpg,500,500,RGB,JPEG,train,0
data/raw/defungi/H1/H1_53a_12.jpg,H1,.jpg,500,500,RGB,JPEG,train,0
data/raw/defungi/H1/H1_53a_14.jpg,H1,.jpg,500,500,RGB,JPEG,train,0
data/raw/defungi/H1/H1_53a_15.jpg,H1,.jpg,500,500,RGB,JPEG,train,0
data/raw/defungi/H1/H1_53a_16.jpg,H1,.jpg,500,500,RGB,JPEG,train,0
data/raw/defungi/H1/H1_53a_17.jpg,H1,.jpg,500,500,RGB,JPEG,train,0
data/raw/defungi/H1/H1_53a_18.jpg,H1,.jpg,500,500,RGB,JPEG,train,0
data/raw/defungi/H1/H1_53a_5.jpg,H1,.jpg,500,500,RGB,JPEG,train,0
data/raw/defungi/H1/H1_53a_6.jpg,H1,.jpg,500,500,RGB,JPEG,train,0
data/raw/defungi/H1/H1_53a_7.jpg,H1,.jpg,500,500,RGB,JPEG,train,0
data/raw/defungi/H1/H1_53a_8.jpg,H1,.jpg,500,500,RGB,JPEG,train,0
data/raw/defungi/H1/H1_53a_9.jpg,H1,.jpg,500,500,RGB,JPEG,train,0
data/raw/defungi/H1/H1_53b_1.jpg,H1,.jpg,500,500,RGB,JPEG,train,0
data/raw/defungi/H1/H1_53b_10.jpg,H1,.jpg,500,500,RGB,JPEG,train,0
data/raw/defungi/H1/H1_53b_11.jpg,H1,.jpg,500,500,RGB,JPEG,train,0
data/raw/defungi/H1/H1_53b_12.jpg,H1,.jpg,500,500,RGB,JPEG,train,0
data/raw/defungi/H1/H1_53b_14.jpg,H1,.jpg,500,500,RGB,JPEG,train,0
data/raw/defungi/H1/H1_53b_15.jpg,H1,.jpg,500,500,RGB,JPEG,train,0
data/raw/defungi/H1/H1_53b_17.jpg,H1,.jpg,500,500,RGB,JPEG,train,0
data/raw/defungi/H1/H1_53b_19.jpg,H1,.jpg,500,500,RGB,JPEG,train,0
data/raw/defungi/H1/H1_53b_2.jpg,H1,.jpg,500,500,RGB,JPEG,train,0
data/raw/defungi/H1/H1_53b_20.jpg,H1,.jpg,500,500,RGB,JPEG,train,0
data/raw/defungi/H1/H1_53b_3.jpg,H1,.jpg,500,500,RGB,JPEG,train,0
data/raw/defungi/H1/H1_53b_4.jpg,H1,.jpg,500,500,RGB,JPEG,train,0
data/raw/defungi/H1/H1_53b_6.jpg,H1,.jpg,500,500,RGB,JPEG,train,0
data/raw/defungi/H1/H1_53b_7.jpg,H1,.jpg,500,500,RGB,JPEG,train,0
data/raw/defungi/H1/H1_53b_8.jpg,H1,.jpg,500,500,RGB,JPEG,train,0
data/raw/defungi/H1/H1_53b_9.jpg,H1,.jpg,500,500,RGB,JPEG,train,0
data/raw/defungi/H1/H1_53c_2.jpg,H1,.jpg,500,500,RGB,JPEG,train,0
data/raw/defungi/H1/H1_53c_3.jpg,H1,.jpg,500,500,RGB,JPEG,train,0
data/raw/defungi/H1/H1_53c_5.jpg,H1,.jpg,500,500,RGB,JPEG,train,0
data/raw/defungi/H1/H1_53c_7.jpg,H1,.jpg,500,500,RGB,JPEG,train,0
data/raw/defungi/H1/H1_53c_8.jpg,H1,.jpg,500,500,RGB,JPEG,train,0
data/raw/defungi/H1/H1_53c_9.jpg,H1,.jpg,500,500,RGB,JPEG,train,0
data/raw/defungi/H1/H1_54a_10.jpg,H1,.jpg,500,500,RGB,JPEG,train,0
data/raw/defungi/H1/H1_54a_11.jpg,H1,.jpg,500,500,RGB,JPEG,train,0
data/raw/defungi/H1/H1_54a_12.jpg,H1,.jpg,500,500,RGB,JPEG,train,0
data/raw/defungi/H1/H1_54a_13.jpg,H1,.jpg,500,500,RGB,JPEG,train,0
data/raw/defungi/H1/H1_54a_16.jpg,H1,.jpg,500,500,RGB,JPEG,train,0
data/raw/defungi/H1/H1_54a_2.jpg,H1,.jpg,500,500,RGB,JPEG,train,0
data/raw/defungi/H1/H1_54a_3.jpg,H1,.jpg,500,500,RGB,JPEG,train,0
data/raw/defungi/H1/H1_54a_4.jpg,H1,.jpg,500,500,RGB,JPEG,train,0
data/raw/defungi/H1/H1_54a_5.jpg,H1,.jpg,500,500,RGB,JPEG,train,0
data/raw/defungi/H1/H1_54a_6.jpg,H1,.jpg,500,500,RGB,JPEG,train,0
data/raw/defungi/H1/H1_54a_7.jpg,H1,.jpg,500,500,RGB,JPEG,train,0
data/raw/defungi/H1/H1_54a_8.jpg,H1,.jpg,500,500,RGB,JPEG,train,0
data/raw/defungi/H1/H1_54a_9.jpg,H1,.jpg,500,500,RGB,JPEG,train,0
data/raw/defungi/H1/H1_54b_1.jpg,H1,.jpg,500,500,RGB,JPEG,train,0
data/raw/defungi/H1/H1_54b_3.jpg,H1,.jpg,500,500,RGB,JPEG,train,0
data/raw/defungi/H1/H1_54b_4.jpg,H1,.jpg,500,500,RGB,JPEG,train,0
data/raw/defungi/H1/H1_54b_5.jpg,H1,.jpg,500,500,RGB,JPEG,train,0
data/raw/defungi/H1/H1_54b_6.jpg,H1,.jpg,500,500,RGB,JPEG,train,0
data/raw/defungi/H1/H1_54c_1.jpg,H1,.jpg,500,500,RGB,JPEG,train,0
data/raw/defungi/H1/H1_54c_2.jpg,H1,.jpg,500,500,RGB,JPEG,train,0
data/raw/defungi/H1/H1_54c_4.jpg,H1,.jpg,500,500,RGB,JPEG,train,0
data/raw/defungi/H1/H1_54c_7.jpg,H1,.jpg,500,500,RGB,JPEG,train,0
data/raw/defungi/H1/H1_54c_8.jpg,H1,.jpg,500,500,RGB,JPEG,train,0
data/raw/defungi/H1/H1_54c_9.jpg,H1,.jpg,500,500,RGB,JPEG,train,0
data/raw/defungi/H1/H1_55a_1.jpg,H1,.jpg,500,500,RGB,JPEG,train,0
data/raw/defungi/H1/H1_55a_3.jpg,H1,.jpg,500,500,RGB,JPEG,train,0
data/raw/defungi/H1/H1_55a_4.jpg,H1,.jpg,500,500,RGB,JPEG,train,0
data/raw/defungi/H1/H1_55a_5.jpg,H1,.jpg,500,500,RGB,JPEG,train,0
data/raw/defungi/H1/H1_55a_7.jpg,H1,.jpg,500,500,RGB,JPEG,train,0
data/raw/defungi/H1/H1_55a_8.jpg,H1,.jpg,500,500,RGB,JPEG,train,0
data/raw/defungi/H1/H1_55a_9.jpg,H1,.jpg,500,500,RGB,JPEG,train,0
data/raw/defungi/H1/H1_55b_1.jpg,H1,.jpg,500,500,RGB,JPEG,train,0
data/raw/defungi/H1/H1_55b_10.jpg,H1,.jpg,500,500,RGB,JPEG,train,0
data/raw/defungi/H1/H1_55b_11.jpg,H1,.jpg,500,500,RGB,JPEG,train,0
data/raw/defungi/H1/H1_55b_2.jpg,H1,.jpg,500,500,RGB,JPEG,train,0
data/raw/defungi/H1/H1_55b_3.jpg,H1,.jpg,500,500,RGB,JPEG,train,0
data/raw/defungi/H1/H1_55b_4.jpg,H1,.jpg,500,500,RGB,JPEG,train,0
data/raw/defungi/H1/H1_55b_5.jpg,H1,.jpg,500,500,RGB,JPEG,train,0
data/raw/defungi/H1/H1_55b_6.jpg,H1,.jpg,500,500,RGB,JPEG,train,0
data/raw/defungi/H1/H1_55b_8.jpg,H1,.jpg,500,500,RGB,JPEG,train,0
data/raw/defungi/H1/H1_55b_9.jpg,H1,.jpg,500,500,RGB,JPEG,train,0
data/raw/defungi/H1/H1_55c_1.jpg,H1,.jpg,500,500,RGB,JPEG,train,0
data/raw/defungi/H1/H1_55c_2.jpg,H1,.jpg,500,500,RGB,JPEG,train,0
data/raw/defungi/H1/H1_55c_3.jpg,H1,.jpg,500,500,RGB,JPEG,train,0
data/raw/defungi/H1/H1_55c_4.jpg,H1,.jpg,500,500,RGB,JPEG,train,0
data/raw/defungi/H1/H1_55c_5.jpg,H1,.jpg,500,500,RGB,JPEG,train,0
data/raw/defungi/H1/H1_55c_6.jpg,H1,.jpg,500,500,RGB,JPEG,train,0
data/raw/defungi/H1/H1_55c_7.jpg,H1,.jpg,500,500,RGB,JPEG,train,0
data/raw/defungi/H1/H1_55c_8.jpg,H1,.jpg,500,500,RGB,JPEG,train,0
data/raw/defungi/H1/H1_55d_1.jpg,H1,.jpg,500,500,RGB,JPEG,train,0
data/raw/defungi/H1/H1_55d_12.jpg,H1,.jpg,500,500,RGB,JPEG,train,0
data/raw/defungi/H1/H1_55d_14.jpg,H1,.jpg,500,500,RGB,JPEG,train,0
data/raw/defungi/H1/H1_55d_15.jpg,H1,.jpg,500,500,RGB,JPEG,train,0
data/raw/defungi/H1/H1_55d_17.jpg,H1,.jpg,500,500,RGB,JPEG,train,0
data/raw/defungi/H1/H1_55d_18.jpg,H1,.jpg,500,500,RGB,JPEG,train,0
data/raw/defungi/H1/H1_55d_2.jpg,H1,.jpg,500,500,RGB,JPEG,train,0
data/raw/defungi/H1/H1_55d_21.jpg,H1,.jpg,500,500,RGB,JPEG,train,0
data/raw/defungi/H1/H1_55d_22.jpg,H1,.jpg,500,500,RGB,JPEG,train,0
data/raw/defungi/H1/H1_55d_24.jpg,H1,.jpg,500,500,RGB,JPEG,train,0
data/raw/defungi/H1/H1_55d_25.jpg,H1,.jpg,500,500,RGB,JPEG,train,0
data/raw/defungi/H1/H1_55d_3.jpg,H1,.jpg,500,500,RGB,JPEG,train,0
data/raw/defungi/H1/H1_55d_4.jpg,H1,.jpg,500,500,RGB,JPEG,train,0
data/raw/defungi/H1/H1_55d_5.jpg,H1,.jpg,500,500,RGB,JPEG,train,0
data/raw/defungi/H1/H1_55d_6.jpg,H1,.jpg,500,500,RGB,JPEG,train,0
data/raw/defungi/H1/H1_55d_7.jpg,H1,.jpg,500,500,RGB,JPEG,train,0
data/raw/defungi/H1/H1_55d_8.jpg,H1,.jpg,500,500,RGB,JPEG,train,0
data/raw/defungi/H1/H1_56a_2.jpg,H1,.jpg,500,500,RGB,JPEG,train,0
data/raw/defungi/H1/H1_56a_4.jpg,H1,.jpg,500,500,RGB,JPEG,train,0
data/raw/defungi/H1/H1_56a_5.jpg,H1,.jpg,500,500,RGB,JPEG,train,0
data/raw/defungi/H1/H1_56a_7.jpg,H1,.jpg,500,500,RGB,JPEG,train,0
data/raw/defungi/H1/H1_56b_2.jpg,H1,.jpg,500,500,RGB,JPEG,train,0
data/raw/defungi/H1/H1_56b_4.jpg,H1,.jpg,500,500,RGB,JPEG,train,0
data/raw/defungi/H1/H1_56b_5.jpg,H1,.jpg,500,500,RGB,JPEG,train,0
data/raw/defungi/H1/H1_56b_6.jpg,H1,.jpg,500,500,RGB,JPEG,train,0
data/raw/defungi/H1/H1_56b_7.jpg,H1,.jpg,500,500,RGB,JPEG,train,0
data/raw/defungi/H1/H1_56b_8.jpg,H1,.jpg,500,500,RGB,JPEG,train,0
data/raw/defungi/H1/H1_56b_9.jpg,H1,.jpg,500,500,RGB,JPEG,train,0
data/raw/defungi/H1/H1_56c_1.jpg,H1,.jpg,500,500,RGB,JPEG,train,0
data/raw/defungi/H1/H1_56c_2.jpg,H1,.jpg,500,500,RGB,JPEG,train,0
data/raw/defungi/H1/H1_56c_3.jpg,H1,.jpg,500,500,RGB,JPEG,train,0
data/raw/defungi/H1/H1_56c_4.jpg,H1,.jpg,500,500,RGB,JPEG,train,0
data/raw/defungi/H1/H1_56c_5.jpg,H1,.jpg,500,500,RGB,JPEG,train,0
data/raw/defungi/H1/H1_56c_6.jpg,H1,.jpg,500,500,RGB,JPEG,train,0
data/raw/defungi/H1/H1_56c_8.jpg,H1,.jpg,500,500,RGB,JPEG,train,0
data/raw/defungi/H1/H1_56c_9.jpg,H1,.jpg,500,500,RGB,JPEG,train,0
data/raw/defungi/H1/H1_56d_1.jpg,H1,.jpg,500,500,RGB,JPEG,train,0
data/raw/defungi/H1/H1_56d_2.jpg,H1,.jpg,500,500,RGB,JPEG,train,0
data/raw/defungi/H1/H1_56d_3.jpg,H1,.jpg,500,500,RGB,JPEG,train,0
data/raw/defungi/H1/H1_56d_4.jpg,H1,.jpg,500,500,RGB,JPEG,train,0
data/raw/defungi/H1/H1_56d_5.jpg,H1,.jpg,500,500,RGB,JPEG,train,0
data/raw/defungi/H1/H1_56d_7.jpg,H1,.jpg,500,500,RGB,JPEG,train,0
data/raw/defungi/H1/H1_56d_8.jpg,H1,.jpg,500,500,RGB,JPEG,train,0
data/raw/defungi/H1/H1_56d_9.jpg,H1,.jpg,500,500,RGB,JPEG,train,0
data/raw/defungi/H1/H1_56e_1.jpg,H1,.jpg,500,500,RGB,JPEG,train,0
data/raw/defungi/H1/H1_56e_2.jpg,H1,.jpg,500,500,RGB,JPEG,train,0
data/raw/defungi/H1/H1_56e_3.jpg,H1,.jpg,500,500,RGB,JPEG,train,0
data/raw/defungi/H1/H1_56e_4.jpg,H1,.jpg,500,500,RGB,JPEG,train,0
data/raw/defungi/H1/H1_56e_5.jpg,H1,.jpg,500,500,RGB,JPEG,train,0
data/raw/defungi/H1/H1_56e_7.jpg,H1,.jpg,500,500,RGB,JPEG,train,0
data/raw/defungi/H1/H1_56e_8.jpg,H1,.jpg,500,500,RGB,JPEG,train,0
data/raw/defungi/H1/H1_56e_9.jpg,H1,.jpg,500,500,RGB,JPEG,train,0
data/raw/defungi/H1/H1_57a_1.jpg,H1,.jpg,500,500,RGB,JPEG,train,0
data/raw/defungi/H1/H1_57a_2.jpg,H1,.jpg,500,500,RGB,JPEG,train,0
data/raw/defungi/H1/H1_57a_6.jpg,H1,.jpg,500,500,RGB,JPEG,train,0
data/raw/defungi/H1/H1_57a_7.jpg,H1,.jpg,500,500,RGB,JPEG,train,0
data/raw/defungi/H1/H1_57a_9.jpg,H1,.jpg,500,500,RGB,JPEG,train,0
data/raw/defungi/H1/H1_57b_1.jpg,H1,.jpg,500,500,RGB,JPEG,train,0
data/raw/defungi/H1/H1_57b_2.jpg,H1,.jpg,500,500,RGB,JPEG,train,0
data/raw/defungi/H1/H1_57b_3.jpg,H1,.jpg,500,500,RGB,JPEG,train,0
data/raw/defungi/H1/H1_57b_7.jpg,H1,.jpg,500,500,RGB,JPEG,train,0
data/raw/defungi/H1/H1_57b_8.jpg,H1,.jpg,500,500,RGB,JPEG,train,0
data/raw/defungi/H1/H1_57c_2.jpg,H1,.jpg,500,500,RGB,JPEG,train,0
data/raw/defungi/H1/H1_57c_3.jpg,H1,.jpg,500,500,RGB,JPEG,train,0
data/raw/defungi/H1/H1_57c_4.jpg,H1,.jpg,500,500,RGB,JPEG,train,0
data/raw/defungi/H1/H1_57c_5.jpg,H1,.jpg,500,500,RGB,JPEG,train,0
data/raw/defungi/H1/H1_57c_8.jpg,H1,.jpg,500,500,RGB,JPEG,train,0
data/raw/defungi/H1/H1_57c_9.jpg,H1,.jpg,500,500,RGB,JPEG,train,0
data/raw/defungi/H1/H1_58a_1.jpg,H1,.jpg,500,500,RGB,JPEG,train,0
data/raw/defungi/H1/H1_58a_2.jpg,H1,.jpg,500,500,RGB,JPEG,train,0
data/raw/defungi/H1/H1_58a_3.jpg,H1,.jpg,500,500,RGB,JPEG,train,0
data/raw/defungi/H1/H1_58a_4.jpg,H1,.jpg,500,500,RGB,JPEG,train,0
data/raw/defungi/H1/H1_58a_5.jpg,H1,.jpg,500,500,RGB,JPEG,train,0
data/raw/defungi/H1/H1_58a_6.jpg,H1,.jpg,500,500,RGB,JPEG,train,0
data/raw/defungi/H1/H1_58a_7.jpg,H1,.jpg,500,500,RGB,JPEG,train,0
data/raw/defungi/H1/H1_58a_8.jpg,H1,.jpg,500,500,RGB,JPEG,train,0
data/raw/defungi/H1/H1_58a_9.jpg,H1,.jpg,500,500,RGB,JPEG,train,0
data/raw/defungi/H1/H1_58b_10.jpg,H1,.jpg,500,500,RGB,JPEG,train,0
data/raw/defungi/H1/H1_58b_12.jpg,H1,.jpg,500,500,RGB,JPEG,train,0
data/raw/defungi/H1/H1_58b_2.jpg,H1,.jpg,500,500,RGB,JPEG,train,0
data/raw/defungi/H1/H1_58b_4.jpg,H1,.jpg,500,500,RGB,JPEG,train,0
data/raw/defungi/H1/H1_58b_5.jpg,H1,.jpg,500,500,RGB,JPEG,train,0
data/raw/defungi/H1/H1_58b_6.jpg,H1,.jpg,500,500,RGB,JPEG,train,0
data/raw/defungi/H1/H1_58b_7.jpg,H1,.jpg,500,500,RGB,JPEG,train,0
data/raw/defungi/H1/H1_58b_8.jpg,H1,.jpg,500,500,RGB,JPEG,train,0
data/raw/defungi/H1/H1_58b_9.jpg,H1,.jpg,500,500,RGB,JPEG,train,0
data/raw/defungi/H1/H1_58c_2.jpg,H1,.jpg,500,500,RGB,JPEG,train,0
data/raw/defungi/H1/H1_58c_3.jpg,H1,.jpg,500,500,RGB,JPEG,train,0
data/raw/defungi/H1/H1_58c_5.jpg,H1,.jpg,500,500,RGB,JPEG,train,0
data/raw/defungi/H1/H1_58c_6.jpg,H1,.jpg,500,500,RGB,JPEG,train,0
data/raw/defungi/H1/H1_58c_8.jpg,H1,.jpg,500,500,RGB,JPEG,train,0
data/raw/defungi/H1/H1_58c_9.jpg,H1,.jpg,500,500,RGB,JPEG,train,0
data/raw/defungi/H1/H1_59a_1.jpg,H1,.jpg,500,500,RGB,JPEG,train,0
data/raw/defungi/H1/H1_59a_6.jpg,H1,.jpg,500,500,RGB,JPEG,train,0
data/raw/defungi/H1/H1_59a_7.jpg,H1,.jpg,500,500,RGB,JPEG,train,0
data/raw/defungi/H1/H1_59a_8.jpg,H1,.jpg,500,500,RGB,JPEG,train,0
data/raw/defungi/H1/H1_59a_9.jpg,H1,.jpg,500,500,RGB,JPEG,train,0
data/raw/defungi/H1/H1_59b_10.jpg,H1,.jpg,500,500,RGB,JPEG,train,0
data/raw/defungi/H1/H1_59b_11.jpg,H1,.jpg,500,500,RGB,JPEG,train,0
data/raw/defungi/H1/H1_59b_12.jpg,H1,.jpg,500,500,RGB,JPEG,train,0
data/raw/defungi/H1/H1_59b_13.jpg,H1,.jpg,500,500,RGB,JPEG,train,0
data/raw/defungi/H1/H1_59b_15.jpg,H1,.jpg,500,500,RGB,JPEG,train,0
data/raw/defungi/H1/H1_59b_2.jpg,H1,.jpg,500,500,RGB,JPEG,train,0
data/raw/defungi/H1/H1_59b_3.jpg,H1,.jpg,500,500,RGB,JPEG,train,0
data/raw/defungi/H1/H1_59b_4.jpg,H1,.jpg,500,500,RGB,JPEG,train,0
data/raw/defungi/H1/H1_59b_6.jpg,H1,.jpg,500,500,RGB,JPEG,train,0
data/raw/defungi/H1/H1_59b_7.jpg,H1,.jpg,500,500,RGB,JPEG,train,0
data/raw/defungi/H1/H1_59b_9.jpg,H1,.jpg,500,500,RGB,JPEG,train,0
data/raw/defungi/H1/H1_59c_1.jpg,H1,.jpg,500,500,RGB,JPEG,train,0
data/raw/defungi/H1/H1_59c_2.jpg,H1,.jpg,500,500,RGB,JPEG,train,0
data/raw/defungi/H1/H1_59c_3.jpg,H1,.jpg,500,500,RGB,JPEG,train,0
data/raw/defungi/H1/H1_59c_4.jpg,H1,.jpg,500,500,RGB,JPEG,train,0
data/raw/defungi/H1/H1_59c_5.jpg,H1,.jpg,500,500,RGB,JPEG,train,0
data/raw/defungi/H1/H1_59c_6.jpg,H1,.jpg,500,500,RGB,JPEG,train,0
data/raw/defungi/H1/H1_59c_7.jpg,H1,.jpg,500,500,RGB,JPEG,train,0
data/raw/defungi/H1/H1_59c_8.jpg,H1,.jpg,500,500,RGB,JPEG,train,0
data/raw/defungi/H1/H1_59d_1.jpg,H1,.jpg,500,500,RGB,JPEG,train,0
data/raw/defungi/H1/H1_59d_4.jpg,H1,.jpg,500,500,RGB,JPEG,train,0
data/raw/defungi/H1/H1_59d_5.jpg,H1,.jpg,500,500,RGB,JPEG,train,0
data/raw/defungi/H1/H1_59d_6.jpg,H1,.jpg,500,500,RGB,JPEG,train,0
data/raw/defungi/H1/H1_59d_7.jpg,H1,.jpg,500,500,RGB,JPEG,train,0
data/raw/defungi/H1/H1_59d_8.jpg,H1,.jpg,500,500,RGB,JPEG,train,0
data/raw/defungi/H1/H1_59d_9.jpg,H1,.jpg,500,500,RGB,JPEG,train,0
data/raw/defungi/H1/H1_5a_1.jpg,H1,.jpg,500,500,RGB,JPEG,train,0
data/raw/defungi/H1/H1_5a_10.jpg,H1,.jpg,500,500,RGB,JPEG,train,0
data/raw/defungi/H1/H1_5a_11.jpg,H1,.jpg,500,500,RGB,JPEG,train,0
data/raw/defungi/H1/H1_5a_12.jpg,H1,.jpg,500,500,RGB,JPEG,train,0
data/raw/defungi/H1/H1_5a_13.jpg,H1,.jpg,500,500,RGB,JPEG,train,0
data/raw/defungi/H1/H1_5a_14.jpg,H1,.jpg,500,500,RGB,JPEG,train,0
data/raw/defungi/H1/H1_5a_16.jpg,H1,.jpg,500,500,RGB,JPEG,train,0
data/raw/defungi/H1/H1_5a_3.jpg,H1,.jpg,500,500,RGB,JPEG,train,0
data/raw/defungi/H1/H1_5a_4.jpg,H1,.jpg,500,500,RGB,JPEG,train,0
data/raw/defungi/H1/H1_5a_5.jpg,H1,.jpg,500,500,RGB,JPEG,train,0
data/raw/defungi/H1/H1_5a_6.jpg,H1,.jpg,500,500,RGB,JPEG,train,0
data/raw/defungi/H1/H1_5a_7.jpg,H1,.jpg,500,500,RGB,JPEG,train,0
data/raw/defungi/H1/H1_5a_8.jpg,H1,.jpg,500,500,RGB,JPEG,train,0
data/raw/defungi/H1/H1_5b_1.jpg,H1,.jpg,500,500,RGB,JPEG,train,0
data/raw/defungi/H1/H1_5b_10.jpg,H1,.jpg,500,500,RGB,JPEG,train,0
data/raw/defungi/H1/H1_5b_12.jpg,H1,.jpg,500,500,RGB,JPEG,train,0
data/raw/defungi/H1/H1_5b_14.jpg,H1,.jpg,500,500,RGB,JPEG,train,0
data/raw/defungi/H1/H1_5b_15.jpg,H1,.jpg,500,500,RGB,JPEG,train,0
data/raw/defungi/H1/H1_5b_16.jpg,H1,.jpg,500,500,RGB,JPEG,train,0
data/raw/defungi/H1/H1_5b_2.jpg,H1,.jpg,500,500,RGB,JPEG,train,0
data/raw/defungi/H1/H1_5b_6.jpg,H1,.jpg,500,500,RGB,JPEG,train,0
data/raw/defungi/H1/H1_5b_8.jpg,H1,.jpg,500,500,RGB,JPEG,train,0
data/raw/defungi/H1/H1_5b_9.jpg,H1,.jpg,500,500,RGB,JPEG,train,0
data/raw/defungi/H1/H1_5c_10.jpg,H1,.jpg,500,500,RGB,JPEG,train,0
data/raw/defungi/H1/H1_5c_12.jpg,H1,.jpg,500,500,RGB,JPEG,train,0
data/raw/defungi/H1/H1_5c_13.jpg,H1,.jpg,500,500,RGB,JPEG,train,0
data/raw/defungi/H1/H1_5c_16.jpg,H1,.jpg,500,500,RGB,JPEG,train,0
data/raw/defungi/H1/H1_5c_2.jpg,H1,.jpg,500,500,RGB,JPEG,train,0
data/raw/defungi/H1/H1_5c_3.jpg,H1,.jpg,500,500,RGB,JPEG,train,0
data/raw/defungi/H1/H1_5c_4.jpg,H1,.jpg,500,500,RGB,JPEG,train,0
data/raw/defungi/H1/H1_5c_5.jpg,H1,.jpg,500,500,RGB,JPEG,train,0
data/raw/defungi/H1/H1_5c_6.jpg,H1,.jpg,500,500,RGB,JPEG,train,0
data/raw/defungi/H1/H1_5c_7.jpg,H1,.jpg,500,500,RGB,JPEG,train,0
data/raw/defungi/H1/H1_5c_8.jpg,H1,.jpg,500,500,RGB,JPEG,train,0
data/raw/defungi/H1/H1_5c_9.jpg,H1,.jpg,500,500,RGB,JPEG,train,0
data/raw/defungi/H1/H1_60a_1.jpg,H1,.jpg,500,500,RGB,JPEG,train,0
data/raw/defungi/H1/H1_60a_2.jpg,H1,.jpg,500,500,RGB,JPEG,train,0
data/raw/defungi/H1/H1_60a_4.jpg,H1,.jpg,500,500,RGB,JPEG,train,0
data/raw/defungi/H1/H1_60a_5.jpg,H1,.jpg,500,500,RGB,JPEG,train,0
data/raw/defungi/H1/H1_60a_6.jpg,H1,.jpg,500,500,RGB,JPEG,train,0
data/raw/defungi/H1/H1_60a_7.jpg,H1,.jpg,500,500,RGB,JPEG,train,0
data/raw/defungi/H1/H1_60a_8.jpg,H1,.jpg,500,500,RGB,JPEG,train,0
data/raw/defungi/H1/H1_60a_9.jpg,H1,.jpg,500,500,RGB,JPEG,train,0
data/raw/defungi/H1/H1_60b_1.jpg,H1,.jpg,500,500,RGB,JPEG,train,0
data/raw/defungi/H1/H1_60b_10.jpg,H1,.jpg,500,500,RGB,JPEG,train,0
data/raw/defungi/H1/H1_60b_12.jpg,H1,.jpg,500,500,RGB,JPEG,train,0
data/raw/defungi/H1/H1_60b_13.jpg,H1,.jpg,500,500,RGB,JPEG,train,0
data/raw/defungi/H1/H1_60b_15.jpg,H1,.jpg,500,500,RGB,JPEG,train,0
data/raw/defungi/H1/H1_60b_2.jpg,H1,.jpg,500,500,RGB,JPEG,train,0
data/raw/defungi/H1/H1_60b_4.jpg,H1,.jpg,500,500,RGB,JPEG,train,0
data/raw/defungi/H1/H1_60b_5.jpg,H1,.jpg,500,500,RGB,JPEG,train,0
data/raw/defungi/H1/H1_60b_6.jpg,H1,.jpg,500,500,RGB,JPEG,train,0
data/raw/defungi/H1/H1_60b_8.jpg,H1,.jpg,500,500,RGB,JPEG,train,0
data/raw/defungi/H1/H1_60b_9.jpg,H1,.jpg,500,500,RGB,JPEG,train,0
data/raw/defungi/H1/H1_60c_1.jpg,H1,.jpg,500,500,RGB,JPEG,train,0
data/raw/defungi/H1/H1_60c_2.jpg,H1,.jpg,500,500,RGB,JPEG,train,0
data/raw/defungi/H1/H1_60c_3.jpg,H1,.jpg,500,500,RGB,JPEG,train,0
data/raw/defungi/H1/H1_60c_4.jpg,H1,.jpg,500,500,RGB,JPEG,train,0
data/raw/defungi/H1/H1_60c_6.jpg,H1,.jpg,500,500,RGB,JPEG,train,0
data/raw/defungi/H1/H1_60c_7.jpg,H1,.jpg,500,500,RGB,JPEG,train,0
data/raw/defungi/H1/H1_60c_8.jpg,H1,.jpg,500,500,RGB,JPEG,train,0
data/raw/defungi/H1/H1_61a_2.jpg,H1,.jpg,500,500,RGB,JPEG,train,0
data/raw/defungi/H1/H1_61a_3.jpg,H1,.jpg,500,500,RGB,JPEG,train,0
data/raw/defungi/H1/H1_61a_5.jpg,H1,.jpg,500,500,RGB,JPEG,train,0
data/raw/defungi/H1/H1_61a_6.jpg,H1,.jpg,500,500,RGB,JPEG,train,0
data/raw/defungi/H1/H1_61a_7.jpg,H1,.jpg,500,500,RGB,JPEG,train,0
data/raw/defungi/H1/H1_61a_8.jpg,H1,.jpg,500,500,RGB,JPEG,train,0
data/raw/defungi/H1/H1_61b_1.jpg,H1,.jpg,500,500,RGB,JPEG,train,0
data/raw/defungi/H1/H1_61b_2.jpg,H1,.jpg,500,500,RGB,JPEG,train,0
data/raw/defungi/H1/H1_61b_3.jpg,H1,.jpg,500,500,RGB,JPEG,train,0
data/raw/defungi/H1/H1_61b_6.jpg,H1,.jpg,500,500,RGB,JPEG,train,0
data/raw/defungi/H1/H1_61b_7.jpg,H1,.jpg,500,500,RGB,JPEG,train,0
data/raw/defungi/H1/H1_61b_8.jpg,H1,.jpg,500,500,RGB,JPEG,train,0
data/raw/defungi/H1/H1_61b_9.jpg,H1,.jpg,500,500,RGB,JPEG,train,0
data/raw/defungi/H1/H1_61c_1.jpg,H1,.jpg,500,500,RGB,JPEG,train,0
data/raw/defungi/H1/H1_61c_2.jpg,H1,.jpg,500,500,RGB,JPEG,train,0
data/raw/defungi/H1/H1_61c_3.jpg,H1,.jpg,500,500,RGB,JPEG,train,0
data/raw/defungi/H1/H1_61c_4.jpg,H1,.jpg,500,500,RGB,JPEG,train,0
data/raw/defungi/H1/H1_61c_6.jpg,H1,.jpg,500,500,RGB,JPEG,train,0
data/raw/defungi/H1/H1_61c_8.jpg,H1,.jpg,500,500,RGB,JPEG,train,0
data/raw/defungi/H1/H1_61c_9.jpg,H1,.jpg,500,500,RGB,JPEG,train,0
data/raw/defungi/H1/H1_62a_1.jpg,H1,.jpg,500,500,RGB,JPEG,train,0
data/raw/defungi/H1/H1_62a_10.jpg,H1,.jpg,500,500,RGB,JPEG,train,0
data/raw/defungi/H1/H1_62a_12.jpg,H1,.jpg,500,500,RGB,JPEG,train,0
data/raw/defungi/H1/H1_62a_13.jpg,H1,.jpg,500,500,RGB,JPEG,train,0
data/raw/defungi/H1/H1_62a_15.jpg,H1,.jpg,500,500,RGB,JPEG,train,0
data/raw/defungi/H1/H1_62a_16.jpg,H1,.jpg,500,500,RGB,JPEG,train,0
data/raw/defungi/H1/H1_62a_17.jpg,H1,.jpg,500,500,RGB,JPEG,train,0
data/raw/defungi/H1/H1_62a_18.jpg,H1,.jpg,500,500,RGB,JPEG,train,0
data/raw/defungi/H1/H1_62a_19.jpg,H1,.jpg,500,500,RGB,JPEG,train,0
data/raw/defungi/H1/H1_62a_2.jpg,H1,.jpg,500,500,RGB,JPEG,train,0
data/raw/defungi/H1/H1_62a_21.jpg,H1,.jpg,500,500,RGB,JPEG,train,0
data/raw/defungi/H1/H1_62a_22.jpg,H1,.jpg,500,500,RGB,JPEG,train,0
data/raw/defungi/H1/H1_62a_23.jpg,H1,.jpg,500,500,RGB,JPEG,train,0
data/raw/defungi/H1/H1_62a_24.jpg,H1,.jpg,500,500,RGB,JPEG,train,0
data/raw/defungi/H1/H1_62a_25.jpg,H1,.jpg,500,500,RGB,JPEG,train,0
data/raw/defungi/H1/H1_62a_3.jpg,H1,.jpg,500,500,RGB,JPEG,train,0
data/raw/defungi/H1/H1_62a_4.jpg,H1,.jpg,500,500,RGB,JPEG,train,0
data/raw/defungi/H1/H1_62a_6.jpg,H1,.jpg,500,500,RGB,JPEG,train,0
data/raw/defungi/H1/H1_62a_7.jpg,H1,.jpg,500,500,RGB,JPEG,train,0
data/raw/defungi/H1/H1_62a_8.jpg,H1,.jpg,500,500,RGB,JPEG,train,0
data/raw/defungi/H1/H1_62a_9.jpg,H1,.jpg,500,500,RGB,JPEG,train,0
data/raw/defungi/H1/H1_62b_1.jpg,H1,.jpg,500,500,RGB,JPEG,train,0
data/raw/defungi/H1/H1_62b_2.jpg,H1,.jpg,500,500,RGB,JPEG,train,0
data/raw/defungi/H1/H1_62b_3.jpg,H1,.jpg,500,500,RGB,JPEG,train,0
data/raw/defungi/H1/H1_62b_4.jpg,H1,.jpg,500,500,RGB,JPEG,train,0
data/raw/defungi/H1/H1_62b_5.jpg,H1,.jpg,500,500,RGB,JPEG,train,0
data/raw/defungi/H1/H1_62b_6.jpg,H1,.jpg,500,500,RGB,JPEG,train,0
data/raw/defungi/H1/H1_62b_8.jpg,H1,.jpg,500,500,RGB,JPEG,train,0
data/raw/defungi/H1/H1_62b_9.jpg,H1,.jpg,500,500,RGB,JPEG,train,0
data/raw/defungi/H1/H1_62c_3.jpg,H1,.jpg,500,500,RGB,JPEG,train,0
data/raw/defungi/H1/H1_62c_4.jpg,H1,.jpg,500,500,RGB,JPEG,train,0
data/raw/defungi/H1/H1_62c_5.jpg,H1,.jpg,500,500,RGB,JPEG,train,0
data/raw/defungi/H1/H1_62c_6.jpg,H1,.jpg,500,500,RGB,JPEG,train,0
data/raw/defungi/H1/H1_62c_7.jpg,H1,.jpg,500,500,RGB,JPEG,train,0
data/raw/defungi/H1/H1_62c_9.jpg,H1,.jpg,500,500,RGB,JPEG,train,0
data/raw/defungi/H1/H1_63a_1.jpg,H1,.jpg,500,500,RGB,JPEG,train,0
data/raw/defungi/H1/H1_63a_10.jpg,H1,.jpg,500,500,RGB,JPEG,train,0
data/raw/defungi/H1/H1_63a_11.jpg,H1,.jpg,500,500,RGB,JPEG,train,0
data/raw/defungi/H1/H1_63a_12.jpg,H1,.jpg,500,500,RGB,JPEG,train,0
data/raw/defungi/H1/H1_63a_14.jpg,H1,.jpg,500,500,RGB,JPEG,train,0
data/raw/defungi/H1/H1_63a_15.jpg,H1,.jpg,500,500,RGB,JPEG,train,0
data/raw/defungi/H1/H1_63a_2.jpg,H1,.jpg,500,500,RGB,JPEG,train,0
data/raw/defungi/H1/H1_63a_5.jpg,H1,.jpg,500,500,RGB,JPEG,train,0
data/raw/defungi/H1/H1_63a_7.jpg,H1,.jpg,500,500,RGB,JPEG,train,0
data/raw/defungi/H1/H1_63a_8.jpg,H1,.jpg,500,500,RGB,JPEG,train,0
data/raw/defungi/H1/H1_63a_9.jpg,H1,.jpg,500,500,RGB,JPEG,train,0
data/raw/defungi/H1/H1_63b_1.jpg,H1,.jpg,500,500,RGB,JPEG,train,0
data/raw/defungi/H1/H1_63b_2.jpg,H1,.jpg,500,500,RGB,JPEG,train,0
data/raw/defungi/H1/H1_63b_4.jpg,H1,.jpg,500,500,RGB,JPEG,train,0
data/raw/defungi/H1/H1_63b_6.jpg,H1,.jpg,500,500,RGB,JPEG,train,0
data/raw/defungi/H1/H1_63b_8.jpg,H1,.jpg,500,500,RGB,JPEG,train,0
data/raw/defungi/H1/H1_63b_9.jpg,H1,.jpg,500,500,RGB,JPEG,train,0
data/raw/defungi/H1/H1_63c_4.jpg,H1,.jpg,500,500,RGB,JPEG,train,0
data/raw/defungi/H1/H1_63c_7.jpg,H1,.jpg,500,500,RGB,JPEG,train,0
data/raw/defungi/H1/H1_63c_8.jpg,H1,.jpg,500,500,RGB,JPEG,train,0
data/raw/defungi/H1/H1_63c_9.jpg,H1,.jpg,500,500,RGB,JPEG,train,0
data/raw/defungi/H1/H1_63d_10.jpg,H1,.jpg,500,500,RGB,JPEG,train,0
data/raw/defungi/H1/H1_63d_12.jpg,H1,.jpg,500,500,RGB,JPEG,train,0
data/raw/defungi/H1/H1_63d_13.jpg,H1,.jpg,500,500,RGB,JPEG,train,0
data/raw/defungi/H1/H1_63d_14.jpg,H1,.jpg,500,500,RGB,JPEG,train,0
data/raw/defungi/H1/H1_63d_2.jpg,H1,.jpg,500,500,RGB,JPEG,train,0
data/raw/defungi/H1/H1_63d_3.jpg,H1,.jpg,500,500,RGB,JPEG,train,0
data/raw/defungi/H1/H1_63d_4.jpg,H1,.jpg,500,500,RGB,JPEG,train,0
data/raw/defungi/H1/H1_63d_5.jpg,H1,.jpg,500,500,RGB,JPEG,train,0
data/raw/defungi/H1/H1_63d_9.jpg,H1,.jpg,500,500,RGB,JPEG,train,0
data/raw/defungi/H1/H1_63e_4.jpg,H1,.jpg,500,500,RGB,JPEG,train,0
data/raw/defungi/H1/H1_64a_12.jpg,H1,.jpg,500,500,RGB,JPEG,train,0
data/raw/defungi/H1/H1_64a_13.jpg,H1,.jpg,500,500,RGB,JPEG,train,0
data/raw/defungi/H1/H1_64a_14.jpg,H1,.jpg,500,500,RGB,JPEG,train,0
data/raw/defungi/H1/H1_64a_15.jpg,H1,.jpg,500,500,RGB,JPEG,train,0
data/raw/defungi/H1/H1_64a_5.jpg,H1,.jpg,500,500,RGB,JPEG,train,0
data/raw/defungi/H1/H1_64a_6.jpg,H1,.jpg,500,500,RGB,JPEG,train,0
data/raw/defungi/H1/H1_64a_7.jpg,H1,.jpg,500,500,RGB,JPEG,train,0
data/raw/defungi/H1/H1_64a_8.jpg,H1,.jpg,500,500,RGB,JPEG,train,0
data/raw/defungi/H1/H1_64a_9.jpg,H1,.jpg,500,500,RGB,JPEG,train,0
data/raw/defungi/H1/H1_64b_1.jpg,H1,.jpg,500,500,RGB,JPEG,train,0
data/raw/defungi/H1/H1_64b_2.jpg,H1,.jpg,500,500,RGB,JPEG,train,0
data/raw/defungi/H1/H1_64b_3.jpg,H1,.jpg,500,500,RGB,JPEG,train,0
data/raw/defungi/H1/H1_64b_5.jpg,H1,.jpg,500,500,RGB,JPEG,train,0
data/raw/defungi/H1/H1_64b_6.jpg,H1,.jpg,500,500,RGB,JPEG,train,0
data/raw/defungi/H1/H1_64b_7.jpg,H1,.jpg,500,500,RGB,JPEG,train,0
data/raw/defungi/H1/H1_64b_8.jpg,H1,.jpg,500,500,RGB,JPEG,train,0
data/raw/defungi/H1/H1_64b_9.jpg,H1,.jpg,500,500,RGB,JPEG,train,0
data/raw/defungi/H1/H1_65a_10.jpg,H1,.jpg,500,500,RGB,JPEG,train,0
data/raw/defungi/H1/H1_65a_11.jpg,H1,.jpg,500,500,RGB,JPEG,train,0
data/raw/defungi/H1/H1_65a_12.jpg,H1,.jpg,500,500,RGB,JPEG,train,0
data/raw/defungi/H1/H1_65a_14.jpg,H1,.jpg,500,500,RGB,JPEG,train,0
data/raw/defungi/H1/H1_65a_15.jpg,H1,.jpg,500,500,RGB,JPEG,train,0
data/raw/defungi/H1/H1_65a_16.jpg,H1,.jpg,500,500,RGB,JPEG,train,0
data/raw/defungi/H1/H1_65a_2.jpg,H1,.jpg,500,500,RGB,JPEG,train,0
data/raw/defungi/H1/H1_65a_3.jpg,H1,.jpg,500,500,RGB,JPEG,train,0
data/raw/defungi/H1/H1_65a_4.jpg,H1,.jpg,500,500,RGB,JPEG,train,0
data/raw/defungi/H1/H1_65a_7.jpg,H1,.jpg,500,500,RGB,JPEG,train,0
data/raw/defungi/H1/H1_65a_8.jpg,H1,.jpg,500,500,RGB,JPEG,train,0
data/raw/defungi/H1/H1_65b_1.jpg,H1,.jpg,500,500,RGB,JPEG,train,0
data/raw/defungi/H1/H1_65b_11.jpg,H1,.jpg,500,500,RGB,JPEG,train,0
data/raw/defungi/H1/H1_65b_12.jpg,H1,.jpg,500,500,RGB,JPEG,train,0
data/raw/defungi/H1/H1_65b_15.jpg,H1,.jpg,500,500,RGB,JPEG,train,0
data/raw/defungi/H1/H1_65b_3.jpg,H1,.jpg,500,500,RGB,JPEG,train,0
data/raw/defungi/H1/H1_65b_4.jpg,H1,.jpg,500,500,RGB,JPEG,train,0
data/raw/defungi/H1/H1_65b_5.jpg,H1,.jpg,500,500,RGB,JPEG,train,0
data/raw/defungi/H1/H1_65b_7.jpg,H1,.jpg,500,500,RGB,JPEG,train,0
data/raw/defungi/H1/H1_65b_8.jpg,H1,.jpg,500,500,RGB,JPEG,train,0
data/raw/defungi/H1/H1_65b_9.jpg,H1,.jpg,500,500,RGB,JPEG,train,0
data/raw/defungi/H1/H1_65c_1.jpg,H1,.jpg,500,500,RGB,JPEG,train,0
data/raw/defungi/H1/H1_65c_11.jpg,H1,.jpg,500,500,RGB,JPEG,train,0
data/raw/defungi/H1/H1_65c_2.jpg,H1,.jpg,500,500,RGB,JPEG,train,0
data/raw/defungi/H1/H1_65c_4.jpg,H1,.jpg,500,500,RGB,JPEG,train,0
data/raw/defungi/H1/H1_65c_5.jpg,H1,.jpg,500,500,RGB,JPEG,train,0
data/raw/defungi/H1/H1_65c_7.jpg,H1,.jpg,500,500,RGB,JPEG,train,0
data/raw/defungi/H1/H1_65c_8.jpg,H1,.jpg,500,500,RGB,JPEG,train,0
data/raw/defungi/H1/H1_65c_9.jpg,H1,.jpg,500,500,RGB,JPEG,train,0
data/raw/defungi/H1/H1_65d_2.jpg,H1,.jpg,500,500,RGB,JPEG,train,0
data/raw/defungi/H1/H1_65d_5.jpg,H1,.jpg,500,500,RGB,JPEG,train,0
data/raw/defungi/H1/H1_66a_1.jpg,H1,.jpg,500,500,RGB,JPEG,train,0
data/raw/defungi/H1/H1_66a_10.jpg,H1,.jpg,500,500,RGB,JPEG,train,0
data/raw/defungi/H1/H1_66a_12.jpg,H1,.jpg,500,500,RGB,JPEG,train,0
data/raw/defungi/H1/H1_66a_3.jpg,H1,.jpg,500,500,RGB,JPEG,train,0
data/raw/defungi/H1/H1_66a_5.jpg,H1,.jpg,500,500,RGB,JPEG,train,0
data/raw/defungi/H1/H1_66a_6.jpg,H1,.jpg,500,500,RGB,JPEG,train,0
data/raw/defungi/H1/H1_66a_7.jpg,H1,.jpg,500,500,RGB,JPEG,train,0
data/raw/defungi/H1/H1_66a_8.jpg,H1,.jpg,500,500,RGB,JPEG,train,0
data/raw/defungi/H1/H1_66a_9.jpg,H1,.jpg,500,500,RGB,JPEG,train,0
data/raw/defungi/H1/H1_66b_2.jpg,H1,.jpg,500,500,RGB,JPEG,train,0
data/raw/defungi/H1/H1_66b_4.jpg,H1,.jpg,500,500,RGB,JPEG,train,0
data/raw/defungi/H1/H1_66b_5.jpg,H1,.jpg,500,500,RGB,JPEG,train,0
data/raw/defungi/H1/H1_66b_6.jpg,H1,.jpg,500,500,RGB,JPEG,train,0
data/raw/defungi/H1/H1_66b_7.jpg,H1,.jpg,500,500,RGB,JPEG,train,0
data/raw/defungi/H1/H1_66c_1.jpg,H1,.jpg,500,500,RGB,JPEG,train,0
data/raw/defungi/H1/H1_66c_10.jpg,H1,.jpg,500,500,RGB,JPEG,train,0
data/raw/defungi/H1/H1_66c_11.jpg,H1,.jpg,500,500,RGB,JPEG,train,0
data/raw/defungi/H1/H1_66c_12.jpg,H1,.jpg,500,500,RGB,JPEG,train,0
data/raw/defungi/H1/H1_66c_16.jpg,H1,.jpg,500,500,RGB,JPEG,train,0
data/raw/defungi/H1/H1_66c_4.jpg,H1,.jpg,500,500,RGB,JPEG,train,0
data/raw/defungi/H1/H1_66c_5.jpg,H1,.jpg,500,500,RGB,JPEG,train,0
data/raw/defungi/H1/H1_66c_7.jpg,H1,.jpg,500,500,RGB,JPEG,train,0
data/raw/defungi/H1/H1_66c_9.jpg,H1,.jpg,500,500,RGB,JPEG,train,0
data/raw/defungi/H1/H1_67a_10.jpg,H1,.jpg,500,500,RGB,JPEG,train,0
data/raw/defungi/H1/H1_67a_12.jpg,H1,.jpg,500,500,RGB,JPEG,train,0
data/raw/defungi/H1/H1_67a_14.jpg,H1,.jpg,500,500,RGB,JPEG,train,0
data/raw/defungi/H1/H1_67a_15.jpg,H1,.jpg,500,500,RGB,JPEG,train,0
data/raw/defungi/H1/H1_67a_16.jpg,H1,.jpg,500,500,RGB,JPEG,train,0
data/raw/defungi/H1/H1_67a_17.jpg,H1,.jpg,500,500,RGB,JPEG,train,0
data/raw/defungi/H1/H1_67a_18.jpg,H1,.jpg,500,500,RGB,JPEG,train,0
data/raw/defungi/H1/H1_67a_2.jpg,H1,.jpg,500,500,RGB,JPEG,train,0
data/raw/defungi/H1/H1_67a_21.jpg,H1,.jpg,500,500,RGB,JPEG,train,0
data/raw/defungi/H1/H1_67a_22.jpg,H1,.jpg,500,500,RGB,JPEG,train,0
data/raw/defungi/H1/H1_67a_23.jpg,H1,.jpg,500,500,RGB,JPEG,train,0
data/raw/defungi/H1/H1_67a_24.jpg,H1,.jpg,500,500,RGB,JPEG,train,0
data/raw/defungi/H1/H1_67a_25.jpg,H1,.jpg,500,500,RGB,JPEG,train,0
data/raw/defungi/H1/H1_67a_26.jpg,H1,.jpg,500,500,RGB,JPEG,train,0
data/raw/defungi/H1/H1_67a_27.jpg,H1,.jpg,500,500,RGB,JPEG,train,0
data/raw/defungi/H1/H1_67a_4.jpg,H1,.jpg,500,500,RGB,JPEG,train,0
data/raw/defungi/H1/H1_67a_6.jpg,H1,.jpg,500,500,RGB,JPEG,train,0
data/raw/defungi/H1/H1_67a_7.jpg,H1,.jpg,500,500,RGB,JPEG,train,0
data/raw/defungi/H1/H1_67a_8.jpg,H1,.jpg,500,500,RGB,JPEG,train,0
data/raw/defungi/H1/H1_67b_1.jpg,H1,.jpg,500,500,RGB,JPEG,train,0
data/raw/defungi/H1/H1_67b_10.jpg,H1,.jpg,500,500,RGB,JPEG,train,0
data/raw/defungi/H1/H1_67b_11.jpg,H1,.jpg,500,500,RGB,JPEG,train,0
data/raw/defungi/H1/H1_67b_12.jpg,H1,.jpg,500,500,RGB,JPEG,train,0
data/raw/defungi/H1/H1_67b_14.jpg,H1,.jpg,500,500,RGB,JPEG,train,0
data/raw/defungi/H1/H1_67b_16.jpg,H1,.jpg,500,500,RGB,JPEG,train,0
data/raw/defungi/H1/H1_67b_17.jpg,H1,.jpg,500,500,RGB,JPEG,train,0
data/raw/defungi/H1/H1_67b_19.jpg,H1,.jpg,500,500,RGB,JPEG,train,0
data/raw/defungi/H1/H1_67b_4.jpg,H1,.jpg,500,500,RGB,JPEG,train,0
data/raw/defungi/H1/H1_67b_5.jpg,H1,.jpg,500,500,RGB,JPEG,train,0
data/raw/defungi/H1/H1_67b_8.jpg,H1,.jpg,500,500,RGB,JPEG,train,0
data/raw/defungi/H1/H1_67c_1.jpg,H1,.jpg,500,500,RGB,JPEG,train,0
data/raw/defungi/H1/H1_67c_12.jpg,H1,.jpg,500,500,RGB,JPEG,train,0
data/raw/defungi/H1/H1_67c_13.jpg,H1,.jpg,500,500,RGB,JPEG,train,0
data/raw/defungi/H1/H1_67c_15.jpg,H1,.jpg,500,500,RGB,JPEG,train,0
data/raw/defungi/H1/H1_67c_17.jpg,H1,.jpg,500,500,RGB,JPEG,train,0
data/raw/defungi/H1/H1_67c_19.jpg,H1,.jpg,500,500,RGB,JPEG,train,0
data/raw/defungi/H1/H1_67c_2.jpg,H1,.jpg,500,500,RGB,JPEG,train,0
data/raw/defungi/H1/H1_67c_22.jpg,H1,.jpg,500,500,RGB,JPEG,train,0
data/raw/defungi/H1/H1_67c_24.jpg,H1,.jpg,500,500,RGB,JPEG,train,0
data/raw/defungi/H1/H1_67c_3.jpg,H1,.jpg,500,500,RGB,JPEG,train,0
data/raw/defungi/H1/H1_67c_4.jpg,H1,.jpg,500,500,RGB,JPEG,train,0
data/raw/defungi/H1/H1_67c_5.jpg,H1,.jpg,500,500,RGB,JPEG,train,0
data/raw/defungi/H1/H1_67c_7.jpg,H1,.jpg,500,500,RGB,JPEG,train,0
data/raw/defungi/H1/H1_67c_8.jpg,H1,.jpg,500,500,RGB,JPEG,train,0
data/raw/defungi/H1/H1_67c_9.jpg,H1,.jpg,500,500,RGB,JPEG,train,0
data/raw/defungi/H1/H1_67d_10.jpg,H1,.jpg,500,500,RGB,JPEG,train,0
data/raw/defungi/H1/H1_67d_11.jpg,H1,.jpg,500,500,RGB,JPEG,train,0
data/raw/defungi/H1/H1_67d_12.jpg,H1,.jpg,500,500,RGB,JPEG,train,0
data/raw/defungi/H1/H1_67d_13.jpg,H1,.jpg,500,500,RGB,JPEG,train,0
data/raw/defungi/H1/H1_67d_15.jpg,H1,.jpg,500,500,RGB,JPEG,train,0
data/raw/defungi/H1/H1_67d_18.jpg,H1,.jpg,500,500,RGB,JPEG,train,0
data/raw/defungi/H1/H1_67d_2.jpg,H1,.jpg,500,500,RGB,JPEG,train,0
data/raw/defungi/H1/H1_67d_21.jpg,H1,.jpg,500,500,RGB,JPEG,train,0
data/raw/defungi/H1/H1_67d_22.jpg,H1,.jpg,500,500,RGB,JPEG,train,0
data/raw/defungi/H1/H1_67d_24.jpg,H1,.jpg,500,500,RGB,JPEG,train,0
data/raw/defungi/H1/H1_67d_25.jpg,H1,.jpg,500,500,RGB,JPEG,train,0
data/raw/defungi/H1/H1_67d_3.jpg,H1,.jpg,500,500,RGB,JPEG,train,0
data/raw/defungi/H1/H1_67d_4.jpg,H1,.jpg,500,500,RGB,JPEG,train,0
data/raw/defungi/H1/H1_67d_5.jpg,H1,.jpg,500,500,RGB,JPEG,train,0
data/raw/defungi/H1/H1_67d_6.jpg,H1,.jpg,500,500,RGB,JPEG,train,0
data/raw/defungi/H1/H1_68a_1.jpg,H1,.jpg,500,500,RGB,JPEG,train,0
data/raw/defungi/H1/H1_68a_10.jpg,H1,.jpg,500,500,RGB,JPEG,train,0
data/raw/defungi/H1/H1_68a_12.jpg,H1,.jpg,500,500,RGB,JPEG,train,0
data/raw/defungi/H1/H1_68a_13.jpg,H1,.jpg,500,500,RGB,JPEG,train,0
data/raw/defungi/H1/H1_68a_14.jpg,H1,.jpg,500,500,RGB,JPEG,train,0
data/raw/defungi/H1/H1_68a_15.jpg,H1,.jpg,500,500,RGB,JPEG,train,0
data/raw/defungi/H1/H1_68a_16.jpg,H1,.jpg,500,500,RGB,JPEG,train,0
data/raw/defungi/H1/H1_68a_18.jpg,H1,.jpg,500,500,RGB,JPEG,train,0
data/raw/defungi/H1/H1_68a_4.jpg,H1,.jpg,500,500,RGB,JPEG,train,0
data/raw/defungi/H1/H1_68a_5.jpg,H1,.jpg,500,500,RGB,JPEG,train,0
data/raw/defungi/H1/H1_68a_6.jpg,H1,.jpg,500,500,RGB,JPEG,train,0
data/raw/defungi/H1/H1_68b_1.jpg,H1,.jpg,500,500,RGB,JPEG,train,0
data/raw/defungi/H1/H1_68b_10.jpg,H1,.jpg,500,500,RGB,JPEG,train,0
data/raw/defungi/H1/H1_68b_11.jpg,H1,.jpg,500,500,RGB,JPEG,train,0
data/raw/defungi/H1/H1_68b_12.jpg,H1,.jpg,500,500,RGB,JPEG,train,0
data/raw/defungi/H1/H1_68b_14.jpg,H1,.jpg,500,500,RGB,JPEG,train,0
data/raw/defungi/H1/H1_68b_15.jpg,H1,.jpg,500,500,RGB,JPEG,train,0
data/raw/defungi/H1/H1_68b_18.jpg,H1,.jpg,500,500,RGB,JPEG,train,0
data/raw/defungi/H1/H1_68b_19.jpg,H1,.jpg,500,500,RGB,JPEG,train,0
data/raw/defungi/H1/H1_68b_2.jpg,H1,.jpg,500,500,RGB,JPEG,train,0
data/raw/defungi/H1/H1_68b_20.jpg,H1,.jpg,500,500,RGB,JPEG,train,0
data/raw/defungi/H1/H1_68b_3.jpg,H1,.jpg,500,500,RGB,JPEG,train,0
data/raw/defungi/H1/H1_68b_5.jpg,H1,.jpg,500,500,RGB,JPEG,train,0
data/raw/defungi/H1/H1_68b_6.jpg,H1,.jpg,500,500,RGB,JPEG,train,0
data/raw/defungi/H1/H1_68b_7.jpg,H1,.jpg,500,500,RGB,JPEG,train,0
data/raw/defungi/H1/H1_68b_8.jpg,H1,.jpg,500,500,RGB,JPEG,train,0
data/raw/defungi/H1/H1_68b_9.jpg,H1,.jpg,500,500,RGB,JPEG,train,0
data/raw/defungi/H1/H1_69a_1.jpg,H1,.jpg,500,500,RGB,JPEG,train,0
data/raw/defungi/H1/H1_69a_10.jpg,H1,.jpg,500,500,RGB,JPEG,train,0
data/raw/defungi/H1/H1_69a_11.jpg,H1,.jpg,500,500,RGB,JPEG,train,0
data/raw/defungi/H1/H1_69a_12.jpg,H1,.jpg,500,500,RGB,JPEG,train,0
data/raw/defungi/H1/H1_69a_13.jpg,H1,.jpg,500,500,RGB,JPEG,train,0
data/raw/defungi/H1/H1_69a_15.jpg,H1,.jpg,500,500,RGB,JPEG,train,0
data/raw/defungi/H1/H1_69a_2.jpg,H1,.jpg,500,500,RGB,JPEG,train,0
data/raw/defungi/H1/H1_69a_3.jpg,H1,.jpg,500,500,RGB,JPEG,train,0
data/raw/defungi/H1/H1_69a_4.jpg,H1,.jpg,500,500,RGB,JPEG,train,0
data/raw/defungi/H1/H1_69a_6.jpg,H1,.jpg,500,500,RGB,JPEG,train,0
data/raw/defungi/H1/H1_69a_7.jpg,H1,.jpg,500,500,RGB,JPEG,train,0
data/raw/defungi/H1/H1_69a_8.jpg,H1,.jpg,500,500,RGB,JPEG,train,0
data/raw/defungi/H1/H1_69a_9.jpg,H1,.jpg,500,500,RGB,JPEG,train,0
data/raw/defungi/H1/H1_69b_1.jpg,H1,.jpg,500,500,RGB,JPEG,train,0
data/raw/defungi/H1/H1_69b_12.jpg,H1,.jpg,500,500,RGB,JPEG,train,0
data/raw/defungi/H1/H1_69b_13.jpg,H1,.jpg,500,500,RGB,JPEG,train,0
data/raw/defungi/H1/H1_69b_15.jpg,H1,.jpg,500,500,RGB,JPEG,train,0
data/raw/defungi/H1/H1_69b_16.jpg,H1,.jpg,500,500,RGB,JPEG,train,0
data/raw/defungi/H1/H1_69b_2.jpg,H1,.jpg,500,500,RGB,JPEG,train,0
data/raw/defungi/H1/H1_69b_3.jpg,H1,.jpg,500,500,RGB,JPEG,train,0
data/raw/defungi/H1/H1_69b_4.jpg,H1,.jpg,500,500,RGB,JPEG,train,0
data/raw/defungi/H1/H1_69b_5.jpg,H1,.jpg,500,500,RGB,JPEG,train,0
data/raw/defungi/H1/H1_6a_1.jpg,H1,.jpg,500,500,RGB,JPEG,train,0
data/raw/defungi/H1/H1_6a_10.jpg,H1,.jpg,500,500,RGB,JPEG,train,0
data/raw/defungi/H1/H1_6a_11.jpg,H1,.jpg,500,500,RGB,JPEG,train,0
data/raw/defungi/H1/H1_6a_12.jpg,H1,.jpg,500,500,RGB,JPEG,train,0
data/raw/defungi/H1/H1_6a_13.jpg,H1,.jpg,500,500,RGB,JPEG,train,0
data/raw/defungi/H1/H1_6a_14.jpg,H1,.jpg,500,500,RGB,JPEG,train,0
data/raw/defungi/H1/H1_6a_15.jpg,H1,.jpg,500,500,RGB,JPEG,train,0
data/raw/defungi/H1/H1_6a_16.jpg,H1,.jpg,500,500,RGB,JPEG,train,0
data/raw/defungi/H1/H1_6a_2.jpg,H1,.jpg,500,500,RGB,JPEG,train,0
data/raw/defungi/H1/H1_6a_3.jpg,H1,.jpg,500,500,RGB,JPEG,train,0
data/raw/defungi/H1/H1_6a_6.jpg,H1,.jpg,500,500,RGB,JPEG,train,0
data/raw/defungi/H1/H1_6a_7.jpg,H1,.jpg,500,500,RGB,JPEG,train,0
data/raw/defungi/H1/H1_6a_8.jpg,H1,.jpg,500,500,RGB,JPEG,train,0
data/raw/defungi/H1/H1_6a_9.jpg,H1,.jpg,500,500,RGB,JPEG,train,0
data/raw/defungi/H1/H1_6b_1.jpg,H1,.jpg,500,500,RGB,JPEG,train,0
data/raw/defungi/H1/H1_6b_11.jpg,H1,.jpg,500,500,RGB,JPEG,train,0
data/raw/defungi/H1/H1_6b_12.jpg,H1,.jpg,500,500,RGB,JPEG,train,0
data/raw/defungi/H1/H1_6b_14.jpg,H1,.jpg,500,500,RGB,JPEG,train,0
data/raw/defungi/H1/H1_6b_15.jpg,H1,.jpg,500,500,RGB,JPEG,train,0
data/raw/defungi/H1/H1_6b_16.jpg,H1,.jpg,500,500,RGB,JPEG,train,0
data/raw/defungi/H1/H1_6b_18.jpg,H1,.jpg,500,500,RGB,JPEG,train,0
data/raw/defungi/H1/H1_6b_2.jpg,H1,.jpg,500,500,RGB,JPEG,train,0
data/raw/defungi/H1/H1_6b_3.jpg,H1,.jpg,500,500,RGB,JPEG,train,0
data/raw/defungi/H1/H1_6b_4.jpg,H1,.jpg,500,500,RGB,JPEG,train,0
data/raw/defungi/H1/H1_6b_5.jpg,H1,.jpg,500,500,RGB,JPEG,train,0
data/raw/defungi/H1/H1_6b_6.jpg,H1,.jpg,500,500,RGB,JPEG,train,0
data/raw/defungi/H1/H1_6b_8.jpg,H1,.jpg,500,500,RGB,JPEG,train,0
data/raw/defungi/H1/H1_6b_9.jpg,H1,.jpg,500,500,RGB,JPEG,train,0
data/raw/defungi/H1/H1_70a_5.jpg,H1,.jpg,500,500,RGB,JPEG,train,0
data/raw/defungi/H1/H1_70a_8.jpg,H1,.jpg,500,500,RGB,JPEG,train,0
data/raw/defungi/H1/H1_70a_9.jpg,H1,.jpg,500,500,RGB,JPEG,train,0
data/raw/defungi/H1/H1_70b_1.jpg,H1,.jpg,500,500,RGB,JPEG,train,0
data/raw/defungi/H1/H1_70b_2.jpg,H1,.jpg,500,500,RGB,JPEG,train,0
data/raw/defungi/H1/H1_70b_3.jpg,H1,.jpg,500,500,RGB,JPEG,train,0
data/raw/defungi/H1/H1_70b_4.jpg,H1,.jpg,500,500,RGB,JPEG,train,0
data/raw/defungi/H1/H1_70b_8.jpg,H1,.jpg,500,500,RGB,JPEG,train,0
data/raw/defungi/H1/H1_70b_9.jpg,H1,.jpg,500,500,RGB,JPEG,train,0
data/raw/defungi/H1/H1_70c_11.jpg,H1,.jpg,500,500,RGB,JPEG,train,0
data/raw/defungi/H1/H1_70c_12.jpg,H1,.jpg,500,500,RGB,JPEG,train,0
data/raw/defungi/H1/H1_70c_2.jpg,H1,.jpg,500,500,RGB,JPEG,train,0
data/raw/defungi/H1/H1_70c_3.jpg,H1,.jpg,500,500,RGB,JPEG,train,0
data/raw/defungi/H1/H1_70c_4.jpg,H1,.jpg,500,500,RGB,JPEG,train,0
data/raw/defungi/H1/H1_70c_7.jpg,H1,.jpg,500,500,RGB,JPEG,train,0
data/raw/defungi/H1/H1_70c_8.jpg,H1,.jpg,500,500,RGB,JPEG,train,0
data/raw/defungi/H1/H1_70c_9.jpg,H1,.jpg,500,500,RGB,JPEG,train,0
data/raw/defungi/H1/H1_71a_1.jpg,H1,.jpg,500,500,RGB,JPEG,train,0
data/raw/defungi/H1/H1_71a_2.jpg,H1,.jpg,500,500,RGB,JPEG,train,0
data/raw/defungi/H1/H1_71a_5.jpg,H1,.jpg,500,500,RGB,JPEG,train,0
data/raw/defungi/H1/H1_71a_6.jpg,H1,.jpg,500,500,RGB,JPEG,train,0
data/raw/defungi/H1/H1_71a_8.jpg,H1,.jpg,500,500,RGB,JPEG,train,0
data/raw/defungi/H1/H1_71b_1.jpg,H1,.jpg,500,500,RGB,JPEG,train,0
data/raw/defungi/H1/H1_71b_3.jpg,H1,.jpg,500,500,RGB,JPEG,train,0
data/raw/defungi/H1/H1_71c_2.jpg,H1,.jpg,500,500,RGB,JPEG,train,0
data/raw/defungi/H1/H1_71d_1.jpg,H1,.jpg,500,500,RGB,JPEG,train,0
data/raw/defungi/H1/H1_71d_2.jpg,H1,.jpg,500,500,RGB,JPEG,train,0
data/raw/defungi/H1/H1_72a_1.jpg,H1,.jpg,500,500,RGB,JPEG,train,0
data/raw/defungi/H1/H1_72a_10.jpg,H1,.jpg,500,500,RGB,JPEG,train,0
data/raw/defungi/H1/H1_72a_11.jpg,H1,.jpg,500,500,RGB,JPEG,train,0
data/raw/defungi/H1/H1_72a_13.jpg,H1,.jpg,500,500,RGB,JPEG,train,0
data/raw/defungi/H1/H1_72a_15.jpg,H1,.jpg,500,500,RGB,JPEG,train,0
data/raw/defungi/H1/H1_72a_16.jpg,H1,.jpg,500,500,RGB,JPEG,train,0
data/raw/defungi/H1/H1_72a_17.jpg,H1,.jpg,500,500,RGB,JPEG,train,0
data/raw/defungi/H1/H1_72a_18.jpg,H1,.jpg,500,500,RGB,JPEG,train,0
data/raw/defungi/H1/H1_72a_19.jpg,H1,.jpg,500,500,RGB,JPEG,train,0
data/raw/defungi/H1/H1_72a_2.jpg,H1,.jpg,500,500,RGB,JPEG,train,0
data/raw/defungi/H1/H1_72a_22.jpg,H1,.jpg,500,500,RGB,JPEG,train,0
data/raw/defungi/H1/H1_72a_24.jpg,H1,.jpg,500,500,RGB,JPEG,train,0
data/raw/defungi/H1/H1_72a_4.jpg,H1,.jpg,500,500,RGB,JPEG,train,0
data/raw/defungi/H1/H1_72a_6.jpg,H1,.jpg,500,500,RGB,JPEG,train,0
data/raw/defungi/H1/H1_72a_7.jpg,H1,.jpg,500,500,RGB,JPEG,train,0
data/raw/defungi/H1/H1_72a_8.jpg,H1,.jpg,500,500,RGB,JPEG,train,0
data/raw/defungi/H1/H1_72a_9.jpg,H1,.jpg,500,500,RGB,JPEG,train,0
data/raw/defungi/H1/H1_72b_1.jpg,H1,.jpg,500,500,RGB,JPEG,train,0
data/raw/defungi/H1/H1_72b_10.jpg,H1,.jpg,500,500,RGB,JPEG,train,0
data/raw/defungi/H1/H1_72b_11.jpg,H1,.jpg,500,500,RGB,JPEG,train,0
data/raw/defungi/H1/H1_72b_12.jpg,H1,.jpg,500,500,RGB,JPEG,train,0
data/raw/defungi/H1/H1_72b_2.jpg,H1,.jpg,500,500,RGB,JPEG,train,0
data/raw/defungi/H1/H1_72b_3.jpg,H1,.jpg,500,500,RGB,JPEG,train,0
data/raw/defungi/H1/H1_72b_4.jpg,H1,.jpg,500,500,RGB,JPEG,train,0
data/raw/defungi/H1/H1_72b_6.jpg,H1,.jpg,500,500,RGB,JPEG,train,0
data/raw/defungi/H1/H1_72b_7.jpg,H1,.jpg,500,500,RGB,JPEG,train,0
data/raw/defungi/H1/H1_72b_8.jpg,H1,.jpg,500,500,RGB,JPEG,train,0
data/raw/defungi/H1/H1_72c_10.jpg,H1,.jpg,500,500,RGB,JPEG,train,0
data/raw/defungi/H1/H1_72c_16.jpg,H1,.jpg,500,500,RGB,JPEG,train,0
data/raw/defungi/H1/H1_72c_18.jpg,H1,.jpg,500,500,RGB,JPEG,train,0
data/raw/defungi/H1/H1_72c_19.jpg,H1,.jpg,500,500,RGB,JPEG,train,0
data/raw/defungi/H1/H1_72c_20.jpg,H1,.jpg,500,500,RGB,JPEG,train,0
data/raw/defungi/H1/H1_72c_21.jpg,H1,.jpg,500,500,RGB,JPEG,train,0
data/raw/defungi/H1/H1_72c_22.jpg,H1,.jpg,500,500,RGB,JPEG,train,0
data/raw/defungi/H1/H1_72c_25.jpg,H1,.jpg,500,500,RGB,JPEG,train,0
data/raw/defungi/H1/H1_72c_3.jpg,H1,.jpg,500,500,RGB,JPEG,train,0
data/raw/defungi/H1/H1_72c_4.jpg,H1,.jpg,500,500,RGB,JPEG,train,0
data/raw/defungi/H1/H1_72c_5.jpg,H1,.jpg,500,500,RGB,JPEG,train,0
data/raw/defungi/H1/H1_72c_6.jpg,H1,.jpg,500,500,RGB,JPEG,train,0
data/raw/defungi/H1/H1_72c_7.jpg,H1,.jpg,500,500,RGB,JPEG,train,0
data/raw/defungi/H1/H1_72c_8.jpg,H1,.jpg,500,500,RGB,JPEG,train,0
data/raw/defungi/H1/H1_72c_9.jpg,H1,.jpg,500,500,RGB,JPEG,train,0
data/raw/defungi/H1/H1_72d_1.jpg,H1,.jpg,500,500,RGB,JPEG,train,0
data/raw/defungi/H1/H1_72d_10.jpg,H1,.jpg,500,500,RGB,JPEG,train,0
data/raw/defungi/H1/H1_72d_11.jpg,H1,.jpg,500,500,RGB,JPEG,train,0
data/raw/defungi/H1/H1_72d_12.jpg,H1,.jpg,500,500,RGB,JPEG,train,0
data/raw/defungi/H1/H1_72d_15.jpg,H1,.jpg,500,500,RGB,JPEG,train,0
data/raw/defungi/H1/H1_72d_16.jpg,H1,.jpg,500,500,RGB,JPEG,train,0
data/raw/defungi/H1/H1_72d_2.jpg,H1,.jpg,500,500,RGB,JPEG,train,0
data/raw/defungi/H1/H1_72d_4.jpg,H1,.jpg,500,500,RGB,JPEG,train,0
data/raw/defungi/H1/H1_72d_6.jpg,H1,.jpg,500,500,RGB,JPEG,train,0
data/raw/defungi/H1/H1_72d_7.jpg,H1,.jpg,500,500,RGB,JPEG,train,0
data/raw/defungi/H1/H1_72d_8.jpg,H1,.jpg,500,500,RGB,JPEG,train,0
data/raw/defungi/H1/H1_72d_9.jpg,H1,.jpg,500,500,RGB,JPEG,train,0
data/raw/defungi/H1/H1_73a_1.jpg,H1,.jpg,500,500,RGB,JPEG,train,0
data/raw/defungi/H1/H1_73a_11.jpg,H1,.jpg,500,500,RGB,JPEG,train,0
data/raw/defungi/H1/H1_73a_12.jpg,H1,.jpg,500,500,RGB,JPEG,train,0
data/raw/defungi/H1/H1_73a_13.jpg,H1,.jpg,500,500,RGB,JPEG,train,0
data/raw/defungi/H1/H1_73a_14.jpg,H1,.jpg,500,500,RGB,JPEG,train,0
data/raw/defungi/H1/H1_73a_15.jpg,H1,.jpg,500,500,RGB,JPEG,train,0
data/raw/defungi/H1/H1_73a_16.jpg,H1,.jpg,500,500,RGB,JPEG,train,0
data/raw/defungi/H1/H1_73a_2.jpg,H1,.jpg,500,500,RGB,JPEG,train,0
data/raw/defungi/H1/H1_73a_20.jpg,H1,.jpg,500,500,RGB,JPEG,train,0
data/raw/defungi/H1/H1_73a_21.jpg,H1,.jpg,500,500,RGB,JPEG,train,0
data/raw/defungi/H1/H1_73a_22.jpg,H1,.jpg,500,500,RGB,JPEG,train,0
data/raw/defungi/H1/H1_73a_24.jpg,H1,.jpg,500,500,RGB,JPEG,train,0
data/raw/defungi/H1/H1_73a_25.jpg,H1,.jpg,500,500,RGB,JPEG,train,0
data/raw/defungi/H1/H1_73a_3.jpg,H1,.jpg,500,500,RGB,JPEG,train,0
data/raw/defungi/H1/H1_73a_4.jpg,H1,.jpg,500,500,RGB,JPEG,train,0
data/raw/defungi/H1/H1_73a_6.jpg,H1,.jpg,500,500,RGB,JPEG,train,0
data/raw/defungi/H1/H1_73a_9.jpg,H1,.jpg,500,500,RGB,JPEG,train,0
data/raw/defungi/H1/H1_73b_1.jpg,H1,.jpg,500,500,RGB,JPEG,train,0
data/raw/defungi/H1/H1_73b_10.jpg,H1,.jpg,500,500,RGB,JPEG,train,0
data/raw/defungi/H1/H1_73b_11.jpg,H1,.jpg,500,500,RGB,JPEG,train,0
data/raw/defungi/H1/H1_73b_12.jpg,H1,.jpg,500,500,RGB,JPEG,train,0
data/raw/defungi/H1/H1_73b_13.jpg,H1,.jpg,500,500,RGB,JPEG,train,0
data/raw/defungi/H1/H1_73b_14.jpg,H1,.jpg,500,500,RGB,JPEG,train,0
data/raw/defungi/H1/H1_73b_15.jpg,H1,.jpg,500,500,RGB,JPEG,train,0
data/raw/defungi/H1/H1_73b_16.jpg,H1,.jpg,500,500,RGB,JPEG,train,0
data/raw/defungi/H1/H1_73b_2.jpg,H1,.jpg,500,500,RGB,JPEG,train,0
data/raw/defungi/H1/H1_73b_4.jpg,H1,.jpg,500,500,RGB,JPEG,train,0
data/raw/defungi/H1/H1_73b_5.jpg,H1,.jpg,500,500,RGB,JPEG,train,0
data/raw/defungi/H1/H1_73b_7.jpg,H1,.jpg,500,500,RGB,JPEG,train,0
data/raw/defungi/H1/H1_73b_8.jpg,H1,.jpg,500,500,RGB,JPEG,train,0
data/raw/defungi/H1/H1_74a_1.jpg,H1,.jpg,500,500,RGB,JPEG,train,0
data/raw/defungi/H1/H1_74a_10.jpg,H1,.jpg,500,500,RGB,JPEG,train,0
data/raw/defungi/H1/H1_74a_11.jpg,H1,.jpg,500,500,RGB,JPEG,train,0
data/raw/defungi/H1/H1_74a_12.jpg,H1,.jpg,500,500,RGB,JPEG,train,0
data/raw/defungi/H1/H1_74a_13.jpg,H1,.jpg,500,500,RGB,JPEG,train,0
data/raw/defungi/H1/H1_74a_15.jpg,H1,.jpg,500,500,RGB,JPEG,train,0
data/raw/defungi/H1/H1_74a_17.jpg,H1,.jpg,500,500,RGB,JPEG,train,0
data/raw/defungi/H1/H1_74a_18.jpg,H1,.jpg,500,500,RGB,JPEG,train,0
data/raw/defungi/H1/H1_74a_19.jpg,H1,.jpg,500,500,RGB,JPEG,train,0
data/raw/defungi/H1/H1_74a_20.jpg,H1,.jpg,500,500,RGB,JPEG,train,0
data/raw/defungi/H1/H1_74a_22.jpg,H1,.jpg,500,500,RGB,JPEG,train,0
data/raw/defungi/H1/H1_74a_23.jpg,H1,.jpg,500,500,RGB,JPEG,train,0
data/raw/defungi/H1/H1_74a_24.jpg,H1,.jpg,500,500,RGB,JPEG,train,0
data/raw/defungi/H1/H1_74a_3.jpg,H1,.jpg,500,500,RGB,JPEG,train,0
data/raw/defungi/H1/H1_74a_4.jpg,H1,.jpg,500,500,RGB,JPEG,train,0
data/raw/defungi/H1/H1_74a_6.jpg,H1,.jpg,500,500,RGB,JPEG,train,0
data/raw/defungi/H1/H1_74a_7.jpg,H1,.jpg,500,500,RGB,JPEG,train,0
data/raw/defungi/H1/H1_74a_8.jpg,H1,.jpg,500,500,RGB,JPEG,train,0
data/raw/defungi/H1/H1_74a_9.jpg,H1,.jpg,500,500,RGB,JPEG,train,0
data/raw/defungi/H1/H1_74b_1.jpg,H1,.jpg,500,500,RGB,JPEG,train,0
data/raw/defungi/H1/H1_74b_12.jpg,H1,.jpg,500,500,RGB,JPEG,train,0
data/raw/defungi/H1/H1_74b_14.jpg,H1,.jpg,500,500,RGB,JPEG,train,0
data/raw/defungi/H1/H1_74b_15.jpg,H1,.jpg,500,500,RGB,JPEG,train,0
data/raw/defungi/H1/H1_74b_18.jpg,H1,.jpg,500,500,RGB,JPEG,train,0
data/raw/defungi/H1/H1_74b_19.jpg,H1,.jpg,500,500,RGB,JPEG,train,0
data/raw/defungi/H1/H1_74b_2.jpg,H1,.jpg,500,500,RGB,JPEG,train,0
data/raw/defungi/H1/H1_74b_20.jpg,H1,.jpg,500,500,RGB,JPEG,train,0
data/raw/defungi/H1/H1_74b_5.jpg,H1,.jpg,500,500,RGB,JPEG,train,0
data/raw/defungi/H1/H1_74b_6.jpg,H1,.jpg,500,500,RGB,JPEG,train,0
data/raw/defungi/H1/H1_74b_7.jpg,H1,.jpg,500,500,RGB,JPEG,train,0
data/raw/defungi/H1/H1_74b_8.jpg,H1,.jpg,500,500,RGB,JPEG,train,0
data/raw/defungi/H1/H1_74c_10.jpg,H1,.jpg,500,500,RGB,JPEG,train,0
data/raw/defungi/H1/H1_74c_11.jpg,H1,.jpg,500,500,RGB,JPEG,train,0
data/raw/defungi/H1/H1_74c_12.jpg,H1,.jpg,500,500,RGB,JPEG,train,0
data/raw/defungi/H1/H1_74c_13.jpg,H1,.jpg,500,500,RGB,JPEG,train,0
data/raw/defungi/H1/H1_74c_15.jpg,H1,.jpg,500,500,RGB,JPEG,train,0
data/raw/defungi/H1/H1_74c_16.jpg,H1,.jpg,500,500,RGB,JPEG,train,0
data/raw/defungi/H1/H1_74c_17.jpg,H1,.jpg,500,500,RGB,JPEG,train,0
data/raw/defungi/H1/H1_74c_18.jpg,H1,.jpg,500,500,RGB,JPEG,train,0
data/raw/defungi/H1/H1_74c_19.jpg,H1,.jpg,500,500,RGB,JPEG,train,0
data/raw/defungi/H1/H1_74c_20.jpg,H1,.jpg,500,500,RGB,JPEG,train,0
data/raw/defungi/H1/H1_74c_21.jpg,H1,.jpg,500,500,RGB,JPEG,train,0
data/raw/defungi/H1/H1_74c_22.jpg,H1,.jpg,500,500,RGB,JPEG,train,0
data/raw/defungi/H1/H1_74c_23.jpg,H1,.jpg,500,500,RGB,JPEG,train,0
data/raw/defungi/H1/H1_74c_5.jpg,H1,.jpg,500,500,RGB,JPEG,train,0
data/raw/defungi/H1/H1_74c_7.jpg,H1,.jpg,500,500,RGB,JPEG,train,0
data/raw/defungi/H1/H1_74c_8.jpg,H1,.jpg,500,500,RGB,JPEG,train,0
data/raw/defungi/H1/H1_74c_9.jpg,H1,.jpg,500,500,RGB,JPEG,train,0
data/raw/defungi/H1/H1_74d_1.jpg,H1,.jpg,500,500,RGB,JPEG,train,0
data/raw/defungi/H1/H1_74d_10.jpg,H1,.jpg,500,500,RGB,JPEG,train,0
data/raw/defungi/H1/H1_74d_11.jpg,H1,.jpg,500,500,RGB,JPEG,train,0
data/raw/defungi/H1/H1_74d_13.jpg,H1,.jpg,500,500,RGB,JPEG,train,0
data/raw/defungi/H1/H1_74d_14.jpg,H1,.jpg,500,500,RGB,JPEG,train,0
data/raw/defungi/H1/H1_74d_15.jpg,H1,.jpg,500,500,RGB,JPEG,train,0
data/raw/defungi/H1/H1_74d_16.jpg,H1,.jpg,500,500,RGB,JPEG,train,0
data/raw/defungi/H1/H1_74d_17.jpg,H1,.jpg,500,500,RGB,JPEG,train,0
data/raw/defungi/H1/H1_74d_18.jpg,H1,.jpg,500,500,RGB,JPEG,train,0
data/raw/defungi/H1/H1_74d_20.jpg,H1,.jpg,500,500,RGB,JPEG,train,0
data/raw/defungi/H1/H1_74d_4.jpg,H1,.jpg,500,500,RGB,JPEG,train,0
data/raw/defungi/H1/H1_74d_5.jpg,H1,.jpg,500,500,RGB,JPEG,train,0
data/raw/defungi/H1/H1_74d_6.jpg,H1,.jpg,500,500,RGB,JPEG,train,0
data/raw/defungi/H1/H1_74d_9.jpg,H1,.jpg,500,500,RGB,JPEG,train,0
data/raw/defungi/H1/H1_75a_1.jpg,H1,.jpg,500,500,RGB,JPEG,train,0
data/raw/defungi/H1/H1_75a_10.jpg,H1,.jpg,500,500,RGB,JPEG,train,0
data/raw/defungi/H1/H1_75a_13.jpg,H1,.jpg,500,500,RGB,JPEG,train,0
data/raw/defungi/H1/H1_75a_14.jpg,H1,.jpg,500,500,RGB,JPEG,train,0
data/raw/defungi/H1/H1_75a_15.jpg,H1,.jpg,500,500,RGB,JPEG,train,0
data/raw/defungi/H1/H1_75a_16.jpg,H1,.jpg,500,500,RGB,JPEG,train,0
data/raw/defungi/H1/H1_75a_2.jpg,H1,.jpg,500,500,RGB,JPEG,train,0
data/raw/defungi/H1/H1_75a_3.jpg,H1,.jpg,500,500,RGB,JPEG,train,0
data/raw/defungi/H1/H1_75a_4.jpg,H1,.jpg,500,500,RGB,JPEG,train,0
data/raw/defungi/H1/H1_75a_9.jpg,H1,.jpg,500,500,RGB,JPEG,train,0
data/raw/defungi/H1/H1_75b_2.jpg,H1,.jpg,500,500,RGB,JPEG,train,0
data/raw/defungi/H1/H1_75b_3.jpg,H1,.jpg,500,500,RGB,JPEG,train,0
data/raw/defungi/H1/H1_75b_5.jpg,H1,.jpg,500,500,RGB,JPEG,train,0
data/raw/defungi/H1/H1_75b_6.jpg,H1,.jpg,500,500,RGB,JPEG,train,0
data/raw/defungi/H1/H1_75b_7.jpg,H1,.jpg,500,500,RGB,JPEG,train,0
data/raw/defungi/H1/H1_75b_8.jpg,H1,.jpg,500,500,RGB,JPEG,train,0
data/raw/defungi/H1/H1_75b_9.jpg,H1,.jpg,500,500,RGB,JPEG,train,0
data/raw/defungi/H1/H1_75c_1.jpg,H1,.jpg,500,500,RGB,JPEG,train,0
data/raw/defungi/H1/H1_75c_2.jpg,H1,.jpg,500,500,RGB,JPEG,train,0
data/raw/defungi/H1/H1_75c_3.jpg,H1,.jpg,500,500,RGB,JPEG,train,0
data/raw/defungi/H1/H1_75c_4.jpg,H1,.jpg,500,500,RGB,JPEG,train,0
data/raw/defungi/H1/H1_75c_5.jpg,H1,.jpg,500,500,RGB,JPEG,train,0
data/raw/defungi/H1/H1_75c_6.jpg,H1,.jpg,500,500,RGB,JPEG,train,0
data/raw/defungi/H1/H1_75c_9.jpg,H1,.jpg,500,500,RGB,JPEG,train,0
data/raw/defungi/H1/H1_76a_2.jpg,H1,.jpg,500,500,RGB,JPEG,train,0
data/raw/defungi/H1/H1_76a_3.jpg,H1,.jpg,500,500,RGB,JPEG,train,0
data/raw/defungi/H1/H1_76a_5.jpg,H1,.jpg,500,500,RGB,JPEG,train,0
data/raw/defungi/H1/H1_76a_6.jpg,H1,.jpg,500,500,RGB,JPEG,train,0
data/raw/defungi/H1/H1_76a_7.jpg,H1,.jpg,500,500,RGB,JPEG,train,0
data/raw/defungi/H1/H1_76b_10.jpg,H1,.jpg,500,500,RGB,JPEG,train,0
data/raw/defungi/H1/H1_76b_12.jpg,H1,.jpg,500,500,RGB,JPEG,train,0
data/raw/defungi/H1/H1_76b_13.jpg,H1,.jpg,500,500,RGB,JPEG,train,0
data/raw/defungi/H1/H1_76b_14.jpg,H1,.jpg,500,500,RGB,JPEG,train,0
data/raw/defungi/H1/H1_76b_15.jpg,H1,.jpg,500,500,RGB,JPEG,train,0
data/raw/defungi/H1/H1_76b_16.jpg,H1,.jpg,500,500,RGB,JPEG,train,0
data/raw/defungi/H1/H1_76b_17.jpg,H1,.jpg,500,500,RGB,JPEG,train,0
data/raw/defungi/H1/H1_76b_18.jpg,H1,.jpg,500,500,RGB,JPEG,train,0
data/raw/defungi/H1/H1_76b_19.jpg,H1,.jpg,500,500,RGB,JPEG,train,0
data/raw/defungi/H1/H1_76b_2.jpg,H1,.jpg,500,500,RGB,JPEG,train,0
data/raw/defungi/H1/H1_76b_20.jpg,H1,.jpg,500,500,RGB,JPEG,train,0
data/raw/defungi/H1/H1_76b_3.jpg,H1,.jpg,500,500,RGB,JPEG,train,0
data/raw/defungi/H1/H1_76b_4.jpg,H1,.jpg,500,500,RGB,JPEG,train,0
data/raw/defungi/H1/H1_76b_6.jpg,H1,.jpg,500,500,RGB,JPEG,train,0
data/raw/defungi/H1/H1_76b_8.jpg,H1,.jpg,500,500,RGB,JPEG,train,0
data/raw/defungi/H1/H1_76c_10.jpg,H1,.jpg,500,500,RGB,JPEG,train,0
data/raw/defungi/H1/H1_76c_13.jpg,H1,.jpg,500,500,RGB,JPEG,train,0
data/raw/defungi/H1/H1_76c_14.jpg,H1,.jpg,500,500,RGB,JPEG,train,0
data/raw/defungi/H1/H1_76c_15.jpg,H1,.jpg,500,500,RGB,JPEG,train,0
data/raw/defungi/H1/H1_76c_16.jpg,H1,.jpg,500,500,RGB,JPEG,train,0
data/raw/defungi/H1/H1_76c_17.jpg,H1,.jpg,500,500,RGB,JPEG,train,0
data/raw/defungi/H1/H1_76c_18.jpg,H1,.jpg,500,500,RGB,JPEG,train,0
data/raw/defungi/H1/H1_76c_19.jpg,H1,.jpg,500,500,RGB,JPEG,train,0
data/raw/defungi/H1/H1_76c_22.jpg,H1,.jpg,500,500,RGB,JPEG,train,0
data/raw/defungi/H1/H1_76c_23.jpg,H1,.jpg,500,500,RGB,JPEG,train,0
data/raw/defungi/H1/H1_76c_24.jpg,H1,.jpg,500,500,RGB,JPEG,train,0
data/raw/defungi/H1/H1_76c_3.jpg,H1,.jpg,500,500,RGB,JPEG,train,0
data/raw/defungi/H1/H1_76c_6.jpg,H1,.jpg,500,500,RGB,JPEG,train,0
data/raw/defungi/H1/H1_76c_7.jpg,H1,.jpg,500,500,RGB,JPEG,train,0
data/raw/defungi/H1/H1_76d_3.jpg,H1,.jpg,500,500,RGB,JPEG,train,0
data/raw/defungi/H1/H1_76d_4.jpg,H1,.jpg,500,500,RGB,JPEG,train,0
data/raw/defungi/H1/H1_76d_5.jpg,H1,.jpg,500,500,RGB,JPEG,train,0
data/raw/defungi/H1/H1_76d_6.jpg,H1,.jpg,500,500,RGB,JPEG,train,0
data/raw/defungi/H1/H1_76d_7.jpg,H1,.jpg,500,500,RGB,JPEG,train,0
data/raw/defungi/H1/H1_76d_8.jpg,H1,.jpg,500,500,RGB,JPEG,train,0
data/raw/defungi/H1/H1_76d_9.jpg,H1,.jpg,500,500,RGB,JPEG,train,0
data/raw/defungi/H1/H1_76e_1.jpg,H1,.jpg,500,500,RGB,JPEG,train,0
data/raw/defungi/H1/H1_76e_10.jpg,H1,.jpg,500,500,RGB,JPEG,train,0
data/raw/defungi/H1/H1_76e_11.jpg,H1,.jpg,500,500,RGB,JPEG,train,0
data/raw/defungi/H1/H1_76e_12.jpg,H1,.jpg,500,500,RGB,JPEG,train,0
data/raw/defungi/H1/H1_76e_13.jpg,H1,.jpg,500,500,RGB,JPEG,train,0
data/raw/defungi/H1/H1_76e_14.jpg,H1,.jpg,500,500,RGB,JPEG,train,0
data/raw/defungi/H1/H1_76e_15.jpg,H1,.jpg,500,500,RGB,JPEG,train,0
data/raw/defungi/H1/H1_76e_2.jpg,H1,.jpg,500,500,RGB,JPEG,train,0
data/raw/defungi/H1/H1_76e_3.jpg,H1,.jpg,500,500,RGB,JPEG,train,0
data/raw/defungi/H1/H1_76e_4.jpg,H1,.jpg,500,500,RGB,JPEG,train,0
data/raw/defungi/H1/H1_76e_5.jpg,H1,.jpg,500,500,RGB,JPEG,train,0
data/raw/defungi/H1/H1_76e_9.jpg,H1,.jpg,500,500,RGB,JPEG,train,0
data/raw/defungi/H1/H1_77a_10.jpg,H1,.jpg,500,500,RGB,JPEG,train,0
data/raw/defungi/H1/H1_77a_11.jpg,H1,.jpg,500,500,RGB,JPEG,train,0
data/raw/defungi/H1/H1_77a_12.jpg,H1,.jpg,500,500,RGB,JPEG,train,0
data/raw/defungi/H1/H1_77a_13.jpg,H1,.jpg,500,500,RGB,JPEG,train,0
data/raw/defungi/H1/H1_77a_14.jpg,H1,.jpg,500,500,RGB,JPEG,train,0
data/raw/defungi/H1/H1_77a_15.jpg,H1,.jpg,500,500,RGB,JPEG,train,0
data/raw/defungi/H1/H1_77a_16.jpg,H1,.jpg,500,500,RGB,JPEG,train,0
data/raw/defungi/H1/H1_77a_17.jpg,H1,.jpg,500,500,RGB,JPEG,train,0
data/raw/defungi/H1/H1_77a_18.jpg,H1,.jpg,500,500,RGB,JPEG,train,0
data/raw/defungi/H1/H1_77a_19.jpg,H1,.jpg,500,500,RGB,JPEG,train,0
data/raw/defungi/H1/H1_77a_2.jpg,H1,.jpg,500,500,RGB,JPEG,train,0
data/raw/defungi/H1/H1_77a_20.jpg,H1,.jpg,500,500,RGB,JPEG,train,0
data/raw/defungi/H1/H1_77a_23.jpg,H1,.jpg,500,500,RGB,JPEG,train,0
data/raw/defungi/H1/H1_77a_24.jpg,H1,.jpg,500,500,RGB,JPEG,train,0
data/raw/defungi/H1/H1_77a_3.jpg,H1,.jpg,500,500,RGB,JPEG,train,0
data/raw/defungi/H1/H1_77a_4.jpg,H1,.jpg,500,500,RGB,JPEG,train,0
data/raw/defungi/H1/H1_77a_5.jpg,H1,.jpg,500,500,RGB,JPEG,train,0
data/raw/defungi/H1/H1_77b_1.jpg,H1,.jpg,500,500,RGB,JPEG,train,0
data/raw/defungi/H1/H1_77b_10.jpg,H1,.jpg,500,500,RGB,JPEG,train,0
data/raw/defungi/H1/H1_77b_11.jpg,H1,.jpg,500,500,RGB,JPEG,train,0
data/raw/defungi/H1/H1_77b_12.jpg,H1,.jpg,500,500,RGB,JPEG,train,0
data/raw/defungi/H1/H1_77b_13.jpg,H1,.jpg,500,500,RGB,JPEG,train,0
data/raw/defungi/H1/H1_77b_14.jpg,H1,.jpg,500,500,RGB,JPEG,train,0
data/raw/defungi/H1/H1_77b_15.jpg,H1,.jpg,500,500,RGB,JPEG,train,0
data/raw/defungi/H1/H1_77b_4.jpg,H1,.jpg,500,500,RGB,JPEG,train,0
data/raw/defungi/H1/H1_77b_5.jpg,H1,.jpg,500,500,RGB,JPEG,train,0
data/raw/defungi/H1/H1_77b_6.jpg,H1,.jpg,500,500,RGB,JPEG,train,0
data/raw/defungi/H1/H1_77b_8.jpg,H1,.jpg,500,500,RGB,JPEG,train,0
data/raw/defungi/H1/H1_77b_9.jpg,H1,.jpg,500,500,RGB,JPEG,train,0
data/raw/defungi/H1/H1_78a_4.jpg,H1,.jpg,500,500,RGB,JPEG,train,0
data/raw/defungi/H1/H1_78a_5.jpg,H1,.jpg,500,500,RGB,JPEG,train,0
data/raw/defungi/H1/H1_78a_6.jpg,H1,.jpg,500,500,RGB,JPEG,train,0
data/raw/defungi/H1/H1_78a_8.jpg,H1,.jpg,500,500,RGB,JPEG,train,0
data/raw/defungi/H1/H1_78b_11.jpg,H1,.jpg,500,500,RGB,JPEG,train,0
data/raw/defungi/H1/H1_78b_12.jpg,H1,.jpg,500,500,RGB,JPEG,train,0
data/raw/defungi/H1/H1_78b_13.jpg,H1,.jpg,500,500,RGB,JPEG,train,0
data/raw/defungi/H1/H1_78b_14.jpg,H1,.jpg,500,500,RGB,JPEG,train,0
data/raw/defungi/H1/H1_78b_2.jpg,H1,.jpg,500,500,RGB,JPEG,train,0
data/raw/defungi/H1/H1_78b_4.jpg,H1,.jpg,500,500,RGB,JPEG,train,0
data/raw/defungi/H1/H1_78b_5.jpg,H1,.jpg,500,500,RGB,JPEG,train,0
data/raw/defungi/H1/H1_78b_6.jpg,H1,.jpg,500,500,RGB,JPEG,train,0
data/raw/defungi/H1/H1_78b_8.jpg,H1,.jpg,500,500,RGB,JPEG,train,0
data/raw/defungi/H1/H1_78b_9.jpg,H1,.jpg,500,500,RGB,JPEG,train,0
data/raw/defungi/H1/H1_78c_2.jpg,H1,.jpg,500,500,RGB,JPEG,train,0
data/raw/defungi/H1/H1_78c_4.jpg,H1,.jpg,500,500,RGB,JPEG,train,0
data/raw/defungi/H1/H1_78c_6.jpg,H1,.jpg,500,500,RGB,JPEG,train,0
data/raw/defungi/H1/H1_78c_7.jpg,H1,.jpg,500,500,RGB,JPEG,train,0
data/raw/defungi/H1/H1_78c_9.jpg,H1,.jpg,500,500,RGB,JPEG,train,0
data/raw/defungi/H1/H1_79a_3.jpg,H1,.jpg,500,500,RGB,JPEG,train,0
data/raw/defungi/H1/H1_79a_4.jpg,H1,.jpg,500,500,RGB,JPEG,train,0
data/raw/defungi/H1/H1_79a_5.jpg,H1,.jpg,500,500,RGB,JPEG,train,0
data/raw/defungi/H1/H1_79a_7.jpg,H1,.jpg,500,500,RGB,JPEG,train,0
data/raw/defungi/H1/H1_79a_8.jpg,H1,.jpg,500,500,RGB,JPEG,train,0
data/raw/defungi/H1/H1_79b_1.jpg,H1,.jpg,500,500,RGB,JPEG,train,0
data/raw/defungi/H1/H1_79b_2.jpg,H1,.jpg,500,500,RGB,JPEG,train,0
data/raw/defungi/H1/H1_79b_3.jpg,H1,.jpg,500,500,RGB,JPEG,train,0
data/raw/defungi/H1/H1_79c_1.jpg,H1,.jpg,500,500,RGB,JPEG,train,0
data/raw/defungi/H1/H1_79c_3.jpg,H1,.jpg,500,500,RGB,JPEG,train,0
data/raw/defungi/H1/H1_79c_4.jpg,H1,.jpg,500,500,RGB,JPEG,train,0
data/raw/defungi/H1/H1_79d_1.jpg,H1,.jpg,500,500,RGB,JPEG,train,0
data/raw/defungi/H1/H1_79d_2.jpg,H1,.jpg,500,500,RGB,JPEG,train,0
data/raw/defungi/H1/H1_79d_3.jpg,H1,.jpg,500,500,RGB,JPEG,train,0
data/raw/defungi/H1/H1_79d_4.jpg,H1,.jpg,500,500,RGB,JPEG,train,0
data/raw/defungi/H1/H1_79e_1.jpg,H1,.jpg,500,500,RGB,JPEG,train,0
data/raw/defungi/H1/H1_79e_2.jpg,H1,.jpg,500,500,RGB,JPEG,train,0
data/raw/defungi/H1/H1_79e_5.jpg,H1,.jpg,500,500,RGB,JPEG,train,0
data/raw/defungi/H1/H1_79e_6.jpg,H1,.jpg,500,500,RGB,JPEG,train,0
data/raw/defungi/H1/H1_79f_1.jpg,H1,.jpg,500,500,RGB,JPEG,train,0
data/raw/defungi/H1/H1_79f_3.jpg,H1,.jpg,500,500,RGB,JPEG,train,0
data/raw/defungi/H1/H1_79f_4.jpg,H1,.jpg,500,500,RGB,JPEG,train,0
data/raw/defungi/H1/H1_79f_6.jpg,H1,.jpg,500,500,RGB,JPEG,train,0
data/raw/defungi/H1/H1_79f_7.jpg,H1,.jpg,500,500,RGB,JPEG,train,0
data/raw/defungi/H1/H1_79f_8.jpg,H1,.jpg,500,500,RGB,JPEG,train,0
data/raw/defungi/H1/H1_79f_9.jpg,H1,.jpg,500,500,RGB,JPEG,train,0
data/raw/defungi/H1/H1_79g_1.jpg,H1,.jpg,500,500,RGB,JPEG,train,0
data/raw/defungi/H1/H1_79g_2.jpg,H1,.jpg,500,500,RGB,JPEG,train,0
data/raw/defungi/H1/H1_79g_3.jpg,H1,.jpg,500,500,RGB,JPEG,train,0
data/raw/defungi/H1/H1_79g_4.jpg,H1,.jpg,500,500,RGB,JPEG,train,0
data/raw/defungi/H1/H1_79g_5.jpg,H1,.jpg,500,500,RGB,JPEG,train,0
data/raw/defungi/H1/H1_79g_6.jpg,H1,.jpg,500,500,RGB,JPEG,train,0
data/raw/defungi/H1/H1_7a_1.jpg,H1,.jpg,500,500,RGB,JPEG,train,0
data/raw/defungi/H1/H1_7a_10.jpg,H1,.jpg,500,500,RGB,JPEG,train,0
data/raw/defungi/H1/H1_7a_11.jpg,H1,.jpg,500,500,RGB,JPEG,train,0
data/raw/defungi/H1/H1_7a_12.jpg,H1,.jpg,500,500,RGB,JPEG,train,0
data/raw/defungi/H1/H1_7a_16.jpg,H1,.jpg,500,500,RGB,JPEG,train,0
data/raw/defungi/H1/H1_7a_17.jpg,H1,.jpg,500,500,RGB,JPEG,train,0
data/raw/defungi/H1/H1_7a_18.jpg,H1,.jpg,500,500,RGB,JPEG,train,0
data/raw/defungi/H1/H1_7a_2.jpg,H1,.jpg,500,500,RGB,JPEG,train,0
data/raw/defungi/H1/H1_7a_5.jpg,H1,.jpg,500,500,RGB,JPEG,train,0
data/raw/defungi/H1/H1_7a_6.jpg,H1,.jpg,500,500,RGB,JPEG,train,0
data/raw/defungi/H1/H1_7b_1.jpg,H1,.jpg,500,500,RGB,JPEG,train,0
data/raw/defungi/H1/H1_7b_10.jpg,H1,.jpg,500,500,RGB,JPEG,train,0
data/raw/defungi/H1/H1_7b_11.jpg,H1,.jpg,500,500,RGB,JPEG,train,0
data/raw/defungi/H1/H1_7b_2.jpg,H1,.jpg,500,500,RGB,JPEG,train,0
data/raw/defungi/H1/H1_7b_3.jpg,H1,.jpg,500,500,RGB,JPEG,train,0
data/raw/defungi/H1/H1_7b_4.jpg,H1,.jpg,500,500,RGB,JPEG,train,0
data/raw/defungi/H1/H1_7b_6.jpg,H1,.jpg,500,500,RGB,JPEG,train,0
data/raw/defungi/H1/H1_7b_7.jpg,H1,.jpg,500,500,RGB,JPEG,train,0
data/raw/defungi/H1/H1_7b_9.jpg,H1,.jpg,500,500,RGB,JPEG,train,0
data/raw/defungi/H1/H1_7c_12.jpg,H1,.jpg,500,500,RGB,JPEG,train,0
data/raw/defungi/H1/H1_7c_13.jpg,H1,.jpg,500,500,RGB,JPEG,train,0
data/raw/defungi/H1/H1_7c_14.jpg,H1,.jpg,500,500,RGB,JPEG,train,0
data/raw/defungi/H1/H1_7c_15.jpg,H1,.jpg,500,500,RGB,JPEG,train,0
data/raw/defungi/H1/H1_7c_17.jpg,H1,.jpg,500,500,RGB,JPEG,train,0
data/raw/defungi/H1/H1_7c_19.jpg,H1,.jpg,500,500,RGB,JPEG,train,0
data/raw/defungi/H1/H1_7c_3.jpg,H1,.jpg,500,500,RGB,JPEG,train,0
data/raw/defungi/H1/H1_7c_5.jpg,H1,.jpg,500,500,RGB,JPEG,train,0
data/raw/defungi/H1/H1_7c_6.jpg,H1,.jpg,500,500,RGB,JPEG,train,0
data/raw/defungi/H1/H1_7c_8.jpg,H1,.jpg,500,500,RGB,JPEG,train,0
data/raw/defungi/H1/H1_7c_9.jpg,H1,.jpg,500,500,RGB,JPEG,train,0
data/raw/defungi/H1/H1_80a_1.jpg,H1,.jpg,500,500,RGB,JPEG,train,0
data/raw/defungi/H1/H1_80a_4.jpg,H1,.jpg,500,500,RGB,JPEG,train,0
data/raw/defungi/H1/H1_80a_5.jpg,H1,.jpg,500,500,RGB,JPEG,train,0
data/raw/defungi/H1/H1_80a_6.jpg,H1,.jpg,500,500,RGB,JPEG,train,0
data/raw/defungi/H1/H1_80a_8.jpg,H1,.jpg,500,500,RGB,JPEG,train,0
data/raw/defungi/H1/H1_80a_9.jpg,H1,.jpg,500,500,RGB,JPEG,train,0
data/raw/defungi/H1/H1_80b_1.jpg,H1,.jpg,500,500,RGB,JPEG,train,0
data/raw/defungi/H1/H1_80b_2.jpg,H1,.jpg,500,500,RGB,JPEG,train,0
data/raw/defungi/H1/H1_80b_3.jpg,H1,.jpg,500,500,RGB,JPEG,train,0
data/raw/defungi/H1/H1_80b_6.jpg,H1,.jpg,500,500,RGB,JPEG,train,0
data/raw/defungi/H1/H1_80b_9.jpg,H1,.jpg,500,500,RGB,JPEG,train,0
data/raw/defungi/H1/H1_80c_1.jpg,H1,.jpg,500,500,RGB,JPEG,train,0
data/raw/defungi/H1/H1_80c_3.jpg,H1,.jpg,500,500,RGB,JPEG,train,0
data/raw/defungi/H1/H1_80c_4.jpg,H1,.jpg,500,500,RGB,JPEG,train,0
data/raw/defungi/H1/H1_80c_5.jpg,H1,.jpg,500,500,RGB,JPEG,train,0
data/raw/defungi/H1/H1_80c_6.jpg,H1,.jpg,500,500,RGB,JPEG,train,0
data/raw/defungi/H1/H1_81a_1.jpg,H1,.jpg,500,500,RGB,JPEG,train,0
data/raw/defungi/H1/H1_81a_11.jpg,H1,.jpg,500,500,RGB,JPEG,train,0
data/raw/defungi/H1/H1_81a_12.jpg,H1,.jpg,500,500,RGB,JPEG,train,0
data/raw/defungi/H1/H1_81a_14.jpg,H1,.jpg,500,500,RGB,JPEG,train,0
data/raw/defungi/H1/H1_81a_15.jpg,H1,.jpg,500,500,RGB,JPEG,train,0
data/raw/defungi/H1/H1_81a_16.jpg,H1,.jpg,500,500,RGB,JPEG,train,0
data/raw/defungi/H1/H1_81a_2.jpg,H1,.jpg,500,500,RGB,JPEG,train,0
data/raw/defungi/H1/H1_81a_3.jpg,H1,.jpg,500,500,RGB,JPEG,train,0
data/raw/defungi/H1/H1_81a_4.jpg,H1,.jpg,500,500,RGB,JPEG,train,0
data/raw/defungi/H1/H1_81a_5.jpg,H1,.jpg,500,500,RGB,JPEG,train,0
data/raw/defungi/H1/H1_81a_8.jpg,H1,.jpg,500,500,RGB,JPEG,train,0
data/raw/defungi/H1/H1_81b_1.jpg,H1,.jpg,500,500,RGB,JPEG,train,0
data/raw/defungi/H1/H1_81b_10.jpg,H1,.jpg,500,500,RGB,JPEG,train,0
data/raw/defungi/H1/H1_81b_11.jpg,H1,.jpg,500,500,RGB,JPEG,train,0
data/raw/defungi/H1/H1_81b_12.jpg,H1,.jpg,500,500,RGB,JPEG,train,0
data/raw/defungi/H1/H1_81b_13.jpg,H1,.jpg,500,500,RGB,JPEG,train,0
data/raw/defungi/H1/H1_81b_2.jpg,H1,.jpg,500,500,RGB,JPEG,train,0
data/raw/defungi/H1/H1_81b_3.jpg,H1,.jpg,500,500,RGB,JPEG,train,0
data/raw/defungi/H1/H1_81b_4.jpg,H1,.jpg,500,500,RGB,JPEG,train,0
data/raw/defungi/H1/H1_81b_5.jpg,H1,.jpg,500,500,RGB,JPEG,train,0
data/raw/defungi/H1/H1_82a_1.jpg,H1,.jpg,500,500,RGB,JPEG,train,0
data/raw/defungi/H1/H1_82a_2.jpg,H1,.jpg,500,500,RGB,JPEG,train,0
data/raw/defungi/H1/H1_82a_4.jpg,H1,.jpg,500,500,RGB,JPEG,train,0
data/raw/defungi/H1/H1_82a_5.jpg,H1,.jpg,500,500,RGB,JPEG,train,0
data/raw/defungi/H1/H1_82a_6.jpg,H1,.jpg,500,500,RGB,JPEG,train,0
data/raw/defungi/H1/H1_82b_1.jpg,H1,.jpg,500,500,RGB,JPEG,train,0
data/raw/defungi/H1/H1_82b_2.jpg,H1,.jpg,500,500,RGB,JPEG,train,0
data/raw/defungi/H1/H1_82b_3.jpg,H1,.jpg,500,500,RGB,JPEG,train,0
data/raw/defungi/H1/H1_82b_4.jpg,H1,.jpg,500,500,RGB,JPEG,train,0
data/raw/defungi/H1/H1_82b_5.jpg,H1,.jpg,500,500,RGB,JPEG,train,0
data/raw/defungi/H1/H1_82b_6.jpg,H1,.jpg,500,500,RGB,JPEG,train,0
data/raw/defungi/H1/H1_82b_8.jpg,H1,.jpg,500,500,RGB,JPEG,train,0
data/raw/defungi/H1/H1_82b_9.jpg,H1,.jpg,500,500,RGB,JPEG,train,0
data/raw/defungi/H1/H1_83a_10.jpg,H1,.jpg,500,500,RGB,JPEG,train,0
data/raw/defungi/H1/H1_83a_12.jpg,H1,.jpg,500,500,RGB,JPEG,train,0
data/raw/defungi/H1/H1_83a_13.jpg,H1,.jpg,500,500,RGB,JPEG,train,0
data/raw/defungi/H1/H1_83a_15.jpg,H1,.jpg,500,500,RGB,JPEG,train,0
data/raw/defungi/H1/H1_83a_16.jpg,H1,.jpg,500,500,RGB,JPEG,train,0
data/raw/defungi/H1/H1_83a_3.jpg,H1,.jpg,500,500,RGB,JPEG,train,0
data/raw/defungi/H1/H1_83a_6.jpg,H1,.jpg,500,500,RGB,JPEG,train,0
data/raw/defungi/H1/H1_83a_7.jpg,H1,.jpg,500,500,RGB,JPEG,train,0
data/raw/defungi/H1/H1_83a_8.jpg,H1,.jpg,500,500,RGB,JPEG,train,0
data/raw/defungi/H1/H1_83a_9.jpg,H1,.jpg,500,500,RGB,JPEG,train,0
data/raw/defungi/H1/H1_83b_1.jpg,H1,.jpg,500,500,RGB,JPEG,train,0
data/raw/defungi/H1/H1_83b_10.jpg,H1,.jpg,500,500,RGB,JPEG,train,0
data/raw/defungi/H1/H1_83b_12.jpg,H1,.jpg,500,500,RGB,JPEG,train,0
data/raw/defungi/H1/H1_83b_2.jpg,H1,.jpg,500,500,RGB,JPEG,train,0
data/raw/defungi/H1/H1_83b_3.jpg,H1,.jpg,500,500,RGB,JPEG,train,0
data/raw/defungi/H1/H1_83b_5.jpg,H1,.jpg,500,500,RGB,JPEG,train,0
data/raw/defungi/H1/H1_83b_6.jpg,H1,.jpg,500,500,RGB,JPEG,train,0
data/raw/defungi/H1/H1_83b_7.jpg,H1,.jpg,500,500,RGB,JPEG,train,0
data/raw/defungi/H1/H1_83b_9.jpg,H1,.jpg,500,500,RGB,JPEG,train,0
data/raw/defungi/H1/H1_84a_1.jpg,H1,.jpg,500,500,RGB,JPEG,train,0
data/raw/defungi/H1/H1_84a_10.jpg,H1,.jpg,500,500,RGB,JPEG,train,0
data/raw/defungi/H1/H1_84a_11.jpg,H1,.jpg,500,500,RGB,JPEG,train,0
data/raw/defungi/H1/H1_84a_12.jpg,H1,.jpg,500,500,RGB,JPEG,train,0
data/raw/defungi/H1/H1_84a_14.jpg,H1,.jpg,500,500,RGB,JPEG,train,0
data/raw/defungi/H1/H1_84a_15.jpg,H1,.jpg,500,500,RGB,JPEG,train,0
data/raw/defungi/H1/H1_84a_3.jpg,H1,.jpg,500,500,RGB,JPEG,train,0
data/raw/defungi/H1/H1_84a_4.jpg,H1,.jpg,500,500,RGB,JPEG,train,0
data/raw/defungi/H1/H1_84a_5.jpg,H1,.jpg,500,500,RGB,JPEG,train,0
data/raw/defungi/H1/H1_84a_6.jpg,H1,.jpg,500,500,RGB,JPEG,train,0
data/raw/defungi/H1/H1_84a_8.jpg,H1,.jpg,500,500,RGB,JPEG,train,0
data/raw/defungi/H1/H1_84a_9.jpg,H1,.jpg,500,500,RGB,JPEG,train,0
data/raw/defungi/H1/H1_84b_1.jpg,H1,.jpg,500,500,RGB,JPEG,train,0
data/raw/defungi/H1/H1_84b_11.jpg,H1,.jpg,500,500,RGB,JPEG,train,0
data/raw/defungi/H1/H1_84b_12.jpg,H1,.jpg,500,500,RGB,JPEG,train,0
data/raw/defungi/H1/H1_84b_13.jpg,H1,.jpg,500,500,RGB,JPEG,train,0
data/raw/defungi/H1/H1_84b_14.jpg,H1,.jpg,500,500,RGB,JPEG,train,0
data/raw/defungi/H1/H1_84b_15.jpg,H1,.jpg,500,500,RGB,JPEG,train,0
data/raw/defungi/H1/H1_84b_2.jpg,H1,.jpg,500,500,RGB,JPEG,train,0
data/raw/defungi/H1/H1_84b_3.jpg,H1,.jpg,500,500,RGB,JPEG,train,0
data/raw/defungi/H1/H1_84b_4.jpg,H1,.jpg,500,500,RGB,JPEG,train,0
data/raw/defungi/H1/H1_84b_6.jpg,H1,.jpg,500,500,RGB,JPEG,train,0
data/raw/defungi/H1/H1_84b_7.jpg,H1,.jpg,500,500,RGB,JPEG,train,0
data/raw/defungi/H1/H1_84b_8.jpg,H1,.jpg,500,500,RGB,JPEG,train,0
data/raw/defungi/H1/H1_84c_1.jpg,H1,.jpg,500,500,RGB,JPEG,train,0
data/raw/defungi/H1/H1_84c_10.jpg,H1,.jpg,500,500,RGB,JPEG,train,0
data/raw/defungi/H1/H1_84c_11.jpg,H1,.jpg,500,500,RGB,JPEG,train,0
data/raw/defungi/H1/H1_84c_13.jpg,H1,.jpg,500,500,RGB,JPEG,train,0
data/raw/defungi/H1/H1_84c_14.jpg,H1,.jpg,500,500,RGB,JPEG,train,0
data/raw/defungi/H1/H1_84c_16.jpg,H1,.jpg,500,500,RGB,JPEG,train,0
data/raw/defungi/H1/H1_84c_3.jpg,H1,.jpg,500,500,RGB,JPEG,train,0
data/raw/defungi/H1/H1_84c_4.jpg,H1,.jpg,500,500,RGB,JPEG,train,0
data/raw/defungi/H1/H1_84c_5.jpg,H1,.jpg,500,500,RGB,JPEG,train,0
data/raw/defungi/H1/H1_84c_7.jpg,H1,.jpg,500,500,RGB,JPEG,train,0
data/raw/defungi/H1/H1_84c_8.jpg,H1,.jpg,500,500,RGB,JPEG,train,0
data/raw/defungi/H1/H1_84c_9.jpg,H1,.jpg,500,500,RGB,JPEG,train,0
data/raw/defungi/H1/H1_85a_1.jpg,H1,.jpg,500,500,RGB,JPEG,train,0
data/raw/defungi/H1/H1_85a_10.jpg,H1,.jpg,500,500,RGB,JPEG,train,0
data/raw/defungi/H1/H1_85a_11.jpg,H1,.jpg,500,500,RGB,JPEG,train,0
data/raw/defungi/H1/H1_85a_13.jpg,H1,.jpg,500,500,RGB,JPEG,train,0
data/raw/defungi/H1/H1_85a_16.jpg,H1,.jpg,500,500,RGB,JPEG,train,0
data/raw/defungi/H1/H1_85a_18.jpg,H1,.jpg,500,500,RGB,JPEG,train,0
data/raw/defungi/H1/H1_85a_19.jpg,H1,.jpg,500,500,RGB,JPEG,train,0
data/raw/defungi/H1/H1_85a_20.jpg,H1,.jpg,500,500,RGB,JPEG,train,0
data/raw/defungi/H1/H1_85a_21.jpg,H1,.jpg,500,500,RGB,JPEG,train,0
data/raw/defungi/H1/H1_85a_22.jpg,H1,.jpg,500,500,RGB,JPEG,train,0
data/raw/defungi/H1/H1_85a_23.jpg,H1,.jpg,500,500,RGB,JPEG,train,0
data/raw/defungi/H1/H1_85a_24.jpg,H1,.jpg,500,500,RGB,JPEG,train,0
data/raw/defungi/H1/H1_85a_25.jpg,H1,.jpg,500,500,RGB,JPEG,train,0
data/raw/defungi/H1/H1_85a_26.jpg,H1,.jpg,500,500,RGB,JPEG,train,0
data/raw/defungi/H1/H1_85a_27.jpg,H1,.jpg,500,500,RGB,JPEG,train,0
data/raw/defungi/H1/H1_85a_29.jpg,H1,.jpg,500,500,RGB,JPEG,train,0
data/raw/defungi/H1/H1_85a_3.jpg,H1,.jpg,500,500,RGB,JPEG,train,0
data/raw/defungi/H1/H1_85a_7.jpg,H1,.jpg,500,500,RGB,JPEG,train,0
data/raw/defungi/H1/H1_85a_8.jpg,H1,.jpg,500,500,RGB,JPEG,train,0
data/raw/defungi/H1/H1_85b_1.jpg,H1,.jpg,500,500,RGB,JPEG,train,0
data/raw/defungi/H1/H1_85b_10.jpg,H1,.jpg,500,500,RGB,JPEG,train,0
data/raw/defungi/H1/H1_85b_12.jpg,H1,.jpg,500,500,RGB,JPEG,train,0
data/raw/defungi/H1/H1_85b_13.jpg,H1,.jpg,500,500,RGB,JPEG,train,0
data/raw/defungi/H1/H1_85b_14.jpg,H1,.jpg,500,500,RGB,JPEG,train,0
data/raw/defungi/H1/H1_85b_15.jpg,H1,.jpg,500,500,RGB,JPEG,train,0
data/raw/defungi/H1/H1_85b_17.jpg,H1,.jpg,500,500,RGB,JPEG,train,0
data/raw/defungi/H1/H1_85b_19.jpg,H1,.jpg,500,500,RGB,JPEG,train,0
data/raw/defungi/H1/H1_85b_20.jpg,H1,.jpg,500,500,RGB,JPEG,train,0
data/raw/defungi/H1/H1_85b_22.jpg,H1,.jpg,500,500,RGB,JPEG,train,0
data/raw/defungi/H1/H1_85b_23.jpg,H1,.jpg,500,500,RGB,JPEG,train,0
data/raw/defungi/H1/H1_85b_24.jpg,H1,.jpg,500,500,RGB,JPEG,train,0
data/raw/defungi/H1/H1_85b_25.jpg,H1,.jpg,500,500,RGB,JPEG,train,0
data/raw/defungi/H1/H1_85b_3.jpg,H1,.jpg,500,500,RGB,JPEG,train,0
data/raw/defungi/H1/H1_85b_5.jpg,H1,.jpg,500,500,RGB,JPEG,train,0
data/raw/defungi/H1/H1_85b_9.jpg,H1,.jpg,500,500,RGB,JPEG,train,0
data/raw/defungi/H1/H1_86a_1.jpg,H1,.jpg,500,500,RGB,JPEG,train,0
data/raw/defungi/H1/H1_86a_2.jpg,H1,.jpg,500,500,RGB,JPEG,train,0
data/raw/defungi/H1/H1_86a_3.jpg,H1,.jpg,500,500,RGB,JPEG,train,0
data/raw/defungi/H1/H1_86a_5.jpg,H1,.jpg,500,500,RGB,JPEG,train,0
data/raw/defungi/H1/H1_86a_7.jpg,H1,.jpg,500,500,RGB,JPEG,train,0
data/raw/defungi/H1/H1_86a_8.jpg,H1,.jpg,500,500,RGB,JPEG,train,0
data/raw/defungi/H1/H1_86a_9.jpg,H1,.jpg,500,500,RGB,JPEG,train,0
data/raw/defungi/H1/H1_86b_1.jpg,H1,.jpg,500,500,RGB,JPEG,train,0
data/raw/defungi/H1/H1_86b_10.jpg,H1,.jpg,500,500,RGB,JPEG,train,0
data/raw/defungi/H1/H1_86b_13.jpg,H1,.jpg,500,500,RGB,JPEG,train,0
data/raw/defungi/H1/H1_86b_14.jpg,H1,.jpg,500,500,RGB,JPEG,train,0
data/raw/defungi/H1/H1_86b_15.jpg,H1,.jpg,500,500,RGB,JPEG,train,0
data/raw/defungi/H1/H1_86b_16.jpg,H1,.jpg,500,500,RGB,JPEG,train,0
data/raw/defungi/H1/H1_86b_17.jpg,H1,.jpg,500,500,RGB,JPEG,train,0
data/raw/defungi/H1/H1_86b_18.jpg,H1,.jpg,500,500,RGB,JPEG,train,0
data/raw/defungi/H1/H1_86b_19.jpg,H1,.jpg,500,500,RGB,JPEG,train,0
data/raw/defungi/H1/H1_86b_20.jpg,H1,.jpg,500,500,RGB,JPEG,train,0
data/raw/defungi/H1/H1_86b_21.jpg,H1,.jpg,500,500,RGB,JPEG,train,0
data/raw/defungi/H1/H1_86b_22.jpg,H1,.jpg,500,500,RGB,JPEG,train,0
data/raw/defungi/H1/H1_86b_24.jpg,H1,.jpg,500,500,RGB,JPEG,train,0
data/raw/defungi/H1/H1_86b_25.jpg,H1,.jpg,500,500,RGB,JPEG,train,0
data/raw/defungi/H1/H1_86b_4.jpg,H1,.jpg,500,500,RGB,JPEG,train,0
data/raw/defungi/H1/H1_86b_5.jpg,H1,.jpg,500,500,RGB,JPEG,train,0
data/raw/defungi/H1/H1_86b_8.jpg,H1,.jpg,500,500,RGB,JPEG,train,0
data/raw/defungi/H1/H1_86b_9.jpg,H1,.jpg,500,500,RGB,JPEG,train,0
data/raw/defungi/H1/H1_86c_1.jpg,H1,.jpg,500,500,RGB,JPEG,train,0
data/raw/defungi/H1/H1_86c_10.jpg,H1,.jpg,500,500,RGB,JPEG,train,0
data/raw/defungi/H1/H1_86c_11.jpg,H1,.jpg,500,500,RGB,JPEG,train,0
data/raw/defungi/H1/H1_86c_12.jpg,H1,.jpg,500,500,RGB,JPEG,train,0
data/raw/defungi/H1/H1_86c_13.jpg,H1,.jpg,500,500,RGB,JPEG,train,0
data/raw/defungi/H1/H1_86c_15.jpg,H1,.jpg,500,500,RGB,JPEG,train,0
data/raw/defungi/H1/H1_86c_16.jpg,H1,.jpg,500,500,RGB,JPEG,train,0
data/raw/defungi/H1/H1_86c_17.jpg,H1,.jpg,500,500,RGB,JPEG,train,0
data/raw/defungi/H1/H1_86c_18.jpg,H1,.jpg,500,500,RGB,JPEG,train,0
data/raw/defungi/H1/H1_86c_19.jpg,H1,.jpg,500,500,RGB,JPEG,train,0
data/raw/defungi/H1/H1_86c_3.jpg,H1,.jpg,500,500,RGB,JPEG,train,0
data/raw/defungi/H1/H1_86c_6.jpg,H1,.jpg,500,500,RGB,JPEG,train,0
data/raw/defungi/H1/H1_86c_7.jpg,H1,.jpg,500,500,RGB,JPEG,train,0
data/raw/defungi/H1/H1_86d_10.jpg,H1,.jpg,500,500,RGB,JPEG,train,0
data/raw/defungi/H1/H1_86d_12.jpg,H1,.jpg,500,500,RGB,JPEG,train,0
data/raw/defungi/H1/H1_86d_4.jpg,H1,.jpg,500,500,RGB,JPEG,train,0
data/raw/defungi/H1/H1_86d_5.jpg,H1,.jpg,500,500,RGB,JPEG,train,0
data/raw/defungi/H1/H1_86d_6.jpg,H1,.jpg,500,500,RGB,JPEG,train,0
data/raw/defungi/H1/H1_86d_8.jpg,H1,.jpg,500,500,RGB,JPEG,train,0
data/raw/defungi/H1/H1_86d_9.jpg,H1,.jpg,500,500,RGB,JPEG,train,0
data/raw/defungi/H1/H1_87a_1.jpg,H1,.jpg,500,500,RGB,JPEG,train,0
data/raw/defungi/H1/H1_87a_10.jpg,H1,.jpg,500,500,RGB,JPEG,train,0
data/raw/defungi/H1/H1_87a_13.jpg,H1,.jpg,500,500,RGB,JPEG,train,0
data/raw/defungi/H1/H1_87a_14.jpg,H1,.jpg,500,500,RGB,JPEG,train,0
data/raw/defungi/H1/H1_87a_15.jpg,H1,.jpg,500,500,RGB,JPEG,train,0
data/raw/defungi/H1/H1_87a_16.jpg,H1,.jpg,500,500,RGB,JPEG,train,0
data/raw/defungi/H1/H1_87a_2.jpg,H1,.jpg,500,500,RGB,JPEG,train,0
data/raw/defungi/H1/H1_87a_3.jpg,H1,.jpg,500,500,RGB,JPEG,train,0
data/raw/defungi/H1/H1_87a_4.jpg,H1,.jpg,500,500,RGB,JPEG,train,0
data/raw/defungi/H1/H1_87a_5.jpg,H1,.jpg,500,500,RGB,JPEG,train,0
data/raw/defungi/H1/H1_87a_6.jpg,H1,.jpg,500,500,RGB,JPEG,train,0
data/raw/defungi/H1/H1_87a_7.jpg,H1,.jpg,500,500,RGB,JPEG,train,0
data/raw/defungi/H1/H1_87a_8.jpg,H1,.jpg,500,500,RGB,JPEG,train,0
data/raw/defungi/H1/H1_87a_9.jpg,H1,.jpg,500,500,RGB,JPEG,train,0
data/raw/defungi/H1/H1_87b_2.jpg,H1,.jpg,500,500,RGB,JPEG,train,0
data/raw/defungi/H1/H1_87b_5.jpg,H1,.jpg,500,500,RGB,JPEG,train,0
data/raw/defungi/H1/H1_87b_6.jpg,H1,.jpg,500,500,RGB,JPEG,train,0
data/raw/defungi/H1/H1_87b_7.jpg,H1,.jpg,500,500,RGB,JPEG,train,0
data/raw/defungi/H1/H1_87b_9.jpg,H1,.jpg,500,500,RGB,JPEG,train,0
data/raw/defungi/H1/H1_87c_2.jpg,H1,.jpg,500,500,RGB,JPEG,train,0
data/raw/defungi/H1/H1_87c_4.jpg,H1,.jpg,500,500,RGB,JPEG,train,0
data/raw/defungi/H1/H1_88a_1.jpg,H1,.jpg,500,500,RGB,JPEG,train,0
data/raw/defungi/H1/H1_88a_2.jpg,H1,.jpg,500,500,RGB,JPEG,train,0
data/raw/defungi/H1/H1_88a_3.jpg,H1,.jpg,500,500,RGB,JPEG,train,0
data/raw/defungi/H1/H1_88a_4.jpg,H1,.jpg,500,500,RGB,JPEG,train,0
data/raw/defungi/H1/H1_88a_6.jpg,H1,.jpg,500,500,RGB,JPEG,train,0
data/raw/defungi/H1/H1_89a_1.jpg,H1,.jpg,500,500,RGB,JPEG,train,0
data/raw/defungi/H1/H1_89a_10.jpg,H1,.jpg,500,500,RGB,JPEG,train,0
data/raw/defungi/H1/H1_89a_11.jpg,H1,.jpg,500,500,RGB,JPEG,train,0
data/raw/defungi/H1/H1_89a_12.jpg,H1,.jpg,500,500,RGB,JPEG,train,0
data/raw/defungi/H1/H1_89a_13.jpg,H1,.jpg,500,500,RGB,JPEG,train,0
data/raw/defungi/H1/H1_89a_14.jpg,H1,.jpg,500,500,RGB,JPEG,train,0
data/raw/defungi/H1/H1_89a_15.jpg,H1,.jpg,500,500,RGB,JPEG,train,0
data/raw/defungi/H1/H1_89a_16.jpg,H1,.jpg,500,500,RGB,JPEG,train,0
data/raw/defungi/H1/H1_89a_5.jpg,H1,.jpg,500,500,RGB,JPEG,train,0
data/raw/defungi/H1/H1_89a_8.jpg,H1,.jpg,500,500,RGB,JPEG,train,0
data/raw/defungi/H1/H1_89b_10.jpg,H1,.jpg,500,500,RGB,JPEG,train,0
data/raw/defungi/H1/H1_89b_11.jpg,H1,.jpg,500,500,RGB,JPEG,train,0
data/raw/defungi/H1/H1_89b_12.jpg,H1,.jpg,500,500,RGB,JPEG,train,0
data/raw/defungi/H1/H1_89b_13.jpg,H1,.jpg,500,500,RGB,JPEG,train,0
data/raw/defungi/H1/H1_89b_15.jpg,H1,.jpg,500,500,RGB,JPEG,train,0
data/raw/defungi/H1/H1_89b_2.jpg,H1,.jpg,500,500,RGB,JPEG,train,0
data/raw/defungi/H1/H1_89b_4.jpg,H1,.jpg,500,500,RGB,JPEG,train,0
data/raw/defungi/H1/H1_89b_5.jpg,H1,.jpg,500,500,RGB,JPEG,train,0
data/raw/defungi/H1/H1_89b_6.jpg,H1,.jpg,500,500,RGB,JPEG,train,0
data/raw/defungi/H1/H1_89b_8.jpg,H1,.jpg,500,500,RGB,JPEG,train,0
data/raw/defungi/H1/H1_89b_9.jpg,H1,.jpg,500,500,RGB,JPEG,train,0
data/raw/defungi/H1/H1_8a_10.jpg,H1,.jpg,500,500,RGB,JPEG,train,0
data/raw/defungi/H1/H1_8a_11.jpg,H1,.jpg,500,500,RGB,JPEG,train,0
data/raw/defungi/H1/H1_8a_12.jpg,H1,.jpg,500,500,RGB,JPEG,train,0
data/raw/defungi/H1/H1_8a_2.jpg,H1,.jpg,500,500,RGB,JPEG,train,0
data/raw/defungi/H1/H1_8a_3.jpg,H1,.jpg,500,500,RGB,JPEG,train,0
data/raw/defungi/H1/H1_8a_4.jpg,H1,.jpg,500,500,RGB,JPEG,train,0
data/raw/defungi/H1/H1_8a_5.jpg,H1,.jpg,500,500,RGB,JPEG,train,0
data/raw/defungi/H1/H1_8a_6.jpg,H1,.jpg,500,500,RGB,JPEG,train,0
data/raw/defungi/H1/H1_8a_7.jpg,H1,.jpg,500,500,RGB,JPEG,train,0
data/raw/defungi/H1/H1_8a_9.jpg,H1,.jpg,500,500,RGB,JPEG,train,0
data/raw/defungi/H1/H1_8b_1.jpg,H1,.jpg,500,500,RGB,JPEG,train,0
data/raw/defungi/H1/H1_8b_3.jpg,H1,.jpg,500,500,RGB,JPEG,train,0
data/raw/defungi/H1/H1_8b_5.jpg,H1,.jpg,500,500,RGB,JPEG,train,0
data/raw/defungi/H1/H1_8b_8.jpg,H1,.jpg,500,500,RGB,JPEG,train,0
data/raw/defungi/H1/H1_8c_1.jpg,H1,.jpg,500,500,RGB,JPEG,train,0
data/raw/defungi/H1/H1_8c_2.jpg,H1,.jpg,500,500,RGB,JPEG,train,0
data/raw/defungi/H1/H1_8c_3.jpg,H1,.jpg,500,500,RGB,JPEG,train,0
data/raw/defungi/H1/H1_8c_4.jpg,H1,.jpg,500,500,RGB,JPEG,train,0
data/raw/defungi/H1/H1_8c_5.jpg,H1,.jpg,500,500,RGB,JPEG,train,0
data/raw/defungi/H1/H1_8c_7.jpg,H1,.jpg,500,500,RGB,JPEG,train,0
data/raw/defungi/H1/H1_8c_8.jpg,H1,.jpg,500,500,RGB,JPEG,train,0
data/raw/defungi/H1/H1_8c_9.jpg,H1,.jpg,500,500,RGB,JPEG,train,0
data/raw/defungi/H1/H1_8d_1.jpg,H1,.jpg,500,500,RGB,JPEG,train,0
data/raw/defungi/H1/H1_8d_10.jpg,H1,.jpg,500,500,RGB,JPEG,train,0
data/raw/defungi/H1/H1_8d_12.jpg,H1,.jpg,500,500,RGB,JPEG,train,0
data/raw/defungi/H1/H1_8d_3.jpg,H1,.jpg,500,500,RGB,JPEG,train,0
data/raw/defungi/H1/H1_8d_4.jpg,H1,.jpg,500,500,RGB,JPEG,train,0
data/raw/defungi/H1/H1_8d_5.jpg,H1,.jpg,500,500,RGB,JPEG,train,0
data/raw/defungi/H1/H1_8d_8.jpg,H1,.jpg,500,500,RGB,JPEG,train,0
data/raw/defungi/H1/H1_8d_9.jpg,H1,.jpg,500,500,RGB,JPEG,train,0
data/raw/defungi/H1/H1_90a_2.jpg,H1,.jpg,500,500,RGB,JPEG,train,0
data/raw/defungi/H1/H1_90a_4.jpg,H1,.jpg,500,500,RGB,JPEG,train,0
data/raw/defungi/H1/H1_90a_5.jpg,H1,.jpg,500,500,RGB,JPEG,train,0
data/raw/defungi/H1/H1_90a_7.jpg,H1,.jpg,500,500,RGB,JPEG,train,0
data/raw/defungi/H1/H1_90a_8.jpg,H1,.jpg,500,500,RGB,JPEG,train,0
data/raw/defungi/H1/H1_90b_2.jpg,H1,.jpg,500,500,RGB,JPEG,train,0
data/raw/defungi/H1/H1_90b_3.jpg,H1,.jpg,500,500,RGB,JPEG,train,0
data/raw/defungi/H1/H1_90b_5.jpg,H1,.jpg,500,500,RGB,JPEG,train,0
data/raw/defungi/H1/H1_90b_6.jpg,H1,.jpg,500,500,RGB,JPEG,train,0
data/raw/defungi/H1/H1_90b_8.jpg,H1,.jpg,500,500,RGB,JPEG,train,0
data/raw/defungi/H1/H1_90c_1.jpg,H1,.jpg,500,500,RGB,JPEG,train,0
data/raw/defungi/H1/H1_90c_3.jpg,H1,.jpg,500,500,RGB,JPEG,train,0
data/raw/defungi/H1/H1_90c_5.jpg,H1,.jpg,500,500,RGB,JPEG,train,0
data/raw/defungi/H1/H1_90c_6.jpg,H1,.jpg,500,500,RGB,JPEG,train,0
data/raw/defungi/H1/H1_90c_7.jpg,H1,.jpg,500,500,RGB,JPEG,train,0
data/raw/defungi/H1/H1_90c_8.jpg,H1,.jpg,500,500,RGB,JPEG,train,0
data/raw/defungi/H1/H1_90d_1.jpg,H1,.jpg,500,500,RGB,JPEG,train,0
data/raw/defungi/H1/H1_90d_10.jpg,H1,.jpg,500,500,RGB,JPEG,train,0
data/raw/defungi/H1/H1_90d_11.jpg,H1,.jpg,500,500,RGB,JPEG,train,0
data/raw/defungi/H1/H1_90d_12.jpg,H1,.jpg,500,500,RGB,JPEG,train,0
data/raw/defungi/H1/H1_90d_2.jpg,H1,.jpg,500,500,RGB,JPEG,train,0
data/raw/defungi/H1/H1_90d_3.jpg,H1,.jpg,500,500,RGB,JPEG,train,0
data/raw/defungi/H1/H1_90d_4.jpg,H1,.jpg,500,500,RGB,JPEG,train,0
data/raw/defungi/H1/H1_90d_5.jpg,H1,.jpg,500,500,RGB,JPEG,train,0
data/raw/defungi/H1/H1_90d_6.jpg,H1,.jpg,500,500,RGB,JPEG,train,0
data/raw/defungi/H1/H1_90d_7.jpg,H1,.jpg,500,500,RGB,JPEG,train,0
data/raw/defungi/H1/H1_90d_8.jpg,H1,.jpg,500,500,RGB,JPEG,train,0
data/raw/defungi/H1/H1_90d_9.jpg,H1,.jpg,500,500,RGB,JPEG,train,0
data/raw/defungi/H1/H1_90e_2.jpg,H1,.jpg,500,500,RGB,JPEG,train,0
data/raw/defungi/H1/H1_90e_3.jpg,H1,.jpg,500,500,RGB,JPEG,train,0
data/raw/defungi/H1/H1_91a_1.jpg,H1,.jpg,500,500,RGB,JPEG,train,0
data/raw/defungi/H1/H1_91a_10.jpg,H1,.jpg,500,500,RGB,JPEG,train,0
data/raw/defungi/H1/H1_91a_13.jpg,H1,.jpg,500,500,RGB,JPEG,train,0
data/raw/defungi/H1/H1_91a_14.jpg,H1,.jpg,500,500,RGB,JPEG,train,0
data/raw/defungi/H1/H1_91a_15.jpg,H1,.jpg,500,500,RGB,JPEG,train,0
data/raw/defungi/H1/H1_91a_17.jpg,H1,.jpg,500,500,RGB,JPEG,train,0
data/raw/defungi/H1/H1_91a_18.jpg,H1,.jpg,500,500,RGB,JPEG,train,0
data/raw/defungi/H1/H1_91a_19.jpg,H1,.jpg,500,500,RGB,JPEG,train,0
data/raw/defungi/H1/H1_91a_20.jpg,H1,.jpg,500,500,RGB,JPEG,train,0
data/raw/defungi/H1/H1_91a_3.jpg,H1,.jpg,500,500,RGB,JPEG,train,0
data/raw/defungi/H1/H1_91a_7.jpg,H1,.jpg,500,500,RGB,JPEG,train,0
data/raw/defungi/H1/H1_91a_8.jpg,H1,.jpg,500,500,RGB,JPEG,train,0
data/raw/defungi/H1/H1_91b_1.jpg,H1,.jpg,500,500,RGB,JPEG,train,0
data/raw/defungi/H1/H1_91b_3.jpg,H1,.jpg,500,500,RGB,JPEG,train,0
data/raw/defungi/H1/H1_91b_4.jpg,H1,.jpg,500,500,RGB,JPEG,train,0
data/raw/defungi/H1/H1_91c_1.jpg,H1,.jpg,500,500,RGB,JPEG,train,0
data/raw/defungi/H1/H1_91c_10.jpg,H1,.jpg,500,500,RGB,JPEG,train,0
data/raw/defungi/H1/H1_91c_11.jpg,H1,.jpg,500,500,RGB,JPEG,train,0
data/raw/defungi/H1/H1_91c_12.jpg,H1,.jpg,500,500,RGB,JPEG,train,0
data/raw/defungi/H1/H1_91c_2.jpg,H1,.jpg,500,500,RGB,JPEG,train,0
data/raw/defungi/H1/H1_91c_5.jpg,H1,.jpg,500,500,RGB,JPEG,train,0
data/raw/defungi/H1/H1_91c_7.jpg,H1,.jpg,500,500,RGB,JPEG,train,0
data/raw/defungi/H1/H1_91c_8.jpg,H1,.jpg,500,500,RGB,JPEG,train,0
data/raw/defungi/H1/H1_91c_9.jpg,H1,.jpg,500,500,RGB,JPEG,train,0
data/raw/defungi/H1/H1_92a_1.jpg,H1,.jpg,500,500,RGB,JPEG,train,0
data/raw/defungi/H1/H1_92a_10.jpg,H1,.jpg,500,500,RGB,JPEG,train,0
data/raw/defungi/H1/H1_92a_11.jpg,H1,.jpg,500,500,RGB,JPEG,train,0
data/raw/defungi/H1/H1_92a_12.jpg,H1,.jpg,500,500,RGB,JPEG,train,0
data/raw/defungi/H1/H1_92a_13.jpg,H1,.jpg,500,500,RGB,JPEG,train,0
data/raw/defungi/H1/H1_92a_14.jpg,H1,.jpg,500,500,RGB,JPEG,train,0
data/raw/defungi/H1/H1_92a_16.jpg,H1,.jpg,500,500,RGB,JPEG,train,0
data/raw/defungi/H1/H1_92a_2.jpg,H1,.jpg,500,500,RGB,JPEG,train,0
data/raw/defungi/H1/H1_92a_3.jpg,H1,.jpg,500,500,RGB,JPEG,train,0
data/raw/defungi/H1/H1_92a_5.jpg,H1,.jpg,500,500,RGB,JPEG,train,0
data/raw/defungi/H1/H1_92a_6.jpg,H1,.jpg,500,500,RGB,JPEG,train,0
data/raw/defungi/H1/H1_92a_7.jpg,H1,.jpg,500,500,RGB,JPEG,train,0
data/raw/defungi/H1/H1_92a_8.jpg,H1,.jpg,500,500,RGB,JPEG,train,0
data/raw/defungi/H1/H1_92a_9.jpg,H1,.jpg,500,500,RGB,JPEG,train,0
data/raw/defungi/H1/H1_92b_2.jpg,H1,.jpg,500,500,RGB,JPEG,train,0
data/raw/defungi/H1/H1_92b_4.jpg,H1,.jpg,500,500,RGB,JPEG,train,0
data/raw/defungi/H1/H1_92b_5.jpg,H1,.jpg,500,500,RGB,JPEG,train,0
data/raw/defungi/H1/H1_92b_8.jpg,H1,.jpg,500,500,RGB,JPEG,train,0
data/raw/defungi/H1/H1_92c_2.jpg,H1,.jpg,500,500,RGB,JPEG,train,0
data/raw/defungi/H1/H1_92c_5.jpg,H1,.jpg,500,500,RGB,JPEG,train,0
data/raw/defungi/H1/H1_92c_6.jpg,H1,.jpg,500,500,RGB,JPEG,train,0
data/raw/defungi/H1/H1_93a_10.jpg,H1,.jpg,500,500,RGB,JPEG,train,0
data/raw/defungi/H1/H1_93a_11.jpg,H1,.jpg,500,500,RGB,JPEG,train,0
data/raw/defungi/H1/H1_93a_12.jpg,H1,.jpg,500,500,RGB,JPEG,train,0
data/raw/defungi/H1/H1_93a_2.jpg,H1,.jpg,500,500,RGB,JPEG,train,0
data/raw/defungi/H1/H1_93a_4.jpg,H1,.jpg,500,500,RGB,JPEG,train,0
data/raw/defungi/H1/H1_93a_5.jpg,H1,.jpg,500,500,RGB,JPEG,train,0
data/raw/defungi/H1/H1_93a_7.jpg,H1,.jpg,500,500,RGB,JPEG,train,0
data/raw/defungi/H1/H1_93a_9.jpg,H1,.jpg,500,500,RGB,JPEG,train,0
data/raw/defungi/H1/H1_93b_11.jpg,H1,.jpg,500,500,RGB,JPEG,train,0
data/raw/defungi/H1/H1_93b_2.jpg,H1,.jpg,500,500,RGB,JPEG,train,0
data/raw/defungi/H1/H1_93b_3.jpg,H1,.jpg,500,500,RGB,JPEG,train,0
data/raw/defungi/H1/H1_93b_4.jpg,H1,.jpg,500,500,RGB,JPEG,train,0
data/raw/defungi/H1/H1_93b_6.jpg,H1,.jpg,500,500,RGB,JPEG,train,0
data/raw/defungi/H1/H1_93b_8.jpg,H1,.jpg,500,500,RGB,JPEG,train,0
data/raw/defungi/H1/H1_94a_1.jpg,H1,.jpg,500,500,RGB,JPEG,train,0
data/raw/defungi/H1/H1_94a_10.jpg,H1,.jpg,500,500,RGB,JPEG,train,0
data/raw/defungi/H1/H1_94a_12.jpg,H1,.jpg,500,500,RGB,JPEG,train,0
data/raw/defungi/H1/H1_94a_15.jpg,H1,.jpg,500,500,RGB,JPEG,train,0
data/raw/defungi/H1/H1_94a_16.jpg,H1,.jpg,500,500,RGB,JPEG,train,0
data/raw/defungi/H1/H1_94a_2.jpg,H1,.jpg,500,500,RGB,JPEG,train,0
data/raw/defungi/H1/H1_94a_6.jpg,H1,.jpg,500,500,RGB,JPEG,train,0
data/raw/defungi/H1/H1_94a_7.jpg,H1,.jpg,500,500,RGB,JPEG,train,0
data/raw/defungi/H1/H1_94a_8.jpg,H1,.jpg,500,500,RGB,JPEG,train,0
data/raw/defungi/H1/H1_94a_9.jpg,H1,.jpg,500,500,RGB,JPEG,train,0
data/raw/defungi/H1/H1_94b_1.jpg,H1,.jpg,500,500,RGB,JPEG,train,0
data/raw/defungi/H1/H1_94b_2.jpg,H1,.jpg,500,500,RGB,JPEG,train,0
data/raw/defungi/H1/H1_94b_3.jpg,H1,.jpg,500,500,RGB,JPEG,train,0
data/raw/defungi/H1/H1_94b_4.jpg,H1,.jpg,500,500,RGB,JPEG,train,0
data/raw/defungi/H1/H1_94b_5.jpg,H1,.jpg,500,500,RGB,JPEG,train,0
data/raw/defungi/H1/H1_94b_6.jpg,H1,.jpg,500,500,RGB,JPEG,train,0
data/raw/defungi/H1/H1_94b_8.jpg,H1,.jpg,500,500,RGB,JPEG,train,0
data/raw/defungi/H1/H1_94b_9.jpg,H1,.jpg,500,500,RGB,JPEG,train,0
data/raw/defungi/H1/H1_95a_1.jpg,H1,.jpg,500,500,RGB,JPEG,train,0
data/raw/defungi/H1/H1_95a_10.jpg,H1,.jpg,500,500,RGB,JPEG,train,0
data/raw/defungi/H1/H1_95a_11.jpg,H1,.jpg,500,500,RGB,JPEG,train,0
data/raw/defungi/H1/H1_95a_12.jpg,H1,.jpg,500,500,RGB,JPEG,train,0
data/raw/defungi/H1/H1_95a_13.jpg,H1,.jpg,500,500,RGB,JPEG,train,0
data/raw/defungi/H1/H1_95a_14.jpg,H1,.jpg,500,500,RGB,JPEG,train,0
data/raw/defungi/H1/H1_95a_15.jpg,H1,.jpg,500,500,RGB,JPEG,train,0
data/raw/defungi/H1/H1_95a_16.jpg,H1,.jpg,500,500,RGB,JPEG,train,0
data/raw/defungi/H1/H1_95a_17.jpg,H1,.jpg,500,500,RGB,JPEG,train,0
data/raw/defungi/H1/H1_95a_18.jpg,H1,.jpg,500,500,RGB,JPEG,train,0
data/raw/defungi/H1/H1_95a_19.jpg,H1,.jpg,500,500,RGB,JPEG,train,0
data/raw/defungi/H1/H1_95a_2.jpg,H1,.jpg,500,500,RGB,JPEG,train,0
data/raw/defungi/H1/H1_95a_20.jpg,H1,.jpg,500,500,RGB,JPEG,train,0
data/raw/defungi/H1/H1_95a_22.jpg,H1,.jpg,500,500,RGB,JPEG,train,0
data/raw/defungi/H1/H1_95a_23.jpg,H1,.jpg,500,500,RGB,JPEG,train,0
data/raw/defungi/H1/H1_95a_24.jpg,H1,.jpg,500,500,RGB,JPEG,train,0
data/raw/defungi/H1/H1_95a_4.jpg,H1,.jpg,500,500,RGB,JPEG,train,0
data/raw/defungi/H1/H1_95a_5.jpg,H1,.jpg,500,500,RGB,JPEG,train,0
data/raw/defungi/H1/H1_95a_6.jpg,H1,.jpg,500,500,RGB,JPEG,train,0
data/raw/defungi/H1/H1_95a_7.jpg,H1,.jpg,500,500,RGB,JPEG,train,0
data/raw/defungi/H1/H1_95a_8.jpg,H1,.jpg,500,500,RGB,JPEG,train,0
data/raw/defungi/H1/H1_95a_9.jpg,H1,.jpg,500,500,RGB,JPEG,train,0
data/raw/defungi/H1/H1_95b_10.jpg,H1,.jpg,500,500,RGB,JPEG,train,0
data/raw/defungi/H1/H1_95b_11.jpg,H1,.jpg,500,500,RGB,JPEG,train,0
data/raw/defungi/H1/H1_95b_12.jpg,H1,.jpg,500,500,RGB,JPEG,train,0
data/raw/defungi/H1/H1_95b_13.jpg,H1,.jpg,500,500,RGB,JPEG,train,0
data/raw/defungi/H1/H1_95b_14.jpg,H1,.jpg,500,500,RGB,JPEG,train,0
data/raw/defungi/H1/H1_95b_15.jpg,H1,.jpg,500,500,RGB,JPEG,train,0
data/raw/defungi/H1/H1_95b_16.jpg,H1,.jpg,500,500,RGB,JPEG,train,0
data/raw/defungi/H1/H1_95b_17.jpg,H1,.jpg,500,500,RGB,JPEG,train,0
data/raw/defungi/H1/H1_95b_18.jpg,H1,.jpg,500,500,RGB,JPEG,train,0
data/raw/defungi/H1/H1_95b_19.jpg,H1,.jpg,500,500,RGB,JPEG,train,0
data/raw/defungi/H1/H1_95b_20.jpg,H1,.jpg,500,500,RGB,JPEG,train,0
data/raw/defungi/H1/H1_95b_4.jpg,H1,.jpg,500,500,RGB,JPEG,train,0
data/raw/defungi/H1/H1_95b_5.jpg,H1,.jpg,500,500,RGB,JPEG,train,0
data/raw/defungi/H1/H1_95b_6.jpg,H1,.jpg,500,500,RGB,JPEG,train,0
data/raw/defungi/H1/H1_95b_7.jpg,H1,.jpg,500,500,RGB,JPEG,train,0
data/raw/defungi/H1/H1_95b_8.jpg,H1,.jpg,500,500,RGB,JPEG,train,0
data/raw/defungi/H1/H1_95b_9.jpg,H1,.jpg,500,500,RGB,JPEG,train,0
data/raw/defungi/H1/H1_95c_1.jpg,H1,.jpg,500,500,RGB,JPEG,train,0
data/raw/defungi/H1/H1_95c_10.jpg,H1,.jpg,500,500,RGB,JPEG,train,0
data/raw/defungi/H1/H1_95c_12.jpg,H1,.jpg,500,500,RGB,JPEG,train,0
data/raw/defungi/H1/H1_95c_13.jpg,H1,.jpg,500,500,RGB,JPEG,train,0
data/raw/defungi/H1/H1_95c_15.jpg,H1,.jpg,500,500,RGB,JPEG,train,0
data/raw/defungi/H1/H1_95c_16.jpg,H1,.jpg,500,500,RGB,JPEG,train,0
data/raw/defungi/H1/H1_95c_17.jpg,H1,.jpg,500,500,RGB,JPEG,train,0
data/raw/defungi/H1/H1_95c_18.jpg,H1,.jpg,500,500,RGB,JPEG,train,0
data/raw/defungi/H1/H1_95c_19.jpg,H1,.jpg,500,500,RGB,JPEG,train,0
data/raw/defungi/H1/H1_95c_2.jpg,H1,.jpg,500,500,RGB,JPEG,train,0
data/raw/defungi/H1/H1_95c_20.jpg,H1,.jpg,500,500,RGB,JPEG,train,0
data/raw/defungi/H1/H1_95c_3.jpg,H1,.jpg,500,500,RGB,JPEG,train,0
data/raw/defungi/H1/H1_95c_5.jpg,H1,.jpg,500,500,RGB,JPEG,train,0
data/raw/defungi/H1/H1_95c_7.jpg,H1,.jpg,500,500,RGB,JPEG,train,0
data/raw/defungi/H1/H1_95c_8.jpg,H1,.jpg,500,500,RGB,JPEG,train,0
data/raw/defungi/H1/H1_95c_9.jpg,H1,.jpg,500,500,RGB,JPEG,train,0
data/raw/defungi/H1/H1_95d_1.jpg,H1,.jpg,500,500,RGB,JPEG,train,0
data/raw/defungi/H1/H1_95d_10.jpg,H1,.jpg,500,500,RGB,JPEG,train,0
data/raw/defungi/H1/H1_95d_11.jpg,H1,.jpg,500,500,RGB,JPEG,train,0
data/raw/defungi/H1/H1_95d_12.jpg,H1,.jpg,500,500,RGB,JPEG,train,0
data/raw/defungi/H1/H1_95d_14.jpg,H1,.jpg,500,500,RGB,JPEG,train,0
data/raw/defungi/H1/H1_95d_15.jpg,H1,.jpg,500,500,RGB,JPEG,train,0
data/raw/defungi/H1/H1_95d_17.jpg,H1,.jpg,500,500,RGB,JPEG,train,0
data/raw/defungi/H1/H1_95d_18.jpg,H1,.jpg,500,500,RGB,JPEG,train,0
data/raw/defungi/H1/H1_95d_19.jpg,H1,.jpg,500,500,RGB,JPEG,train,0
data/raw/defungi/H1/H1_95d_2.jpg,H1,.jpg,500,500,RGB,JPEG,train,0
data/raw/defungi/H1/H1_95d_20.jpg,H1,.jpg,500,500,RGB,JPEG,train,0
data/raw/defungi/H1/H1_95d_21.jpg,H1,.jpg,500,500,RGB,JPEG,train,0
data/raw/defungi/H1/H1_95d_24.jpg,H1,.jpg,500,500,RGB,JPEG,train,0
data/raw/defungi/H1/H1_95d_3.jpg,H1,.jpg,500,500,RGB,JPEG,train,0
data/raw/defungi/H1/H1_95d_4.jpg,H1,.jpg,500,500,RGB,JPEG,train,0
data/raw/defungi/H1/H1_95d_5.jpg,H1,.jpg,500,500,RGB,JPEG,train,0
data/raw/defungi/H1/H1_95d_6.jpg,H1,.jpg,500,500,RGB,JPEG,train,0
data/raw/defungi/H1/H1_95d_7.jpg,H1,.jpg,500,500,RGB,JPEG,train,0
data/raw/defungi/H1/H1_95d_8.jpg,H1,.jpg,500,500,RGB,JPEG,train,0
data/raw/defungi/H1/H1_96a_1.jpg,H1,.jpg,500,500,RGB,JPEG,train,0
data/raw/defungi/H1/H1_96a_2.jpg,H1,.jpg,500,500,RGB,JPEG,train,0
data/raw/defungi/H1/H1_96a_3.jpg,H1,.jpg,500,500,RGB,JPEG,train,0
data/raw/defungi/H1/H1_96a_6.jpg,H1,.jpg,500,500,RGB,JPEG,train,0
data/raw/defungi/H1/H1_96b_1.jpg,H1,.jpg,500,500,RGB,JPEG,train,0
data/raw/defungi/H1/H1_96b_10.jpg,H1,.jpg,500,500,RGB,JPEG,train,0
data/raw/defungi/H1/H1_96b_11.jpg,H1,.jpg,500,500,RGB,JPEG,train,0
data/raw/defungi/H1/H1_96b_12.jpg,H1,.jpg,500,500,RGB,JPEG,train,0
data/raw/defungi/H1/H1_96b_13.jpg,H1,.jpg,500,500,RGB,JPEG,train,0
data/raw/defungi/H1/H1_96b_14.jpg,H1,.jpg,500,500,RGB,JPEG,train,0
data/raw/defungi/H1/H1_96b_15.jpg,H1,.jpg,500,500,RGB,JPEG,train,0
data/raw/defungi/H1/H1_96b_16.jpg,H1,.jpg,500,500,RGB,JPEG,train,0
data/raw/defungi/H1/H1_96b_17.jpg,H1,.jpg,500,500,RGB,JPEG,train,0
data/raw/defungi/H1/H1_96b_2.jpg,H1,.jpg,500,500,RGB,JPEG,train,0
data/raw/defungi/H1/H1_96b_20.jpg,H1,.jpg,500,500,RGB,JPEG,train,0
data/raw/defungi/H1/H1_96b_3.jpg,H1,.jpg,500,500,RGB,JPEG,train,0
data/raw/defungi/H1/H1_96b_5.jpg,H1,.jpg,500,500,RGB,JPEG,train,0
data/raw/defungi/H1/H1_96b_7.jpg,H1,.jpg,500,500,RGB,JPEG,train,0
data/raw/defungi/H1/H1_96b_9.jpg,H1,.jpg,500,500,RGB,JPEG,train,0
data/raw/defungi/H1/H1_96c_10.jpg,H1,.jpg,500,500,RGB,JPEG,train,0
data/raw/defungi/H1/H1_96c_12.jpg,H1,.jpg,500,500,RGB,JPEG,train,0
data/raw/defungi/H1/H1_96c_14.jpg,H1,.jpg,500,500,RGB,JPEG,train,0
data/raw/defungi/H1/H1_96c_16.jpg,H1,.jpg,500,500,RGB,JPEG,train,0
data/raw/defungi/H1/H1_96c_18.jpg,H1,.jpg,500,500,RGB,JPEG,train,0
data/raw/defungi/H1/H1_96c_19.jpg,H1,.jpg,500,500,RGB,JPEG,train,0
data/raw/defungi/H1/H1_96c_20.jpg,H1,.jpg,500,500,RGB,JPEG,train,0
data/raw/defungi/H1/H1_96c_4.jpg,H1,.jpg,500,500,RGB,JPEG,train,0
data/raw/defungi/H1/H1_96c_6.jpg,H1,.jpg,500,500,RGB,JPEG,train,0
data/raw/defungi/H1/H1_96c_7.jpg,H1,.jpg,500,500,RGB,JPEG,train,0
data/raw/defungi/H1/H1_96c_8.jpg,H1,.jpg,500,500,RGB,JPEG,train,0
data/raw/defungi/H1/H1_96d_10.jpg,H1,.jpg,500,500,RGB,JPEG,train,0
data/raw/defungi/H1/H1_96d_13.jpg,H1,.jpg,500,500,RGB,JPEG,train,0
data/raw/defungi/H1/H1_96d_15.jpg,H1,.jpg,500,500,RGB,JPEG,train,0
data/raw/defungi/H1/H1_96d_16.jpg,H1,.jpg,500,500,RGB,JPEG,train,0
data/raw/defungi/H1/H1_96d_3.jpg,H1,.jpg,500,500,RGB,JPEG,train,0
data/raw/defungi/H1/H1_96d_5.jpg,H1,.jpg,500,500,RGB,JPEG,train,0
data/raw/defungi/H1/H1_96d_7.jpg,H1,.jpg,500,500,RGB,JPEG,train,0
data/raw/defungi/H1/H1_96d_8.jpg,H1,.jpg,500,500,RGB,JPEG,train,0
data/raw/defungi/H1/H1_96d_9.jpg,H1,.jpg,500,500,RGB,JPEG,train,0
data/raw/defungi/H1/H1_97a_1.jpg,H1,.jpg,500,500,RGB,JPEG,train,0
data/raw/defungi/H1/H1_97a_2.jpg,H1,.jpg,500,500,RGB,JPEG,train,0
data/raw/defungi/H1/H1_97a_5.jpg,H1,.jpg,500,500,RGB,JPEG,train,0
data/raw/defungi/H1/H1_97a_6.jpg,H1,.jpg,500,500,RGB,JPEG,train,0
data/raw/defungi/H1/H1_97a_7.jpg,H1,.jpg,500,500,RGB,JPEG,train,0
data/raw/defungi/H1/H1_97a_8.jpg,H1,.jpg,500,500,RGB,JPEG,train,0
data/raw/defungi/H1/H1_97b_1.jpg,H1,.jpg,500,500,RGB,JPEG,train,0
data/raw/defungi/H1/H1_97b_2.jpg,H1,.jpg,500,500,RGB,JPEG,train,0
data/raw/defungi/H1/H1_97b_3.jpg,H1,.jpg,500,500,RGB,JPEG,train,0
data/raw/defungi/H1/H1_97b_4.jpg,H1,.jpg,500,500,RGB,JPEG,train,0
data/raw/defungi/H1/H1_97b_5.jpg,H1,.jpg,500,500,RGB,JPEG,train,0
data/raw/defungi/H1/H1_97b_7.jpg,H1,.jpg,500,500,RGB,JPEG,train,0
data/raw/defungi/H1/H1_97b_9.jpg,H1,.jpg,500,500,RGB,JPEG,train,0
data/raw/defungi/H1/H1_98a_1.jpg,H1,.jpg,500,500,RGB,JPEG,train,0
data/raw/defungi/H1/H1_98a_10.jpg,H1,.jpg,500,500,RGB,JPEG,train,0
data/raw/defungi/H1/H1_98a_13.jpg,H1,.jpg,500,500,RGB,JPEG,train,0
data/raw/defungi/H1/H1_98a_14.jpg,H1,.jpg,500,500,RGB,JPEG,train,0
data/raw/defungi/H1/H1_98a_15.jpg,H1,.jpg,500,500,RGB,JPEG,train,0
data/raw/defungi/H1/H1_98a_2.jpg,H1,.jpg,500,500,RGB,JPEG,train,0
data/raw/defungi/H1/H1_98a_3.jpg,H1,.jpg,500,500,RGB,JPEG,train,0
data/raw/defungi/H1/H1_98a_6.jpg,H1,.jpg,500,500,RGB,JPEG,train,0
data/raw/defungi/H1/H1_98a_7.jpg,H1,.jpg,500,500,RGB,JPEG,train,0
data/raw/defungi/H1/H1_98a_9.jpg,H1,.jpg,500,500,RGB,JPEG,train,0
data/raw/defungi/H1/H1_98b_1.jpg,H1,.jpg,500,500,RGB,JPEG,train,0
data/raw/defungi/H1/H1_98b_2.jpg,H1,.jpg,500,500,RGB,JPEG,train,0
data/raw/defungi/H1/H1_98b_4.jpg,H1,.jpg,500,500,RGB,JPEG,train,0
data/raw/defungi/H1/H1_98b_6.jpg,H1,.jpg,500,500,RGB,JPEG,train,0
data/raw/defungi/H1/H1_98b_7.jpg,H1,.jpg,500,500,RGB,JPEG,train,0
data/raw/defungi/H1/H1_98b_8.jpg,H1,.jpg,500,500,RGB,JPEG,train,0
data/raw/defungi/H1/H1_98b_9.jpg,H1,.jpg,500,500,RGB,JPEG,train,0
data/raw/defungi/H1/H1_98c_1.jpg,H1,.jpg,500,500,RGB,JPEG,train,0
data/raw/defungi/H1/H1_98c_11.jpg,H1,.jpg,500,500,RGB,JPEG,train,0
data/raw/defungi/H1/H1_98c_12.jpg,H1,.jpg,500,500,RGB,JPEG,train,0
data/raw/defungi/H1/H1_98c_13.jpg,H1,.jpg,500,500,RGB,JPEG,train,0
data/raw/defungi/H1/H1_98c_14.jpg,H1,.jpg,500,500,RGB,JPEG,train,0
data/raw/defungi/H1/H1_98c_17.jpg,H1,.jpg,500,500,RGB,JPEG,train,0
data/raw/defungi/H1/H1_98c_18.jpg,H1,.jpg,500,500,RGB,JPEG,train,0
data/raw/defungi/H1/H1_98c_19.jpg,H1,.jpg,500,500,RGB,JPEG,train,0
data/raw/defungi/H1/H1_98c_2.jpg,H1,.jpg,500,500,RGB,JPEG,train,0
data/raw/defungi/H1/H1_98c_20.jpg,H1,.jpg,500,500,RGB,JPEG,train,0
data/raw/defungi/H1/H1_98c_21.jpg,H1,.jpg,500,500,RGB,JPEG,train,0
data/raw/defungi/H1/H1_98c_23.jpg,H1,.jpg,500,500,RGB,JPEG,train,0
data/raw/defungi/H1/H1_98c_24.jpg,H1,.jpg,500,500,RGB,JPEG,train,0
data/raw/defungi/H1/H1_98c_25.jpg,H1,.jpg,500,500,RGB,JPEG,train,0
data/raw/defungi/H1/H1_98c_3.jpg,H1,.jpg,500,500,RGB,JPEG,train,0
data/raw/defungi/H1/H1_98c_5.jpg,H1,.jpg,500,500,RGB,JPEG,train,0
data/raw/defungi/H1/H1_98c_6.jpg,H1,.jpg,500,500,RGB,JPEG,train,0
data/raw/defungi/H1/H1_98c_8.jpg,H1,.jpg,500,500,RGB,JPEG,train,0
data/raw/defungi/H1/H1_98c_9.jpg,H1,.jpg,500,500,RGB,JPEG,train,0
data/raw/defungi/H1/H1_99a_1.jpg,H1,.jpg,500,500,RGB,JPEG,train,0
data/raw/defungi/H1/H1_99a_2.jpg,H1,.jpg,500,500,RGB,JPEG,train,0
data/raw/defungi/H1/H1_99a_3.jpg,H1,.jpg,500,500,RGB,JPEG,train,0
data/raw/defungi/H1/H1_99a_5.jpg,H1,.jpg,500,500,RGB,JPEG,train,0
data/raw/defungi/H1/H1_99a_8.jpg,H1,.jpg,500,500,RGB,JPEG,train,0
data/raw/defungi/H1/H1_99b_2.jpg,H1,.jpg,500,500,RGB,JPEG,train,0
data/raw/defungi/H1/H1_99b_3.jpg,H1,.jpg,500,500,RGB,JPEG,train,0
data/raw/defungi/H1/H1_99b_5.jpg,H1,.jpg,500,500,RGB,JPEG,train,0
data/raw/defungi/H1/H1_99b_7.jpg,H1,.jpg,500,500,RGB,JPEG,train,0
data/raw/defungi/H1/H1_99b_8.jpg,H1,.jpg,500,500,RGB,JPEG,train,0
data/raw/defungi/H1/H1_99b_9.jpg,H1,.jpg,500,500,RGB,JPEG,train,0
data/raw/defungi/H1/H1_99c_1.jpg,H1,.jpg,500,500,RGB,JPEG,train,0
data/raw/defungi/H1/H1_99c_11.jpg,H1,.jpg,500,500,RGB,JPEG,train,0
data/raw/defungi/H1/H1_99c_12.jpg,H1,.jpg,500,500,RGB,JPEG,train,0
data/raw/defungi/H1/H1_99c_2.jpg,H1,.jpg,500,500,RGB,JPEG,train,0
data/raw/defungi/H1/H1_99c_3.jpg,H1,.jpg,500,500,RGB,JPEG,train,0
data/raw/defungi/H1/H1_99c_4.jpg,H1,.jpg,500,500,RGB,JPEG,train,0
data/raw/defungi/H1/H1_99c_5.jpg,H1,.jpg,500,500,RGB,JPEG,train,0
data/raw/defungi/H1/H1_99c_6.jpg,H1,.jpg,500,500,RGB,JPEG,train,0
data/raw/defungi/H1/H1_99c_7.jpg,H1,.jpg,500,500,RGB,JPEG,train,0
data/raw/defungi/H1/H1_99c_8.jpg,H1,.jpg,500,500,RGB,JPEG,train,0
data/raw/defungi/H1/H1_9a_1.jpg,H1,.jpg,500,500,RGB,JPEG,train,0
data/raw/defungi/H1/H1_9a_11.jpg,H1,.jpg,500,500,RGB,JPEG,train,0
data/raw/defungi/H1/H1_9a_12.jpg,H1,.jpg,500,500,RGB,JPEG,train,0
data/raw/defungi/H1/H1_9a_2.jpg,H1,.jpg,500,500,RGB,JPEG,train,0
data/raw/defungi/H1/H1_9a_3.jpg,H1,.jpg,500,500,RGB,JPEG,train,0
data/raw/defungi/H1/H1_9a_4.jpg,H1,.jpg,500,500,RGB,JPEG,train,0
data/raw/defungi/H1/H1_9a_5.jpg,H1,.jpg,500,500,RGB,JPEG,train,0
data/raw/defungi/H1/H1_9a_7.jpg,H1,.jpg,500,500,RGB,JPEG,train,0
data/raw/defungi/H1/H1_9a_9.jpg,H1,.jpg,500,500,RGB,JPEG,train,0
data/raw/defungi/H1/H1_9b_2.jpg,H1,.jpg,500,500,RGB,JPEG,train,0
data/raw/defungi/H1/H1_9b_3.jpg,H1,.jpg,500,500,RGB,JPEG,train,0
data/raw/defungi/H1/H1_9b_4.jpg,H1,.jpg,500,500,RGB,JPEG,train,0
data/raw/defungi/H1/H1_9b_5.jpg,H1,.jpg,500,500,RGB,JPEG,train,0
data/raw/defungi/H1/H1_9b_6.jpg,H1,.jpg,500,500,RGB,JPEG,train,0
data/raw/defungi/H1/H1_9c_1.jpg,H1,.jpg,500,500,RGB,JPEG,train,0
data/raw/defungi/H1/H1_9c_2.jpg,H1,.jpg,500,500,RGB,JPEG,train,0
data/raw/defungi/H1/H1_9c_4.jpg,H1,.jpg,500,500,RGB,JPEG,train,0
data/raw/defungi/H2/H2_102a_1.jpg,H2,.jpg,500,500,RGB,JPEG,train,1
data/raw/defungi/H2/H2_102a_2.jpg,H2,.jpg,500,500,RGB,JPEG,train,1
data/raw/defungi/H2/H2_102a_4.jpg,H2,.jpg,500,500,RGB,JPEG,train,1
data/raw/defungi/H2/H2_102b_1.jpg,H2,.jpg,500,500,RGB,JPEG,train,1
data/raw/defungi/H2/H2_102b_3.jpg,H2,.jpg,500,500,RGB,JPEG,train,1
data/raw/defungi/H2/H2_102b_4.jpg,H2,.jpg,500,500,RGB,JPEG,train,1
data/raw/defungi/H2/H2_103b_1.jpg,H2,.jpg,500,500,RGB,JPEG,train,1
data/raw/defungi/H2/H2_103b_2.jpg,H2,.jpg,500,500,RGB,JPEG,train,1
data/raw/defungi/H2/H2_103b_4.jpg,H2,.jpg,500,500,RGB,JPEG,train,1
data/raw/defungi/H2/H2_103c_2.jpg,H2,.jpg,500,500,RGB,JPEG,train,1
data/raw/defungi/H2/H2_103c_3.jpg,H2,.jpg,500,500,RGB,JPEG,train,1
data/raw/defungi/H2/H2_103c_4.jpg,H2,.jpg,500,500,RGB,JPEG,train,1
data/raw/defungi/H2/H2_104a_1.jpg,H2,.jpg,500,500,RGB,JPEG,train,1
data/raw/defungi/H2/H2_104a_2.jpg,H2,.jpg,500,500,RGB,JPEG,train,1
data/raw/defungi/H2/H2_104a_4.jpg,H2,.jpg,500,500,RGB,JPEG,train,1
data/raw/defungi/H2/H2_104b_1.jpg,H2,.jpg,500,500,RGB,JPEG,train,1
data/raw/defungi/H2/H2_104b_2.jpg,H2,.jpg,500,500,RGB,JPEG,train,1
data/raw/defungi/H2/H2_104b_3.jpg,H2,.jpg,500,500,RGB,JPEG,train,1
data/raw/defungi/H2/H2_104b_4.jpg,H2,.jpg,500,500,RGB,JPEG,train,1
data/raw/defungi/H2/H2_104c_1.jpg,H2,.jpg,500,500,RGB,JPEG,train,1
data/raw/defungi/H2/H2_104c_2.jpg,H2,.jpg,500,500,RGB,JPEG,train,1
data/raw/defungi/H2/H2_104c_3.jpg,H2,.jpg,500,500,RGB,JPEG,train,1
data/raw/defungi/H2/H2_104c_4.jpg,H2,.jpg,500,500,RGB,JPEG,train,1
data/raw/defungi/H2/H2_104d_1.jpg,H2,.jpg,500,500,RGB,JPEG,train,1
data/raw/defungi/H2/H2_104d_2.jpg,H2,.jpg,500,500,RGB,JPEG,train,1
data/raw/defungi/H2/H2_104d_4.jpg,H2,.jpg,500,500,RGB,JPEG,train,1
data/raw/defungi/H2/H2_104e_1.jpg,H2,.jpg,500,500,RGB,JPEG,train,1
data/raw/defungi/H2/H2_104e_2.jpg,H2,.jpg,500,500,RGB,JPEG,train,1
data/raw/defungi/H2/H2_104e_3.jpg,H2,.jpg,500,500,RGB,JPEG,train,1
data/raw/defungi/H2/H2_104f_1.jpg,H2,.jpg,500,500,RGB,JPEG,train,1
data/raw/defungi/H2/H2_104f_2.jpg,H2,.jpg,500,500,RGB,JPEG,train,1
data/raw/defungi/H2/H2_106a_1.jpg,H2,.jpg,500,500,RGB,JPEG,train,1
data/raw/defungi/H2/H2_106a_2.jpg,H2,.jpg,500,500,RGB,JPEG,train,1
data/raw/defungi/H2/H2_106a_3.jpg,H2,.jpg,500,500,RGB,JPEG,train,1
data/raw/defungi/H2/H2_108a_1.jpg,H2,.jpg,500,500,RGB,JPEG,train,1
data/raw/defungi/H2/H2_108a_2.jpg,H2,.jpg,500,500,RGB,JPEG,train,1
data/raw/defungi/H2/H2_108a_3.jpg,H2,.jpg,500,500,RGB,JPEG,train,1
data/raw/defungi/H2/H2_115a_1.jpg,H2,.jpg,500,500,RGB,JPEG,train,1
data/raw/defungi/H2/H2_115a_3.jpg,H2,.jpg,500,500,RGB,JPEG,train,1
data/raw/defungi/H2/H2_115a_4.jpg,H2,.jpg,500,500,RGB,JPEG,train,1
data/raw/defungi/H2/H2_115b_1.jpg,H2,.jpg,500,500,RGB,JPEG,train,1
data/raw/defungi/H2/H2_115b_3.jpg,H2,.jpg,500,500,RGB,JPEG,train,1
data/raw/defungi/H2/H2_115b_5.jpg,H2,.jpg,500,500,RGB,JPEG,train,1
data/raw/defungi/H2/H2_115b_6.jpg,H2,.jpg,500,500,RGB,JPEG,train,1
data/raw/defungi/H2/H2_115c_1.jpg,H2,.jpg,500,500,RGB,JPEG,train,1
data/raw/defungi/H2/H2_115c_2.jpg,H2,.jpg,500,500,RGB,JPEG,train,1
data/raw/defungi/H2/H2_115c_3.jpg,H2,.jpg,500,500,RGB,JPEG,train,1
data/raw/defungi/H2/H2_115c_4.jpg,H2,.jpg,500,500,RGB,JPEG,train,1
data/raw/defungi/H2/H2_115c_5.jpg,H2,.jpg,500,500,RGB,JPEG,train,1
data/raw/defungi/H2/H2_115c_6.jpg,H2,.jpg,500,500,RGB,JPEG,train,1
data/raw/defungi/H2/H2_115d_1.jpg,H2,.jpg,500,500,RGB,JPEG,train,1
data/raw/defungi/H2/H2_115d_3.jpg,H2,.jpg,500,500,RGB,JPEG,train,1
data/raw/defungi/H2/H2_115d_4.jpg,H2,.jpg,500,500,RGB,JPEG,train,1
data/raw/defungi/H2/H2_116a_1.jpg,H2,.jpg,500,500,RGB,JPEG,train,1
data/raw/defungi/H2/H2_116a_2.jpg,H2,.jpg,500,500,RGB,JPEG,train,1
data/raw/defungi/H2/H2_116a_3.jpg,H2,.jpg,500,500,RGB,JPEG,train,1
data/raw/defungi/H2/H2_116a_4.jpg,H2,.jpg,500,500,RGB,JPEG,train,1
data/raw/defungi/H2/H2_117a_2.jpg,H2,.jpg,500,500,RGB,JPEG,train,1
data/raw/defungi/H2/H2_117a_3.jpg,H2,.jpg,500,500,RGB,JPEG,train,1
data/raw/defungi/H2/H2_117a_4.jpg,H2,.jpg,500,500,RGB,JPEG,train,1
data/raw/defungi/H2/H2_117a_5.jpg,H2,.jpg,500,500,RGB,JPEG,train,1
data/raw/defungi/H2/H2_117b_1.jpg,H2,.jpg,500,500,RGB,JPEG,train,1
data/raw/defungi/H2/H2_117b_2.jpg,H2,.jpg,500,500,RGB,JPEG,train,1
data/raw/defungi/H2/H2_117b_3.jpg,H2,.jpg,500,500,RGB,JPEG,train,1
data/raw/defungi/H2/H2_117b_4.jpg,H2,.jpg,500,500,RGB,JPEG,train,1
data/raw/defungi/H2/H2_117c_3.jpg,H2,.jpg,500,500,RGB,JPEG,train,1
data/raw/defungi/H2/H2_117d_1.jpg,H2,.jpg,500,500,RGB,JPEG,train,1
data/raw/defungi/H2/H2_117d_2.jpg,H2,.jpg,500,500,RGB,JPEG,train,1
data/raw/defungi/H2/H2_117d_4.jpg,H2,.jpg,500,500,RGB,JPEG,train,1
data/raw/defungi/H2/H2_117d_5.jpg,H2,.jpg,500,500,RGB,JPEG,train,1
data/raw/defungi/H2/H2_11a_1.jpg,H2,.jpg,500,500,RGB,JPEG,train,1
data/raw/defungi/H2/H2_11a_10.jpg,H2,.jpg,500,500,RGB,JPEG,train,1
data/raw/defungi/H2/H2_11a_11.jpg,H2,.jpg,500,500,RGB,JPEG,train,1
data/raw/defungi/H2/H2_11a_12.jpg,H2,.jpg,500,500,RGB,JPEG,train,1
data/raw/defungi/H2/H2_11a_3.jpg,H2,.jpg,500,500,RGB,JPEG,train,1
data/raw/defungi/H2/H2_11a_4.jpg,H2,.jpg,500,500,RGB,JPEG,train,1
data/raw/defungi/H2/H2_11a_6.jpg,H2,.jpg,500,500,RGB,JPEG,train,1
data/raw/defungi/H2/H2_11a_9.jpg,H2,.jpg,500,500,RGB,JPEG,train,1
data/raw/defungi/H2/H2_11b_11.jpg,H2,.jpg,500,500,RGB,JPEG,train,1
data/raw/defungi/H2/H2_11b_12.jpg,H2,.jpg,500,500,RGB,JPEG,train,1
data/raw/defungi/H2/H2_11b_13.jpg,H2,.jpg,500,500,RGB,JPEG,train,1
data/raw/defungi/H2/H2_11b_16.jpg,H2,.jpg,500,500,RGB,JPEG,train,1
data/raw/defungi/H2/H2_11b_2.jpg,H2,.jpg,500,500,RGB,JPEG,train,1
data/raw/defungi/H2/H2_11b_3.jpg,H2,.jpg,500,500,RGB,JPEG,train,1
data/raw/defungi/H2/H2_11b_4.jpg,H2,.jpg,500,500,RGB,JPEG,train,1
data/raw/defungi/H2/H2_11b_6.jpg,H2,.jpg,500,500,RGB,JPEG,train,1
data/raw/defungi/H2/H2_11b_7.jpg,H2,.jpg,500,500,RGB,JPEG,train,1
data/raw/defungi/H2/H2_11b_8.jpg,H2,.jpg,500,500,RGB,JPEG,train,1
data/raw/defungi/H2/H2_11b_9.jpg,H2,.jpg,500,500,RGB,JPEG,train,1
data/raw/defungi/H2/H2_120a_1.jpg,H2,.jpg,500,500,RGB,JPEG,train,1
data/raw/defungi/H2/H2_120a_2.jpg,H2,.jpg,500,500,RGB,JPEG,train,1
data/raw/defungi/H2/H2_120a_3.jpg,H2,.jpg,500,500,RGB,JPEG,train,1
data/raw/defungi/H2/H2_120a_4.jpg,H2,.jpg,500,500,RGB,JPEG,train,1
data/raw/defungi/H2/H2_120d_1.jpg,H2,.jpg,500,500,RGB,JPEG,train,1
data/raw/defungi/H2/H2_120d_2.jpg,H2,.jpg,500,500,RGB,JPEG,train,1
data/raw/defungi/H2/H2_120d_3.jpg,H2,.jpg,500,500,RGB,JPEG,train,1
data/raw/defungi/H2/H2_120d_4.jpg,H2,.jpg,500,500,RGB,JPEG,train,1
data/raw/defungi/H2/H2_121a_1.jpg,H2,.jpg,500,500,RGB,JPEG,train,1
data/raw/defungi/H2/H2_121a_2.jpg,H2,.jpg,500,500,RGB,JPEG,train,1
data/raw/defungi/H2/H2_121a_3.jpg,H2,.jpg,500,500,RGB,JPEG,train,1
data/raw/defungi/H2/H2_121a_4.jpg,H2,.jpg,500,500,RGB,JPEG,train,1
data/raw/defungi/H2/H2_121a_6.jpg,H2,.jpg,500,500,RGB,JPEG,train,1
data/raw/defungi/H2/H2_121b_4.jpg,H2,.jpg,500,500,RGB,JPEG,train,1
data/raw/defungi/H2/H2_121c_2.jpg,H2,.jpg,500,500,RGB,JPEG,train,1
data/raw/defungi/H2/H2_121c_3.jpg,H2,.jpg,500,500,RGB,JPEG,train,1
data/raw/defungi/H2/H2_121c_4.jpg,H2,.jpg,500,500,RGB,JPEG,train,1
data/raw/defungi/H2/H2_121c_6.jpg,H2,.jpg,500,500,RGB,JPEG,train,1
data/raw/defungi/H2/H2_121c_7.jpg,H2,.jpg,500,500,RGB,JPEG,train,1
data/raw/defungi/H2/H2_121c_8.jpg,H2,.jpg,500,500,RGB,JPEG,train,1
data/raw/defungi/H2/H2_121c_9.jpg,H2,.jpg,500,500,RGB,JPEG,train,1
data/raw/defungi/H2/H2_122a_1.jpg,H2,.jpg,500,500,RGB,JPEG,train,1
data/raw/defungi/H2/H2_122a_2.jpg,H2,.jpg,500,500,RGB,JPEG,train,1
data/raw/defungi/H2/H2_122a_3.jpg,H2,.jpg,500,500,RGB,JPEG,train,1
data/raw/defungi/H2/H2_122b_2.jpg,H2,.jpg,500,500,RGB,JPEG,train,1
data/raw/defungi/H2/H2_122b_3.jpg,H2,.jpg,500,500,RGB,JPEG,train,1
data/raw/defungi/H2/H2_122b_4.jpg,H2,.jpg,500,500,RGB,JPEG,train,1
data/raw/defungi/H2/H2_122c_1.jpg,H2,.jpg,500,500,RGB,JPEG,train,1
data/raw/defungi/H2/H2_122c_3.jpg,H2,.jpg,500,500,RGB,JPEG,train,1
data/raw/defungi/H2/H2_122c_4.jpg,H2,.jpg,500,500,RGB,JPEG,train,1
data/raw/defungi/H2/H2_122d_1.jpg,H2,.jpg,500,500,RGB,JPEG,train,1
data/raw/defungi/H2/H2_122d_2.jpg,H2,.jpg,500,500,RGB,JPEG,train,1
data/raw/defungi/H2/H2_122d_4.jpg,H2,.jpg,500,500,RGB,JPEG,train,1
data/raw/defungi/H2/H2_122e_1.jpg,H2,.jpg,500,500,RGB,JPEG,train,1
data/raw/defungi/H2/H2_122e_2.jpg,H2,.jpg,500,500,RGB,JPEG,train,1
data/raw/defungi/H2/H2_122e_3.jpg,H2,.jpg,500,500,RGB,JPEG,train,1
data/raw/defungi/H2/H2_122e_4.jpg,H2,.jpg,500,500,RGB,JPEG,train,1
data/raw/defungi/H2/H2_12a_1.jpg,H2,.jpg,500,500,RGB,JPEG,train,1
data/raw/defungi/H2/H2_12a_2.jpg,H2,.jpg,500,500,RGB,JPEG,train,1
data/raw/defungi/H2/H2_12a_3.jpg,H2,.jpg,500,500,RGB,JPEG,train,1
data/raw/defungi/H2/H2_12a_4.jpg,H2,.jpg,500,500,RGB,JPEG,train,1
data/raw/defungi/H2/H2_12a_5.jpg,H2,.jpg,500,500,RGB,JPEG,train,1
data/raw/defungi/H2/H2_12a_7.jpg,H2,.jpg,500,500,RGB,JPEG,train,1
data/raw/defungi/H2/H2_12a_9.jpg,H2,.jpg,500,500,RGB,JPEG,train,1
data/raw/defungi/H2/H2_12b_2.jpg,H2,.jpg,500,500,RGB,JPEG,train,1
data/raw/defungi/H2/H2_12b_3.jpg,H2,.jpg,500,500,RGB,JPEG,train,1
data/raw/defungi/H2/H2_12b_6.jpg,H2,.jpg,500,500,RGB,JPEG,train,1
data/raw/defungi/H2/H2_12b_9.jpg,H2,.jpg,500,500,RGB,JPEG,train,1
data/raw/defungi/H2/H2_13a_1.jpg,H2,.jpg,500,500,RGB,JPEG,train,1
data/raw/defungi/H2/H2_13a_2.jpg,H2,.jpg,500,500,RGB,JPEG,train,1
data/raw/defungi/H2/H2_13a_7.jpg,H2,.jpg,500,500,RGB,JPEG,train,1
data/raw/defungi/H2/H2_13a_8.jpg,H2,.jpg,500,500,RGB,JPEG,train,1
data/raw/defungi/H2/H2_13a_9.jpg,H2,.jpg,500,500,RGB,JPEG,train,1
data/raw/defungi/H2/H2_13b_1.jpg,H2,.jpg,500,500,RGB,JPEG,train,1
data/raw/defungi/H2/H2_13b_2.jpg,H2,.jpg,500,500,RGB,JPEG,train,1
data/raw/defungi/H2/H2_13b_4.jpg,H2,.jpg,500,500,RGB,JPEG,train,1
data/raw/defungi/H2/H2_13b_5.jpg,H2,.jpg,500,500,RGB,JPEG,train,1
data/raw/defungi/H2/H2_13c_1.jpg,H2,.jpg,500,500,RGB,JPEG,train,1
data/raw/defungi/H2/H2_13c_2.jpg,H2,.jpg,500,500,RGB,JPEG,train,1
data/raw/defungi/H2/H2_13c_3.jpg,H2,.jpg,500,500,RGB,JPEG,train,1
data/raw/defungi/H2/H2_13c_4.jpg,H2,.jpg,500,500,RGB,JPEG,train,1
data/raw/defungi/H2/H2_13c_6.jpg,H2,.jpg,500,500,RGB,JPEG,train,1
data/raw/defungi/H2/H2_13c_7.jpg,H2,.jpg,500,500,RGB,JPEG,train,1
data/raw/defungi/H2/H2_13c_8.jpg,H2,.jpg,500,500,RGB,JPEG,train,1
data/raw/defungi/H2/H2_13c_9.jpg,H2,.jpg,500,500,RGB,JPEG,train,1
data/raw/defungi/H2/H2_14a_1.jpg,H2,.jpg,500,500,RGB,JPEG,train,1
data/raw/defungi/H2/H2_14a_10.jpg,H2,.jpg,500,500,RGB,JPEG,train,1
data/raw/defungi/H2/H2_14a_11.jpg,H2,.jpg,500,500,RGB,JPEG,train,1
data/raw/defungi/H2/H2_14a_14.jpg,H2,.jpg,500,500,RGB,JPEG,train,1
data/raw/defungi/H2/H2_14a_15.jpg,H2,.jpg,500,500,RGB,JPEG,train,1
data/raw/defungi/H2/H2_14a_17.jpg,H2,.jpg,500,500,RGB,JPEG,train,1
data/raw/defungi/H2/H2_14a_2.jpg,H2,.jpg,500,500,RGB,JPEG,train,1
data/raw/defungi/H2/H2_14a_20.jpg,H2,.jpg,500,500,RGB,JPEG,train,1
data/raw/defungi/H2/H2_14a_22.jpg,H2,.jpg,500,500,RGB,JPEG,train,1
data/raw/defungi/H2/H2_14a_23.jpg,H2,.jpg,500,500,RGB,JPEG,train,1
data/raw/defungi/H2/H2_14a_24.jpg,H2,.jpg,500,500,RGB,JPEG,train,1
data/raw/defungi/H2/H2_14a_25.jpg,H2,.jpg,500,500,RGB,JPEG,train,1
data/raw/defungi/H2/H2_14a_3.jpg,H2,.jpg,500,500,RGB,JPEG,train,1
data/raw/defungi/H2/H2_14a_5.jpg,H2,.jpg,500,500,RGB,JPEG,train,1
data/raw/defungi/H2/H2_14a_8.jpg,H2,.jpg,500,500,RGB,JPEG,train,1
data/raw/defungi/H2/H2_14a_9.jpg,H2,.jpg,500,500,RGB,JPEG,train,1
data/raw/defungi/H2/H2_15a_1.jpg,H2,.jpg,500,500,RGB,JPEG,train,1
data/raw/defungi/H2/H2_15a_10.jpg,H2,.jpg,500,500,RGB,JPEG,train,1
data/raw/defungi/H2/H2_15a_11.jpg,H2,.jpg,500,500,RGB,JPEG,train,1
data/raw/defungi/H2/H2_15a_13.jpg,H2,.jpg,500,500,RGB,JPEG,train,1
data/raw/defungi/H2/H2_15a_15.jpg,H2,.jpg,500,500,RGB,JPEG,train,1
data/raw/defungi/H2/H2_15a_16.jpg,H2,.jpg,500,500,RGB,JPEG,train,1
data/raw/defungi/H2/H2_15a_4.jpg,H2,.jpg,500,500,RGB,JPEG,train,1
data/raw/defungi/H2/H2_15a_5.jpg,H2,.jpg,500,500,RGB,JPEG,train,1
data/raw/defungi/H2/H2_15a_6.jpg,H2,.jpg,500,500,RGB,JPEG,train,1
data/raw/defungi/H2/H2_15a_7.jpg,H2,.jpg,500,500,RGB,JPEG,train,1
data/raw/defungi/H2/H2_15a_8.jpg,H2,.jpg,500,500,RGB,JPEG,train,1
data/raw/defungi/H2/H2_15a_9.jpg,H2,.jpg,500,500,RGB,JPEG,train,1
data/raw/defungi/H2/H2_15b_1.jpg,H2,.jpg,500,500,RGB,JPEG,train,1
data/raw/defungi/H2/H2_15b_10.jpg,H2,.jpg,500,500,RGB,JPEG,train,1
data/raw/defungi/H2/H2_15b_11.jpg,H2,.jpg,500,500,RGB,JPEG,train,1
data/raw/defungi/H2/H2_15b_12.jpg,H2,.jpg,500,500,RGB,JPEG,train,1
data/raw/defungi/H2/H2_15b_13.jpg,H2,.jpg,500,500,RGB,JPEG,train,1
data/raw/defungi/H2/H2_15b_14.jpg,H2,.jpg,500,500,RGB,JPEG,train,1
data/raw/defungi/H2/H2_15b_15.jpg,H2,.jpg,500,500,RGB,JPEG,train,1
data/raw/defungi/H2/H2_15b_16.jpg,H2,.jpg,500,500,RGB,JPEG,train,1
data/raw/defungi/H2/H2_15b_17.jpg,H2,.jpg,500,500,RGB,JPEG,train,1
data/raw/defungi/H2/H2_15b_18.jpg,H2,.jpg,500,500,RGB,JPEG,train,1
data/raw/defungi/H2/H2_15b_19.jpg,H2,.jpg,500,500,RGB,JPEG,train,1
data/raw/defungi/H2/H2_15b_2.jpg,H2,.jpg,500,500,RGB,JPEG,train,1
data/raw/defungi/H2/H2_15b_21.jpg,H2,.jpg,500,500,RGB,JPEG,train,1
data/raw/defungi/H2/H2_15b_22.jpg,H2,.jpg,500,500,RGB,JPEG,train,1
data/raw/defungi/H2/H2_15b_24.jpg,H2,.jpg,500,500,RGB,JPEG,train,1
data/raw/defungi/H2/H2_15b_25.jpg,H2,.jpg,500,500,RGB,JPEG,train,1
data/raw/defungi/H2/H2_15b_4.jpg,H2,.jpg,500,500,RGB,JPEG,train,1
data/raw/defungi/H2/H2_15b_5.jpg,H2,.jpg,500,500,RGB,JPEG,train,1
data/raw/defungi/H2/H2_15b_6.jpg,H2,.jpg,500,500,RGB,JPEG,train,1
data/raw/defungi/H2/H2_15b_7.jpg,H2,.jpg,500,500,RGB,JPEG,train,1
data/raw/defungi/H2/H2_15b_8.jpg,H2,.jpg,500,500,RGB,JPEG,train,1
data/raw/defungi/H2/H2_15b_9.jpg,H2,.jpg,500,500,RGB,JPEG,train,1
data/raw/defungi/H2/H2_16a_1.jpg,H2,.jpg,500,500,RGB,JPEG,train,1
data/raw/defungi/H2/H2_16a_2.jpg,H2,.jpg,500,500,RGB,JPEG,train,1
data/raw/defungi/H2/H2_16a_3.jpg,H2,.jpg,500,500,RGB,JPEG,train,1
data/raw/defungi/H2/H2_16a_4.jpg,H2,.jpg,500,500,RGB,JPEG,train,1
data/raw/defungi/H2/H2_16a_8.jpg,H2,.jpg,500,500,RGB,JPEG,train,1
data/raw/defungi/H2/H2_16a_9.jpg,H2,.jpg,500,500,RGB,JPEG,train,1
data/raw/defungi/H2/H2_17a_1.jpg,H2,.jpg,500,500,RGB,JPEG,train,1
data/raw/defungi/H2/H2_17a_3.jpg,H2,.jpg,500,500,RGB,JPEG,train,1
data/raw/defungi/H2/H2_17a_6.jpg,H2,.jpg,500,500,RGB,JPEG,train,1
data/raw/defungi/H2/H2_17a_7.jpg,H2,.jpg,500,500,RGB,JPEG,train,1
data/raw/defungi/H2/H2_17a_9.jpg,H2,.jpg,500,500,RGB,JPEG,train,1
data/raw/defungi/H2/H2_17b_1.jpg,H2,.jpg,500,500,RGB,JPEG,train,1
data/raw/defungi/H2/H2_17b_2.jpg,H2,.jpg,500,500,RGB,JPEG,train,1
data/raw/defungi/H2/H2_17b_3.jpg,H2,.jpg,500,500,RGB,JPEG,train,1
data/raw/defungi/H2/H2_17b_4.jpg,H2,.jpg,500,500,RGB,JPEG,train,1
data/raw/defungi/H2/H2_17b_6.jpg,H2,.jpg,500,500,RGB,JPEG,train,1
data/raw/defungi/H2/H2_17b_7.jpg,H2,.jpg,500,500,RGB,JPEG,train,1
data/raw/defungi/H2/H2_17b_9.jpg,H2,.jpg,500,500,RGB,JPEG,train,1
data/raw/defungi/H2/H2_17c_2.jpg,H2,.jpg,500,500,RGB,JPEG,train,1
data/raw/defungi/H2/H2_17c_3.jpg,H2,.jpg,500,500,RGB,JPEG,train,1
data/raw/defungi/H2/H2_17c_4.jpg,H2,.jpg,500,500,RGB,JPEG,train,1
data/raw/defungi/H2/H2_17c_7.jpg,H2,.jpg,500,500,RGB,JPEG,train,1
data/raw/defungi/H2/H2_17c_8.jpg,H2,.jpg,500,500,RGB,JPEG,train,1
data/raw/defungi/H2/H2_17c_9.jpg,H2,.jpg,500,500,RGB,JPEG,train,1
data/raw/defungi/H2/H2_19a_1.jpg,H2,.jpg,500,500,RGB,JPEG,train,1
data/raw/defungi/H2/H2_19a_2.jpg,H2,.jpg,500,500,RGB,JPEG,train,1
data/raw/defungi/H2/H2_19a_3.jpg,H2,.jpg,500,500,RGB,JPEG,train,1
data/raw/defungi/H2/H2_19a_4.jpg,H2,.jpg,500,500,RGB,JPEG,train,1
data/raw/defungi/H2/H2_19a_5.jpg,H2,.jpg,500,500,RGB,JPEG,train,1
data/raw/defungi/H2/H2_19a_6.jpg,H2,.jpg,500,500,RGB,JPEG,train,1
data/raw/defungi/H2/H2_19b_1.jpg,H2,.jpg,500,500,RGB,JPEG,train,1
data/raw/defungi/H2/H2_19b_2.jpg,H2,.jpg,500,500,RGB,JPEG,train,1
data/raw/defungi/H2/H2_19b_3.jpg,H2,.jpg,500,500,RGB,JPEG,train,1
data/raw/defungi/H2/H2_1a_1.jpg,H2,.jpg,500,500,RGB,JPEG,train,1
data/raw/defungi/H2/H2_1a_10.jpg,H2,.jpg,500,500,RGB,JPEG,train,1
data/raw/defungi/H2/H2_1a_11.jpg,H2,.jpg,500,500,RGB,JPEG,train,1
data/raw/defungi/H2/H2_1a_12.jpg,H2,.jpg,500,500,RGB,JPEG,train,1
data/raw/defungi/H2/H2_1a_13.jpg,H2,.jpg,500,500,RGB,JPEG,train,1
data/raw/defungi/H2/H2_1a_14.jpg,H2,.jpg,500,500,RGB,JPEG,train,1
data/raw/defungi/H2/H2_1a_15.jpg,H2,.jpg,500,500,RGB,JPEG,train,1
data/raw/defungi/H2/H2_1a_16.jpg,H2,.jpg,500,500,RGB,JPEG,train,1
data/raw/defungi/H2/H2_1a_3.jpg,H2,.jpg,500,500,RGB,JPEG,train,1
data/raw/defungi/H2/H2_1a_6.jpg,H2,.jpg,500,500,RGB,JPEG,train,1
data/raw/defungi/H2/H2_1a_8.jpg,H2,.jpg,500,500,RGB,JPEG,train,1
data/raw/defungi/H2/H2_1a_9.jpg,H2,.jpg,500,500,RGB,JPEG,train,1
data/raw/defungi/H2/H2_1b_2.jpg,H2,.jpg,500,500,RGB,JPEG,train,1
data/raw/defungi/H2/H2_1b_3.jpg,H2,.jpg,500,500,RGB,JPEG,train,1
data/raw/defungi/H2/H2_1b_4.jpg,H2,.jpg,500,500,RGB,JPEG,train,1
data/raw/defungi/H2/H2_1b_6.jpg,H2,.jpg,500,500,RGB,JPEG,train,1
data/raw/defungi/H2/H2_1b_8.jpg,H2,.jpg,500,500,RGB,JPEG,train,1
data/raw/defungi/H2/H2_1b_9.jpg,H2,.jpg,500,500,RGB,JPEG,train,1
data/raw/defungi/H2/H2_20a_1.jpg,H2,.jpg,500,500,RGB,JPEG,train,1
data/raw/defungi/H2/H2_20a_2.jpg,H2,.jpg,500,500,RGB,JPEG,train,1
data/raw/defungi/H2/H2_20a_3.jpg,H2,.jpg,500,500,RGB,JPEG,train,1
data/raw/defungi/H2/H2_20a_4.jpg,H2,.jpg,500,500,RGB,JPEG,train,1
data/raw/defungi/H2/H2_20a_5.jpg,H2,.jpg,500,500,RGB,JPEG,train,1
data/raw/defungi/H2/H2_20a_6.jpg,H2,.jpg,500,500,RGB,JPEG,train,1
data/raw/defungi/H2/H2_20a_8.jpg,H2,.jpg,500,500,RGB,JPEG,train,1
data/raw/defungi/H2/H2_20a_9.jpg,H2,.jpg,500,500,RGB,JPEG,train,1
data/raw/defungi/H2/H2_21a_1.jpg,H2,.jpg,500,500,RGB,JPEG,train,1
data/raw/defungi/H2/H2_21a_5.jpg,H2,.jpg,500,500,RGB,JPEG,train,1
data/raw/defungi/H2/H2_21a_6.jpg,H2,.jpg,500,500,RGB,JPEG,train,1
data/raw/defungi/H2/H2_21b_1.jpg,H2,.jpg,500,500,RGB,JPEG,train,1
data/raw/defungi/H2/H2_21b_2.jpg,H2,.jpg,500,500,RGB,JPEG,train,1
data/raw/defungi/H2/H2_21b_4.jpg,H2,.jpg,500,500,RGB,JPEG,train,1
data/raw/defungi/H2/H2_21b_5.jpg,H2,.jpg,500,500,RGB,JPEG,train,1
data/raw/defungi/H2/H2_21b_6.jpg,H2,.jpg,500,500,RGB,JPEG,train,1
data/raw/defungi/H2/H2_21b_8.jpg,H2,.jpg,500,500,RGB,JPEG,train,1
data/raw/defungi/H2/H2_21b_9.jpg,H2,.jpg,500,500,RGB,JPEG,train,1
data/raw/defungi/H2/H2_21c_1.jpg,H2,.jpg,500,500,RGB,JPEG,train,1
data/raw/defungi/H2/H2_21c_10.jpg,H2,.jpg,500,500,RGB,JPEG,train,1
data/raw/defungi/H2/H2_21c_12.jpg,H2,.jpg,500,500,RGB,JPEG,train,1
data/raw/defungi/H2/H2_21c_13.jpg,H2,.jpg,500,500,RGB,JPEG,train,1
data/raw/defungi/H2/H2_21c_16.jpg,H2,.jpg,500,500,RGB,JPEG,train,1
data/raw/defungi/H2/H2_21c_2.jpg,H2,.jpg,500,500,RGB,JPEG,train,1
data/raw/defungi/H2/H2_21c_5.jpg,H2,.jpg,500,500,RGB,JPEG,train,1
data/raw/defungi/H2/H2_21c_7.jpg,H2,.jpg,500,500,RGB,JPEG,train,1
data/raw/defungi/H2/H2_22a_1.jpg,H2,.jpg,500,500,RGB,JPEG,train,1
data/raw/defungi/H2/H2_22a_3.jpg,H2,.jpg,500,500,RGB,JPEG,train,1
data/raw/defungi/H2/H2_22a_4.jpg,H2,.jpg,500,500,RGB,JPEG,train,1
data/raw/defungi/H2/H2_22a_5.jpg,H2,.jpg,500,500,RGB,JPEG,train,1
data/raw/defungi/H2/H2_22a_6.jpg,H2,.jpg,500,500,RGB,JPEG,train,1
data/raw/defungi/H2/H2_22a_7.jpg,H2,.jpg,500,500,RGB,JPEG,train,1
data/raw/defungi/H2/H2_22a_8.jpg,H2,.jpg,500,500,RGB,JPEG,train,1
data/raw/defungi/H2/H2_22a_9.jpg,H2,.jpg,500,500,RGB,JPEG,train,1
data/raw/defungi/H2/H2_23a_1.jpg,H2,.jpg,500,500,RGB,JPEG,train,1
data/raw/defungi/H2/H2_23a_10.jpg,H2,.jpg,500,500,RGB,JPEG,train,1
data/raw/defungi/H2/H2_23a_13.jpg,H2,.jpg,500,500,RGB,JPEG,train,1
data/raw/defungi/H2/H2_23a_14.jpg,H2,.jpg,500,500,RGB,JPEG,train,1
data/raw/defungi/H2/H2_23a_15.jpg,H2,.jpg,500,500,RGB,JPEG,train,1
data/raw/defungi/H2/H2_23a_16.jpg,H2,.jpg,500,500,RGB,JPEG,train,1
data/raw/defungi/H2/H2_23a_17.jpg,H2,.jpg,500,500,RGB,JPEG,train,1
data/raw/defungi/H2/H2_23a_19.jpg,H2,.jpg,500,500,RGB,JPEG,train,1
data/raw/defungi/H2/H2_23a_2.jpg,H2,.jpg,500,500,RGB,JPEG,train,1
data/raw/defungi/H2/H2_23a_20.jpg,H2,.jpg,500,500,RGB,JPEG,train,1
data/raw/defungi/H2/H2_23a_23.jpg,H2,.jpg,500,500,RGB,JPEG,train,1
data/raw/defungi/H2/H2_23a_24.jpg,H2,.jpg,500,500,RGB,JPEG,train,1
data/raw/defungi/H2/H2_23a_25.jpg,H2,.jpg,500,500,RGB,JPEG,train,1
data/raw/defungi/H2/H2_23a_26.jpg,H2,.jpg,500,500,RGB,JPEG,train,1
data/raw/defungi/H2/H2_23a_28.jpg,H2,.jpg,500,500,RGB,JPEG,train,1
data/raw/defungi/H2/H2_23a_3.jpg,H2,.jpg,500,500,RGB,JPEG,train,1
data/raw/defungi/H2/H2_23a_30.jpg,H2,.jpg,500,500,RGB,JPEG,train,1
data/raw/defungi/H2/H2_23a_4.jpg,H2,.jpg,500,500,RGB,JPEG,train,1
data/raw/defungi/H2/H2_23a_5.jpg,H2,.jpg,500,500,RGB,JPEG,train,1
data/raw/defungi/H2/H2_23a_7.jpg,H2,.jpg,500,500,RGB,JPEG,train,1
data/raw/defungi/H2/H2_23a_8.jpg,H2,.jpg,500,500,RGB,JPEG,train,1
data/raw/defungi/H2/H2_23a_9.jpg,H2,.jpg,500,500,RGB,JPEG,train,1
data/raw/defungi/H2/H2_23b_1.jpg,H2,.jpg,500,500,RGB,JPEG,train,1
data/raw/defungi/H2/H2_23b_11.jpg,H2,.jpg,500,500,RGB,JPEG,train,1
data/raw/defungi/H2/H2_23b_12.jpg,H2,.jpg,500,500,RGB,JPEG,train,1
data/raw/defungi/H2/H2_23b_13.jpg,H2,.jpg,500,500,RGB,JPEG,train,1
data/raw/defungi/H2/H2_23b_14.jpg,H2,.jpg,500,500,RGB,JPEG,train,1
data/raw/defungi/H2/H2_23b_16.jpg,H2,.jpg,500,500,RGB,JPEG,train,1
data/raw/defungi/H2/H2_23b_17.jpg,H2,.jpg,500,500,RGB,JPEG,train,1
data/raw/defungi/H2/H2_23b_18.jpg,H2,.jpg,500,500,RGB,JPEG,train,1
data/raw/defungi/H2/H2_23b_19.jpg,H2,.jpg,500,500,RGB,JPEG,train,1
data/raw/defungi/H2/H2_23b_20.jpg,H2,.jpg,500,500,RGB,JPEG,train,1
data/raw/defungi/H2/H2_23b_21.jpg,H2,.jpg,500,500,RGB,JPEG,train,1
data/raw/defungi/H2/H2_23b_23.jpg,H2,.jpg,500,500,RGB,JPEG,train,1
data/raw/defungi/H2/H2_23b_4.jpg,H2,.jpg,500,500,RGB,JPEG,train,1
data/raw/defungi/H2/H2_23b_5.jpg,H2,.jpg,500,500,RGB,JPEG,train,1
data/raw/defungi/H2/H2_23b_7.jpg,H2,.jpg,500,500,RGB,JPEG,train,1
data/raw/defungi/H2/H2_23b_9.jpg,H2,.jpg,500,500,RGB,JPEG,train,1
data/raw/defungi/H2/H2_23c_1.jpg,H2,.jpg,500,500,RGB,JPEG,train,1
data/raw/defungi/H2/H2_23c_10.jpg,H2,.jpg,500,500,RGB,JPEG,train,1
data/raw/defungi/H2/H2_23c_11.jpg,H2,.jpg,500,500,RGB,JPEG,train,1
data/raw/defungi/H2/H2_23c_12.jpg,H2,.jpg,500,500,RGB,JPEG,train,1
data/raw/defungi/H2/H2_23c_13.jpg,H2,.jpg,500,500,RGB,JPEG,train,1
data/raw/defungi/H2/H2_23c_14.jpg,H2,.jpg,500,500,RGB,JPEG,train,1
data/raw/defungi/H2/H2_23c_15.jpg,H2,.jpg,500,500,RGB,JPEG,train,1
data/raw/defungi/H2/H2_23c_16.jpg,H2,.jpg,500,500,RGB,JPEG,train,1
data/raw/defungi/H2/H2_23c_18.jpg,H2,.jpg,500,500,RGB,JPEG,train,1
data/raw/defungi/H2/H2_23c_19.jpg,H2,.jpg,500,500,RGB,JPEG,train,1
data/raw/defungi/H2/H2_23c_2.jpg,H2,.jpg,500,500,RGB,JPEG,train,1
data/raw/defungi/H2/H2_23c_20.jpg,H2,.jpg,500,500,RGB,JPEG,train,1
data/raw/defungi/H2/H2_23c_21.jpg,H2,.jpg,500,500,RGB,JPEG,train,1
data/raw/defungi/H2/H2_23c_23.jpg,H2,.jpg,500,500,RGB,JPEG,train,1
data/raw/defungi/H2/H2_23c_24.jpg,H2,.jpg,500,500,RGB,JPEG,train,1
data/raw/defungi/H2/H2_23c_3.jpg,H2,.jpg,500,500,RGB,JPEG,train,1
data/raw/defungi/H2/H2_23c_4.jpg,H2,.jpg,500,500,RGB,JPEG,train,1
data/raw/defungi/H2/H2_23c_5.jpg,H2,.jpg,500,500,RGB,JPEG,train,1
data/raw/defungi/H2/H2_23c_6.jpg,H2,.jpg,500,500,RGB,JPEG,train,1
data/raw/defungi/H2/H2_23c_7.jpg,H2,.jpg,500,500,RGB,JPEG,train,1
data/raw/defungi/H2/H2_23c_9.jpg,H2,.jpg,500,500,RGB,JPEG,train,1
data/raw/defungi/H2/H2_23d_10.jpg,H2,.jpg,500,500,RGB,JPEG,train,1
data/raw/defungi/H2/H2_23d_11.jpg,H2,.jpg,500,500,RGB,JPEG,train,1
data/raw/defungi/H2/H2_23d_12.jpg,H2,.jpg,500,500,RGB,JPEG,train,1
data/raw/defungi/H2/H2_23d_15.jpg,H2,.jpg,500,500,RGB,JPEG,train,1
data/raw/defungi/H2/H2_23d_17.jpg,H2,.jpg,500,500,RGB,JPEG,train,1
data/raw/defungi/H2/H2_23d_19.jpg,H2,.jpg,500,500,RGB,JPEG,train,1
data/raw/defungi/H2/H2_23d_2.jpg,H2,.jpg,500,500,RGB,JPEG,train,1
data/raw/defungi/H2/H2_23d_23.jpg,H2,.jpg,500,500,RGB,JPEG,train,1
data/raw/defungi/H2/H2_23d_24.jpg,H2,.jpg,500,500,RGB,JPEG,train,1
data/raw/defungi/H2/H2_23d_28.jpg,H2,.jpg,500,500,RGB,JPEG,train,1
data/raw/defungi/H2/H2_23d_29.jpg,H2,.jpg,500,500,RGB,JPEG,train,1
data/raw/defungi/H2/H2_23d_3.jpg,H2,.jpg,500,500,RGB,JPEG,train,1
data/raw/defungi/H2/H2_23d_30.jpg,H2,.jpg,500,500,RGB,JPEG,train,1
data/raw/defungi/H2/H2_23d_6.jpg,H2,.jpg,500,500,RGB,JPEG,train,1
data/raw/defungi/H2/H2_23d_8.jpg,H2,.jpg,500,500,RGB,JPEG,train,1
data/raw/defungi/H2/H2_23d_9.jpg,H2,.jpg,500,500,RGB,JPEG,train,1
data/raw/defungi/H2/H2_24a_1.jpg,H2,.jpg,500,500,RGB,JPEG,train,1
data/raw/defungi/H2/H2_24a_10.jpg,H2,.jpg,500,500,RGB,JPEG,train,1
data/raw/defungi/H2/H2_24a_11.jpg,H2,.jpg,500,500,RGB,JPEG,train,1
data/raw/defungi/H2/H2_24a_12.jpg,H2,.jpg,500,500,RGB,JPEG,train,1
data/raw/defungi/H2/H2_24a_14.jpg,H2,.jpg,500,500,RGB,JPEG,train,1
data/raw/defungi/H2/H2_24a_15.jpg,H2,.jpg,500,500,RGB,JPEG,train,1
data/raw/defungi/H2/H2_24a_16.jpg,H2,.jpg,500,500,RGB,JPEG,train,1
data/raw/defungi/H2/H2_24a_18.jpg,H2,.jpg,500,500,RGB,JPEG,train,1
data/raw/defungi/H2/H2_24a_19.jpg,H2,.jpg,500,500,RGB,JPEG,train,1
data/raw/defungi/H2/H2_24a_2.jpg,H2,.jpg,500,500,RGB,JPEG,train,1
data/raw/defungi/H2/H2_24a_20.jpg,H2,.jpg,500,500,RGB,JPEG,train,1
data/raw/defungi/H2/H2_24a_21.jpg,H2,.jpg,500,500,RGB,JPEG,train,1
data/raw/defungi/H2/H2_24a_23.jpg,H2,.jpg,500,500,RGB,JPEG,train,1
data/raw/defungi/H2/H2_24a_24.jpg,H2,.jpg,500,500,RGB,JPEG,train,1
data/raw/defungi/H2/H2_24a_25.jpg,H2,.jpg,500,500,RGB,JPEG,train,1
data/raw/defungi/H2/H2_24a_5.jpg,H2,.jpg,500,500,RGB,JPEG,train,1
data/raw/defungi/H2/H2_24a_7.jpg,H2,.jpg,500,500,RGB,JPEG,train,1
data/raw/defungi/H2/H2_24a_8.jpg,H2,.jpg,500,500,RGB,JPEG,train,1
data/raw/defungi/H2/H2_24a_9.jpg,H2,.jpg,500,500,RGB,JPEG,train,1
data/raw/defungi/H2/H2_24b_1.jpg,H2,.jpg,500,500,RGB,JPEG,train,1
data/raw/defungi/H2/H2_24b_10.jpg,H2,.jpg,500,500,RGB,JPEG,train,1
data/raw/defungi/H2/H2_24b_11.jpg,H2,.jpg,500,500,RGB,JPEG,train,1
data/raw/defungi/H2/H2_24b_12.jpg,H2,.jpg,500,500,RGB,JPEG,train,1
data/raw/defungi/H2/H2_24b_2.jpg,H2,.jpg,500,500,RGB,JPEG,train,1
data/raw/defungi/H2/H2_24b_3.jpg,H2,.jpg,500,500,RGB,JPEG,train,1
data/raw/defungi/H2/H2_24b_5.jpg,H2,.jpg,500,500,RGB,JPEG,train,1
data/raw/defungi/H2/H2_24b_6.jpg,H2,.jpg,500,500,RGB,JPEG,train,1
data/raw/defungi/H2/H2_24b_7.jpg,H2,.jpg,500,500,RGB,JPEG,train,1
data/raw/defungi/H2/H2_24b_8.jpg,H2,.jpg,500,500,RGB,JPEG,train,1
data/raw/defungi/H2/H2_24b_9.jpg,H2,.jpg,500,500,RGB,JPEG,train,1
data/raw/defungi/H2/H2_24c_1.jpg,H2,.jpg,500,500,RGB,JPEG,train,1
data/raw/defungi/H2/H2_24c_10.jpg,H2,.jpg,500,500,RGB,JPEG,train,1
data/raw/defungi/H2/H2_24c_11.jpg,H2,.jpg,500,500,RGB,JPEG,train,1
data/raw/defungi/H2/H2_24c_12.jpg,H2,.jpg,500,500,RGB,JPEG,train,1
data/raw/defungi/H2/H2_24c_2.jpg,H2,.jpg,500,500,RGB,JPEG,train,1
data/raw/defungi/H2/H2_24c_3.jpg,H2,.jpg,500,500,RGB,JPEG,train,1
data/raw/defungi/H2/H2_24c_4.jpg,H2,.jpg,500,500,RGB,JPEG,train,1
data/raw/defungi/H2/H2_24c_5.jpg,H2,.jpg,500,500,RGB,JPEG,train,1
data/raw/defungi/H2/H2_24c_6.jpg,H2,.jpg,500,500,RGB,JPEG,train,1
data/raw/defungi/H2/H2_24c_7.jpg,H2,.jpg,500,500,RGB,JPEG,train,1
data/raw/defungi/H2/H2_24c_8.jpg,H2,.jpg,500,500,RGB,JPEG,train,1
data/raw/defungi/H2/H2_24c_9.jpg,H2,.jpg,500,500,RGB,JPEG,train,1
data/raw/defungi/H2/H2_25a_1.jpg,H2,.jpg,500,500,RGB,JPEG,train,1
data/raw/defungi/H2/H2_25a_10.jpg,H2,.jpg,500,500,RGB,JPEG,train,1
data/raw/defungi/H2/H2_25a_11.jpg,H2,.jpg,500,500,RGB,JPEG,train,1
data/raw/defungi/H2/H2_25a_12.jpg,H2,.jpg,500,500,RGB,JPEG,train,1
data/raw/defungi/H2/H2_25a_15.jpg,H2,.jpg,500,500,RGB,JPEG,train,1
data/raw/defungi/H2/H2_25a_3.jpg,H2,.jpg,500,500,RGB,JPEG,train,1
data/raw/defungi/H2/H2_25a_6.jpg,H2,.jpg,500,500,RGB,JPEG,train,1
data/raw/defungi/H2/H2_25a_8.jpg,H2,.jpg,500,500,RGB,JPEG,train,1
data/raw/defungi/H2/H2_25a_9.jpg,H2,.jpg,500,500,RGB,JPEG,train,1
data/raw/defungi/H2/H2_25b_1.jpg,H2,.jpg,500,500,RGB,JPEG,train,1
data/raw/defungi/H2/H2_25b_10.jpg,H2,.jpg,500,500,RGB,JPEG,train,1
data/raw/defungi/H2/H2_25b_11.jpg,H2,.jpg,500,500,RGB,JPEG,train,1
data/raw/defungi/H2/H2_25b_12.jpg,H2,.jpg,500,500,RGB,JPEG,train,1
data/raw/defungi/H2/H2_25b_2.jpg,H2,.jpg,500,500,RGB,JPEG,train,1
data/raw/defungi/H2/H2_25b_3.jpg,H2,.jpg,500,500,RGB,JPEG,train,1
data/raw/defungi/H2/H2_25b_4.jpg,H2,.jpg,500,500,RGB,JPEG,train,1
data/raw/defungi/H2/H2_25b_7.jpg,H2,.jpg,500,500,RGB,JPEG,train,1
data/raw/defungi/H2/H2_25b_8.jpg,H2,.jpg,500,500,RGB,JPEG,train,1
data/raw/defungi/H2/H2_25b_9.jpg,H2,.jpg,500,500,RGB,JPEG,train,1
data/raw/defungi/H2/H2_26a_1.jpg,H2,.jpg,500,500,RGB,JPEG,train,1
data/raw/defungi/H2/H2_26a_2.jpg,H2,.jpg,500,500,RGB,JPEG,train,1
data/raw/defungi/H2/H2_26a_3.jpg,H2,.jpg,500,500,RGB,JPEG,train,1
data/raw/defungi/H2/H2_26a_4.jpg,H2,.jpg,500,500,RGB,JPEG,train,1
data/raw/defungi/H2/H2_26a_5.jpg,H2,.jpg,500,500,RGB,JPEG,train,1
data/raw/defungi/H2/H2_26a_6.jpg,H2,.jpg,500,500,RGB,JPEG,train,1
data/raw/defungi/H2/H2_26b_1.jpg,H2,.jpg,500,500,RGB,JPEG,train,1
data/raw/defungi/H2/H2_26b_2.jpg,H2,.jpg,500,500,RGB,JPEG,train,1
data/raw/defungi/H2/H2_26b_3.jpg,H2,.jpg,500,500,RGB,JPEG,train,1
data/raw/defungi/H2/H2_26b_5.jpg,H2,.jpg,500,500,RGB,JPEG,train,1
data/raw/defungi/H2/H2_26b_6.jpg,H2,.jpg,500,500,RGB,JPEG,train,1
data/raw/defungi/H2/H2_26b_7.jpg,H2,.jpg,500,500,RGB,JPEG,train,1
data/raw/defungi/H2/H2_26b_8.jpg,H2,.jpg,500,500,RGB,JPEG,train,1
data/raw/defungi/H2/H2_26b_9.jpg,H2,.jpg,500,500,RGB,JPEG,train,1
data/raw/defungi/H2/H2_26c_1.jpg,H2,.jpg,500,500,RGB,JPEG,train,1
data/raw/defungi/H2/H2_26c_2.jpg,H2,.jpg,500,500,RGB,JPEG,train,1
data/raw/defungi/H2/H2_26c_3.jpg,H2,.jpg,500,500,RGB,JPEG,train,1
data/raw/defungi/H2/H2_26c_7.jpg,H2,.jpg,500,500,RGB,JPEG,train,1
data/raw/defungi/H2/H2_26c_8.jpg,H2,.jpg,500,500,RGB,JPEG,train,1
data/raw/defungi/H2/H2_26c_9.jpg,H2,.jpg,500,500,RGB,JPEG,train,1
data/raw/defungi/H2/H2_27a_1.jpg,H2,.jpg,500,500,RGB,JPEG,train,1
data/raw/defungi/H2/H2_27a_2.jpg,H2,.jpg,500,500,RGB,JPEG,train,1
data/raw/defungi/H2/H2_27a_6.jpg,H2,.jpg,500,500,RGB,JPEG,train,1
data/raw/defungi/H2/H2_27a_7.jpg,H2,.jpg,500,500,RGB,JPEG,train,1
data/raw/defungi/H2/H2_27a_8.jpg,H2,.jpg,500,500,RGB,JPEG,train,1
data/raw/defungi/H2/H2_27a_9.jpg,H2,.jpg,500,500,RGB,JPEG,train,1
data/raw/defungi/H2/H2_27b_1.jpg,H2,.jpg,500,500,RGB,JPEG,train,1
data/raw/defungi/H2/H2_27b_11.jpg,H2,.jpg,500,500,RGB,JPEG,train,1
data/raw/defungi/H2/H2_27b_12.jpg,H2,.jpg,500,500,RGB,JPEG,train,1
data/raw/defungi/H2/H2_27b_2.jpg,H2,.jpg,500,500,RGB,JPEG,train,1
data/raw/defungi/H2/H2_27b_3.jpg,H2,.jpg,500,500,RGB,JPEG,train,1
data/raw/defungi/H2/H2_27b_4.jpg,H2,.jpg,500,500,RGB,JPEG,train,1
data/raw/defungi/H2/H2_27b_6.jpg,H2,.jpg,500,500,RGB,JPEG,train,1
data/raw/defungi/H2/H2_27b_7.jpg,H2,.jpg,500,500,RGB,JPEG,train,1
data/raw/defungi/H2/H2_27b_9.jpg,H2,.jpg,500,500,RGB,JPEG,train,1
data/raw/defungi/H2/H2_28a_1.jpg,H2,.jpg,500,500,RGB,JPEG,train,1
data/raw/defungi/H2/H2_28a_4.jpg,H2,.jpg,500,500,RGB,JPEG,train,1
data/raw/defungi/H2/H2_28a_9.jpg,H2,.jpg,500,500,RGB,JPEG,train,1
data/raw/defungi/H2/H2_28b_1.jpg,H2,.jpg,500,500,RGB,JPEG,train,1
data/raw/defungi/H2/H2_28b_10.jpg,H2,.jpg,500,500,RGB,JPEG,train,1
data/raw/defungi/H2/H2_28b_12.jpg,H2,.jpg,500,500,RGB,JPEG,train,1
data/raw/defungi/H2/H2_28b_14.jpg,H2,.jpg,500,500,RGB,JPEG,train,1
data/raw/defungi/H2/H2_28b_15.jpg,H2,.jpg,500,500,RGB,JPEG,train,1
data/raw/defungi/H2/H2_28b_19.jpg,H2,.jpg,500,500,RGB,JPEG,train,1
data/raw/defungi/H2/H2_28b_2.jpg,H2,.jpg,500,500,RGB,JPEG,train,1
data/raw/defungi/H2/H2_28b_21.jpg,H2,.jpg,500,500,RGB,JPEG,train,1
data/raw/defungi/H2/H2_28b_22.jpg,H2,.jpg,500,500,RGB,JPEG,train,1
data/raw/defungi/H2/H2_28b_23.jpg,H2,.jpg,500,500,RGB,JPEG,train,1
data/raw/defungi/H2/H2_28b_29.jpg,H2,.jpg,500,500,RGB,JPEG,train,1
data/raw/defungi/H2/H2_28b_3.jpg,H2,.jpg,500,500,RGB,JPEG,train,1
data/raw/defungi/H2/H2_28b_30.jpg,H2,.jpg,500,500,RGB,JPEG,train,1
data/raw/defungi/H2/H2_28b_4.jpg,H2,.jpg,500,500,RGB,JPEG,train,1
data/raw/defungi/H2/H2_28b_5.jpg,H2,.jpg,500,500,RGB,JPEG,train,1
data/raw/defungi/H2/H2_28b_7.jpg,H2,.jpg,500,500,RGB,JPEG,train,1
data/raw/defungi/H2/H2_28b_8.jpg,H2,.jpg,500,500,RGB,JPEG,train,1
data/raw/defungi/H2/H2_29a_1.jpg,H2,.jpg,500,500,RGB,JPEG,train,1
data/raw/defungi/H2/H2_29a_2.jpg,H2,.jpg,500,500,RGB,JPEG,train,1
data/raw/defungi/H2/H2_29a_4.jpg,H2,.jpg,500,500,RGB,JPEG,train,1
data/raw/defungi/H2/H2_29a_5.jpg,H2,.jpg,500,500,RGB,JPEG,train,1
data/raw/defungi/H2/H2_29a_6.jpg,H2,.jpg,500,500,RGB,JPEG,train,1
data/raw/defungi/H2/H2_29a_7.jpg,H2,.jpg,500,500,RGB,JPEG,train,1
data/raw/defungi/H2/H2_29a_9.jpg,H2,.jpg,500,500,RGB,JPEG,train,1
data/raw/defungi/H2/H2_29b_1.jpg,H2,.jpg,500,500,RGB,JPEG,train,1
data/raw/defungi/H2/H2_29b_10.jpg,H2,.jpg,500,500,RGB,JPEG,train,1
data/raw/defungi/H2/H2_29b_11.jpg,H2,.jpg,500,500,RGB,JPEG,train,1
data/raw/defungi/H2/H2_29b_12.jpg,H2,.jpg,500,500,RGB,JPEG,train,1
data/raw/defungi/H2/H2_29b_14.jpg,H2,.jpg,500,500,RGB,JPEG,train,1
data/raw/defungi/H2/H2_29b_15.jpg,H2,.jpg,500,500,RGB,JPEG,train,1
data/raw/defungi/H2/H2_29b_2.jpg,H2,.jpg,500,500,RGB,JPEG,train,1
data/raw/defungi/H2/H2_29b_4.jpg,H2,.jpg,500,500,RGB,JPEG,train,1
data/raw/defungi/H2/H2_29b_5.jpg,H2,.jpg,500,500,RGB,JPEG,train,1
data/raw/defungi/H2/H2_29b_6.jpg,H2,.jpg,500,500,RGB,JPEG,train,1
data/raw/defungi/H2/H2_29b_7.jpg,H2,.jpg,500,500,RGB,JPEG,train,1
data/raw/defungi/H2/H2_29b_8.jpg,H2,.jpg,500,500,RGB,JPEG,train,1
data/raw/defungi/H2/H2_29b_9.jpg,H2,.jpg,500,500,RGB,JPEG,train,1
data/raw/defungi/H2/H2_2a_1.jpg,H2,.jpg,500,500,RGB,JPEG,train,1
data/raw/defungi/H2/H2_2a_2.jpg,H2,.jpg,500,500,RGB,JPEG,train,1
data/raw/defungi/H2/H2_2a_4.jpg,H2,.jpg,500,500,RGB,JPEG,train,1
data/raw/defungi/H2/H2_2b_1.jpg,H2,.jpg,500,500,RGB,JPEG,train,1
data/raw/defungi/H2/H2_2b_10.jpg,H2,.jpg,500,500,RGB,JPEG,train,1
data/raw/defungi/H2/H2_2b_11.jpg,H2,.jpg,500,500,RGB,JPEG,train,1
data/raw/defungi/H2/H2_2b_12.jpg,H2,.jpg,500,500,RGB,JPEG,train,1
data/raw/defungi/H2/H2_2b_13.jpg,H2,.jpg,500,500,RGB,JPEG,train,1
data/raw/defungi/H2/H2_2b_14.jpg,H2,.jpg,500,500,RGB,JPEG,train,1
data/raw/defungi/H2/H2_2b_15.jpg,H2,.jpg,500,500,RGB,JPEG,train,1
data/raw/defungi/H2/H2_2b_16.jpg,H2,.jpg,500,500,RGB,JPEG,train,1
data/raw/defungi/H2/H2_2b_3.jpg,H2,.jpg,500,500,RGB,JPEG,train,1
data/raw/defungi/H2/H2_2b_4.jpg,H2,.jpg,500,500,RGB,JPEG,train,1
data/raw/defungi/H2/H2_2b_6.jpg,H2,.jpg,500,500,RGB,JPEG,train,1
data/raw/defungi/H2/H2_2b_8.jpg,H2,.jpg,500,500,RGB,JPEG,train,1
data/raw/defungi/H2/H2_2b_9.jpg,H2,.jpg,500,500,RGB,JPEG,train,1
data/raw/defungi/H2/H2_30a_7.jpg,H2,.jpg,500,500,RGB,JPEG,train,1
data/raw/defungi/H2/H2_30a_8.jpg,H2,.jpg,500,500,RGB,JPEG,train,1
data/raw/defungi/H2/H2_30b_1.jpg,H2,.jpg,500,500,RGB,JPEG,train,1
data/raw/defungi/H2/H2_30b_10.jpg,H2,.jpg,500,500,RGB,JPEG,train,1
data/raw/defungi/H2/H2_30b_12.jpg,H2,.jpg,500,500,RGB,JPEG,train,1
data/raw/defungi/H2/H2_30b_13.jpg,H2,.jpg,500,500,RGB,JPEG,train,1
data/raw/defungi/H2/H2_30b_14.jpg,H2,.jpg,500,500,RGB,JPEG,train,1
data/raw/defungi/H2/H2_30b_2.jpg,H2,.jpg,500,500,RGB,JPEG,train,1
data/raw/defungi/H2/H2_30b_4.jpg,H2,.jpg,500,500,RGB,JPEG,train,1
data/raw/defungi/H2/H2_30b_5.jpg,H2,.jpg,500,500,RGB,JPEG,train,1
data/raw/defungi/H2/H2_30b_8.jpg,H2,.jpg,500,500,RGB,JPEG,train,1
data/raw/defungi/H2/H2_30b_9.jpg,H2,.jpg,500,500,RGB,JPEG,train,1
data/raw/defungi/H2/H2_30c_2.jpg,H2,.jpg,500,500,RGB,JPEG,train,1
data/raw/defungi/H2/H2_30c_3.jpg,H2,.jpg,500,500,RGB,JPEG,train,1
data/raw/defungi/H2/H2_30c_4.jpg,H2,.jpg,500,500,RGB,JPEG,train,1
data/raw/defungi/H2/H2_30c_5.jpg,H2,.jpg,500,500,RGB,JPEG,train,1
data/raw/defungi/H2/H2_30c_6.jpg,H2,.jpg,500,500,RGB,JPEG,train,1
data/raw/defungi/H2/H2_30c_7.jpg,H2,.jpg,500,500,RGB,JPEG,train,1
data/raw/defungi/H2/H2_30c_8.jpg,H2,.jpg,500,500,RGB,JPEG,train,1
data/raw/defungi/H2/H2_30c_9.jpg,H2,.jpg,500,500,RGB,JPEG,train,1
data/raw/defungi/H2/H2_30d_1.jpg,H2,.jpg,500,500,RGB,JPEG,train,1
data/raw/defungi/H2/H2_30d_2.jpg,H2,.jpg,500,500,RGB,JPEG,train,1
data/raw/defungi/H2/H2_30d_3.jpg,H2,.jpg,500,500,RGB,JPEG,train,1
data/raw/defungi/H2/H2_30d_4.jpg,H2,.jpg,500,500,RGB,JPEG,train,1
data/raw/defungi/H2/H2_30d_5.jpg,H2,.jpg,500,500,RGB,JPEG,train,1
data/raw/defungi/H2/H2_30d_6.jpg,H2,.jpg,500,500,RGB,JPEG,train,1
data/raw/defungi/H2/H2_30d_7.jpg,H2,.jpg,500,500,RGB,JPEG,train,1
data/raw/defungi/H2/H2_30d_9.jpg,H2,.jpg,500,500,RGB,JPEG,train,1
data/raw/defungi/H2/H2_31a_1.jpg,H2,.jpg,500,500,RGB,JPEG,train,1
data/raw/defungi/H2/H2_31b_1.jpg,H2,.jpg,500,500,RGB,JPEG,train,1
data/raw/defungi/H2/H2_31b_2.jpg,H2,.jpg,500,500,RGB,JPEG,train,1
data/raw/defungi/H2/H2_31b_4.jpg,H2,.jpg,500,500,RGB,JPEG,train,1
data/raw/defungi/H2/H2_31c_1.jpg,H2,.jpg,500,500,RGB,JPEG,train,1
data/raw/defungi/H2/H2_31c_3.jpg,H2,.jpg,500,500,RGB,JPEG,train,1
data/raw/defungi/H2/H2_31c_4.jpg,H2,.jpg,500,500,RGB,JPEG,train,1
data/raw/defungi/H2/H2_32a_1.jpg,H2,.jpg,500,500,RGB,JPEG,train,1
data/raw/defungi/H2/H2_32a_10.jpg,H2,.jpg,500,500,RGB,JPEG,train,1
data/raw/defungi/H2/H2_32a_11.jpg,H2,.jpg,500,500,RGB,JPEG,train,1
data/raw/defungi/H2/H2_32a_12.jpg,H2,.jpg,500,500,RGB,JPEG,train,1
data/raw/defungi/H2/H2_32a_13.jpg,H2,.jpg,500,500,RGB,JPEG,train,1
data/raw/defungi/H2/H2_32a_15.jpg,H2,.jpg,500,500,RGB,JPEG,train,1
data/raw/defungi/H2/H2_32a_16.jpg,H2,.jpg,500,500,RGB,JPEG,train,1
data/raw/defungi/H2/H2_32a_4.jpg,H2,.jpg,500,500,RGB,JPEG,train,1
data/raw/defungi/H2/H2_32a_6.jpg,H2,.jpg,500,500,RGB,JPEG,train,1
data/raw/defungi/H2/H2_32a_7.jpg,H2,.jpg,500,500,RGB,JPEG,train,1
data/raw/defungi/H2/H2_32a_8.jpg,H2,.jpg,500,500,RGB,JPEG,train,1
data/raw/defungi/H2/H2_32a_9.jpg,H2,.jpg,500,500,RGB,JPEG,train,1
data/raw/defungi/H2/H2_32b_1.jpg,H2,.jpg,500,500,RGB,JPEG,train,1
data/raw/defungi/H2/H2_32b_2.jpg,H2,.jpg,500,500,RGB,JPEG,train,1
data/raw/defungi/H2/H2_32b_5.jpg,H2,.jpg,500,500,RGB,JPEG,train,1
data/raw/defungi/H2/H2_32b_6.jpg,H2,.jpg,500,500,RGB,JPEG,train,1
data/raw/defungi/H2/H2_32b_7.jpg,H2,.jpg,500,500,RGB,JPEG,train,1
data/raw/defungi/H2/H2_32b_8.jpg,H2,.jpg,500,500,RGB,JPEG,train,1
data/raw/defungi/H2/H2_32b_9.jpg,H2,.jpg,500,500,RGB,JPEG,train,1
data/raw/defungi/H2/H2_32c_1.jpg,H2,.jpg,500,500,RGB,JPEG,train,1
data/raw/defungi/H2/H2_32c_2.jpg,H2,.jpg,500,500,RGB,JPEG,train,1
data/raw/defungi/H2/H2_32c_3.jpg,H2,.jpg,500,500,RGB,JPEG,train,1
data/raw/defungi/H2/H2_32c_4.jpg,H2,.jpg,500,500,RGB,JPEG,train,1
data/raw/defungi/H2/H2_32c_5.jpg,H2,.jpg,500,500,RGB,JPEG,train,1
data/raw/defungi/H2/H2_32c_6.jpg,H2,.jpg,500,500,RGB,JPEG,train,1
data/raw/defungi/H2/H2_32c_7.jpg,H2,.jpg,500,500,RGB,JPEG,train,1
data/raw/defungi/H2/H2_33a_1.jpg,H2,.jpg,500,500,RGB,JPEG,train,1
data/raw/defungi/H2/H2_33a_10.jpg,H2,.jpg,500,500,RGB,JPEG,train,1
data/raw/defungi/H2/H2_33a_11.jpg,H2,.jpg,500,500,RGB,JPEG,train,1
data/raw/defungi/H2/H2_33a_12.jpg,H2,.jpg,500,500,RGB,JPEG,train,1
data/raw/defungi/H2/H2_33a_14.jpg,H2,.jpg,500,500,RGB,JPEG,train,1
data/raw/defungi/H2/H2_33a_15.jpg,H2,.jpg,500,500,RGB,JPEG,train,1
data/raw/defungi/H2/H2_33a_16.jpg,H2,.jpg,500,500,RGB,JPEG,train,1
data/raw/defungi/H2/H2_33a_17.jpg,H2,.jpg,500,500,RGB,JPEG,train,1
data/raw/defungi/H2/H2_33a_18.jpg,H2,.jpg,500,500,RGB,JPEG,train,1
data/raw/defungi/H2/H2_33a_19.jpg,H2,.jpg,500,500,RGB,JPEG,train,1
data/raw/defungi/H2/H2_33a_20.jpg,H2,.jpg,500,500,RGB,JPEG,train,1
data/raw/defungi/H2/H2_33a_21.jpg,H2,.jpg,500,500,RGB,JPEG,train,1
data/raw/defungi/H2/H2_33a_22.jpg,H2,.jpg,500,500,RGB,JPEG,train,1
data/raw/defungi/H2/H2_33a_25.jpg,H2,.jpg,500,500,RGB,JPEG,train,1
data/raw/defungi/H2/H2_33a_3.jpg,H2,.jpg,500,500,RGB,JPEG,train,1
data/raw/defungi/H2/H2_33a_5.jpg,H2,.jpg,500,500,RGB,JPEG,train,1
data/raw/defungi/H2/H2_33a_7.jpg,H2,.jpg,500,500,RGB,JPEG,train,1
data/raw/defungi/H2/H2_33a_8.jpg,H2,.jpg,500,500,RGB,JPEG,train,1
data/raw/defungi/H2/H2_33b_12.jpg,H2,.jpg,500,500,RGB,JPEG,train,1
data/raw/defungi/H2/H2_33b_13.jpg,H2,.jpg,500,500,RGB,JPEG,train,1
data/raw/defungi/H2/H2_33b_14.jpg,H2,.jpg,500,500,RGB,JPEG,train,1
data/raw/defungi/H2/H2_33b_15.jpg,H2,.jpg,500,500,RGB,JPEG,train,1
data/raw/defungi/H2/H2_33b_2.jpg,H2,.jpg,500,500,RGB,JPEG,train,1
data/raw/defungi/H2/H2_33b_3.jpg,H2,.jpg,500,500,RGB,JPEG,train,1
data/raw/defungi/H2/H2_33b_4.jpg,H2,.jpg,500,500,RGB,JPEG,train,1
data/raw/defungi/H2/H2_33b_5.jpg,H2,.jpg,500,500,RGB,JPEG,train,1
data/raw/defungi/H2/H2_33b_6.jpg,H2,.jpg,500,500,RGB,JPEG,train,1
data/raw/defungi/H2/H2_33b_7.jpg,H2,.jpg,500,500,RGB,JPEG,train,1
data/raw/defungi/H2/H2_33b_9.jpg,H2,.jpg,500,500,RGB,JPEG,train,1
data/raw/defungi/H2/H2_34a_1.jpg,H2,.jpg,500,500,RGB,JPEG,train,1
data/raw/defungi/H2/H2_34a_2.jpg,H2,.jpg,500,500,RGB,JPEG,train,1
data/raw/defungi/H2/H2_34a_4.jpg,H2,.jpg,500,500,RGB,JPEG,train,1
data/raw/defungi/H2/H2_34a_5.jpg,H2,.jpg,500,500,RGB,JPEG,train,1
data/raw/defungi/H2/H2_34a_6.jpg,H2,.jpg,500,500,RGB,JPEG,train,1
data/raw/defungi/H2/H2_34a_7.jpg,H2,.jpg,500,500,RGB,JPEG,train,1
data/raw/defungi/H2/H2_34a_8.jpg,H2,.jpg,500,500,RGB,JPEG,train,1
data/raw/defungi/H2/H2_34a_9.jpg,H2,.jpg,500,500,RGB,JPEG,train,1
data/raw/defungi/H2/H2_34b_2.jpg,H2,.jpg,500,500,RGB,JPEG,train,1
data/raw/defungi/H2/H2_34b_4.jpg,H2,.jpg,500,500,RGB,JPEG,train,1
data/raw/defungi/H2/H2_35a_1.jpg,H2,.jpg,500,500,RGB,JPEG,train,1
data/raw/defungi/H2/H2_35a_2.jpg,H2,.jpg,500,500,RGB,JPEG,train,1
data/raw/defungi/H2/H2_35a_5.jpg,H2,.jpg,500,500,RGB,JPEG,train,1
data/raw/defungi/H2/H2_35a_6.jpg,H2,.jpg,500,500,RGB,JPEG,train,1
data/raw/defungi/H2/H2_35a_7.jpg,H2,.jpg,500,500,RGB,JPEG,train,1
data/raw/defungi/H2/H2_35a_8.jpg,H2,.jpg,500,500,RGB,JPEG,train,1
data/raw/defungi/H2/H2_35a_9.jpg,H2,.jpg,500,500,RGB,JPEG,train,1
data/raw/defungi/H2/H2_35b_1.jpg,H2,.jpg,500,500,RGB,JPEG,train,1
data/raw/defungi/H2/H2_35b_2.jpg,H2,.jpg,500,500,RGB,JPEG,train,1
data/raw/defungi/H2/H2_35b_4.jpg,H2,.jpg,500,500,RGB,JPEG,train,1
data/raw/defungi/H2/H2_35b_5.jpg,H2,.jpg,500,500,RGB,JPEG,train,1
data/raw/defungi/H2/H2_35b_6.jpg,H2,.jpg,500,500,RGB,JPEG,train,1
data/raw/defungi/H2/H2_35b_7.jpg,H2,.jpg,500,500,RGB,JPEG,train,1
data/raw/defungi/H2/H2_36a_1.jpg,H2,.jpg,500,500,RGB,JPEG,train,1
data/raw/defungi/H2/H2_36a_2.jpg,H2,.jpg,500,500,RGB,JPEG,train,1
data/raw/defungi/H2/H2_36a_3.jpg,H2,.jpg,500,500,RGB,JPEG,train,1
data/raw/defungi/H2/H2_36a_4.jpg,H2,.jpg,500,500,RGB,JPEG,train,1
data/raw/defungi/H2/H2_36a_5.jpg,H2,.jpg,500,500,RGB,JPEG,train,1
data/raw/defungi/H2/H2_36a_7.jpg,H2,.jpg,500,500,RGB,JPEG,train,1
data/raw/defungi/H2/H2_36a_9.jpg,H2,.jpg,500,500,RGB,JPEG,train,1
data/raw/defungi/H2/H2_36b_2.jpg,H2,.jpg,500,500,RGB,JPEG,train,1
data/raw/defungi/H2/H2_36b_3.jpg,H2,.jpg,500,500,RGB,JPEG,train,1
data/raw/defungi/H2/H2_36b_4.jpg,H2,.jpg,500,500,RGB,JPEG,train,1
data/raw/defungi/H2/H2_37a_1.jpg,H2,.jpg,500,500,RGB,JPEG,train,1
data/raw/defungi/H2/H2_37a_2.jpg,H2,.jpg,500,500,RGB,JPEG,train,1
data/raw/defungi/H2/H2_37a_4.jpg,H2,.jpg,500,500,RGB,JPEG,train,1
data/raw/defungi/H2/H2_37a_5.jpg,H2,.jpg,500,500,RGB,JPEG,train,1
data/raw/defungi/H2/H2_37a_6.jpg,H2,.jpg,500,500,RGB,JPEG,train,1
data/raw/defungi/H2/H2_37a_7.jpg,H2,.jpg,500,500,RGB,JPEG,train,1
data/raw/defungi/H2/H2_37b_1.jpg,H2,.jpg,500,500,RGB,JPEG,train,1
data/raw/defungi/H2/H2_37b_3.jpg,H2,.jpg,500,500,RGB,JPEG,train,1
data/raw/defungi/H2/H2_37b_4.jpg,H2,.jpg,500,500,RGB,JPEG,train,1
data/raw/defungi/H2/H2_37b_6.jpg,H2,.jpg,500,500,RGB,JPEG,train,1
data/raw/defungi/H2/H2_37b_8.jpg,H2,.jpg,500,500,RGB,JPEG,train,1
data/raw/defungi/H2/H2_37b_9.jpg,H2,.jpg,500,500,RGB,JPEG,train,1
data/raw/defungi/H2/H2_37c_1.jpg,H2,.jpg,500,500,RGB,JPEG,train,1
data/raw/defungi/H2/H2_37c_10.jpg,H2,.jpg,500,500,RGB,JPEG,train,1
data/raw/defungi/H2/H2_37c_3.jpg,H2,.jpg,500,500,RGB,JPEG,train,1
data/raw/defungi/H2/H2_37c_4.jpg,H2,.jpg,500,500,RGB,JPEG,train,1
data/raw/defungi/H2/H2_37c_5.jpg,H2,.jpg,500,500,RGB,JPEG,train,1
data/raw/defungi/H2/H2_37c_6.jpg,H2,.jpg,500,500,RGB,JPEG,train,1
data/raw/defungi/H2/H2_37c_8.jpg,H2,.jpg,500,500,RGB,JPEG,train,1
data/raw/defungi/H2/H2_38a_1.jpg,H2,.jpg,500,500,RGB,JPEG,train,1
data/raw/defungi/H2/H2_38a_2.jpg,H2,.jpg,500,500,RGB,JPEG,train,1
data/raw/defungi/H2/H2_38a_4.jpg,H2,.jpg,500,500,RGB,JPEG,train,1
data/raw/defungi/H2/H2_38a_7.jpg,H2,.jpg,500,500,RGB,JPEG,train,1
data/raw/defungi/H2/H2_38a_9.jpg,H2,.jpg,500,500,RGB,JPEG,train,1
data/raw/defungi/H2/H2_38b_1.jpg,H2,.jpg,500,500,RGB,JPEG,train,1
data/raw/defungi/H2/H2_38b_4.jpg,H2,.jpg,500,500,RGB,JPEG,train,1
data/raw/defungi/H2/H2_38b_5.jpg,H2,.jpg,500,500,RGB,JPEG,train,1
data/raw/defungi/H2/H2_38b_6.jpg,H2,.jpg,500,500,RGB,JPEG,train,1
data/raw/defungi/H2/H2_38b_8.jpg,H2,.jpg,500,500,RGB,JPEG,train,1
data/raw/defungi/H2/H2_39a_1.jpg,H2,.jpg,500,500,RGB,JPEG,train,1
data/raw/defungi/H2/H2_39a_3.jpg,H2,.jpg,500,500,RGB,JPEG,train,1
data/raw/defungi/H2/H2_39b_1.jpg,H2,.jpg,500,500,RGB,JPEG,train,1
data/raw/defungi/H2/H2_3a_1.jpg,H2,.jpg,500,500,RGB,JPEG,train,1
data/raw/defungi/H2/H2_3a_10.jpg,H2,.jpg,500,500,RGB,JPEG,train,1
data/raw/defungi/H2/H2_3a_11.jpg,H2,.jpg,500,500,RGB,JPEG,train,1
data/raw/defungi/H2/H2_3a_13.jpg,H2,.jpg,500,500,RGB,JPEG,train,1
data/raw/defungi/H2/H2_3a_16.jpg,H2,.jpg,500,500,RGB,JPEG,train,1
data/raw/defungi/H2/H2_3a_3.jpg,H2,.jpg,500,500,RGB,JPEG,train,1
data/raw/defungi/H2/H2_3a_5.jpg,H2,.jpg,500,500,RGB,JPEG,train,1
data/raw/defungi/H2/H2_3a_6.jpg,H2,.jpg,500,500,RGB,JPEG,train,1
data/raw/defungi/H2/H2_3a_7.jpg,H2,.jpg,500,500,RGB,JPEG,train,1
data/raw/defungi/H2/H2_3a_8.jpg,H2,.jpg,500,500,RGB,JPEG,train,1
data/raw/defungi/H2/H2_3b_1.jpg,H2,.jpg,500,500,RGB,JPEG,train,1
data/raw/defungi/H2/H2_3b_2.jpg,H2,.jpg,500,500,RGB,JPEG,train,1
data/raw/defungi/H2/H2_3b_3.jpg,H2,.jpg,500,500,RGB,JPEG,train,1
data/raw/defungi/H2/H2_3b_4.jpg,H2,.jpg,500,500,RGB,JPEG,train,1
data/raw/defungi/H2/H2_3b_5.jpg,H2,.jpg,500,500,RGB,JPEG,train,1
data/raw/defungi/H2/H2_3b_6.jpg,H2,.jpg,500,500,RGB,JPEG,train,1
data/raw/defungi/H2/H2_3b_7.jpg,H2,.jpg,500,500,RGB,JPEG,train,1
data/raw/defungi/H2/H2_3b_8.jpg,H2,.jpg,500,500,RGB,JPEG,train,1
data/raw/defungi/H2/H2_3b_9.jpg,H2,.jpg,500,500,RGB,JPEG,train,1
data/raw/defungi/H2/H2_3c_6.jpg,H2,.jpg,500,500,RGB,JPEG,train,1
data/raw/defungi/H2/H2_3c_7.jpg,H2,.jpg,500,500,RGB,JPEG,train,1
data/raw/defungi/H2/H2_3c_9.jpg,H2,.jpg,500,500,RGB,JPEG,train,1
data/raw/defungi/H2/H2_40a_2.jpg,H2,.jpg,500,500,RGB,JPEG,train,1
data/raw/defungi/H2/H2_40a_3.jpg,H2,.jpg,500,500,RGB,JPEG,train,1
data/raw/defungi/H2/H2_40a_4.jpg,H2,.jpg,500,500,RGB,JPEG,train,1
data/raw/defungi/H2/H2_40a_5.jpg,H2,.jpg,500,500,RGB,JPEG,train,1
data/raw/defungi/H2/H2_40a_7.jpg,H2,.jpg,500,500,RGB,JPEG,train,1
data/raw/defungi/H2/H2_40a_8.jpg,H2,.jpg,500,500,RGB,JPEG,train,1
data/raw/defungi/H2/H2_40a_9.jpg,H2,.jpg,500,500,RGB,JPEG,train,1
data/raw/defungi/H2/H2_40b_1.jpg,H2,.jpg,500,500,RGB,JPEG,train,1
data/raw/defungi/H2/H2_40b_4.jpg,H2,.jpg,500,500,RGB,JPEG,train,1
data/raw/defungi/H2/H2_40b_6.jpg,H2,.jpg,500,500,RGB,JPEG,train,1
data/raw/defungi/H2/H2_40b_7.jpg,H2,.jpg,500,500,RGB,JPEG,train,1
data/raw/defungi/H2/H2_40b_8.jpg,H2,.jpg,500,500,RGB,JPEG,train,1
data/raw/defungi/H2/H2_40b_9.jpg,H2,.jpg,500,500,RGB,JPEG,train,1
data/raw/defungi/H2/H2_40c_1.jpg,H2,.jpg,500,500,RGB,JPEG,train,1
data/raw/defungi/H2/H2_40c_2.jpg,H2,.jpg,500,500,RGB,JPEG,train,1
data/raw/defungi/H2/H2_40c_5.jpg,H2,.jpg,500,500,RGB,JPEG,train,1
data/raw/defungi/H2/H2_40c_6.jpg,H2,.jpg,500,500,RGB,JPEG,train,1
data/raw/defungi/H2/H2_41a_1.jpg,H2,.jpg,500,500,RGB,JPEG,train,1
data/raw/defungi/H2/H2_41a_2.jpg,H2,.jpg,500,500,RGB,JPEG,train,1
data/raw/defungi/H2/H2_41a_3.jpg,H2,.jpg,500,500,RGB,JPEG,train,1
data/raw/defungi/H2/H2_41a_4.jpg,H2,.jpg,500,500,RGB,JPEG,train,1
data/raw/defungi/H2/H2_41b_1.jpg,H2,.jpg,500,500,RGB,JPEG,train,1
data/raw/defungi/H2/H2_41b_2.jpg,H2,.jpg,500,500,RGB,JPEG,train,1
data/raw/defungi/H2/H2_41b_3.jpg,H2,.jpg,500,500,RGB,JPEG,train,1
data/raw/defungi/H2/H2_42a_1.jpg,H2,.jpg,500,500,RGB,JPEG,train,1
data/raw/defungi/H2/H2_42a_10.jpg,H2,.jpg,500,500,RGB,JPEG,train,1
data/raw/defungi/H2/H2_42a_11.jpg,H2,.jpg,500,500,RGB,JPEG,train,1
data/raw/defungi/H2/H2_42a_12.jpg,H2,.jpg,500,500,RGB,JPEG,train,1
data/raw/defungi/H2/H2_42a_14.jpg,H2,.jpg,500,500,RGB,JPEG,train,1
data/raw/defungi/H2/H2_42a_15.jpg,H2,.jpg,500,500,RGB,JPEG,train,1
data/raw/defungi/H2/H2_42a_16.jpg,H2,.jpg,500,500,RGB,JPEG,train,1
data/raw/defungi/H2/H2_42a_3.jpg,H2,.jpg,500,500,RGB,JPEG,train,1
data/raw/defungi/H2/H2_42a_4.jpg,H2,.jpg,500,500,RGB,JPEG,train,1
data/raw/defungi/H2/H2_42a_5.jpg,H2,.jpg,500,500,RGB,JPEG,train,1
data/raw/defungi/H2/H2_42a_8.jpg,H2,.jpg,500,500,RGB,JPEG,train,1
data/raw/defungi/H2/H2_42a_9.jpg,H2,.jpg,500,500,RGB,JPEG,train,1
data/raw/defungi/H2/H2_43a_1.jpg,H2,.jpg,500,500,RGB,JPEG,train,1
data/raw/defungi/H2/H2_43a_5.jpg,H2,.jpg,500,500,RGB,JPEG,train,1
data/raw/defungi/H2/H2_43a_6.jpg,H2,.jpg,500,500,RGB,JPEG,train,1
data/raw/defungi/H2/H2_43a_7.jpg,H2,.jpg,500,500,RGB,JPEG,train,1
data/raw/defungi/H2/H2_43a_8.jpg,H2,.jpg,500,500,RGB,JPEG,train,1
data/raw/defungi/H2/H2_44a_10.jpg,H2,.jpg,500,500,RGB,JPEG,train,1
data/raw/defungi/H2/H2_44a_11.jpg,H2,.jpg,500,500,RGB,JPEG,train,1
data/raw/defungi/H2/H2_44a_12.jpg,H2,.jpg,500,500,RGB,JPEG,train,1
data/raw/defungi/H2/H2_44a_14.jpg,H2,.jpg,500,500,RGB,JPEG,train,1
data/raw/defungi/H2/H2_44a_15.jpg,H2,.jpg,500,500,RGB,JPEG,train,1
data/raw/defungi/H2/H2_44a_16.jpg,H2,.jpg,500,500,RGB,JPEG,train,1
data/raw/defungi/H2/H2_44a_2.jpg,H2,.jpg,500,500,RGB,JPEG,train,1
data/raw/defungi/H2/H2_44a_3.jpg,H2,.jpg,500,500,RGB,JPEG,train,1
data/raw/defungi/H2/H2_44a_4.jpg,H2,.jpg,500,500,RGB,JPEG,train,1
data/raw/defungi/H2/H2_44a_5.jpg,H2,.jpg,500,500,RGB,JPEG,train,1
data/raw/defungi/H2/H2_44a_6.jpg,H2,.jpg,500,500,RGB,JPEG,train,1
data/raw/defungi/H2/H2_44a_7.jpg,H2,.jpg,500,500,RGB,JPEG,train,1
data/raw/defungi/H2/H2_44b_1.jpg,H2,.jpg,500,500,RGB,JPEG,train,1
data/raw/defungi/H2/H2_44b_10.jpg,H2,.jpg,500,500,RGB,JPEG,train,1
data/raw/defungi/H2/H2_44b_12.jpg,H2,.jpg,500,500,RGB,JPEG,train,1
data/raw/defungi/H2/H2_44b_13.jpg,H2,.jpg,500,500,RGB,JPEG,train,1
data/raw/defungi/H2/H2_44b_14.jpg,H2,.jpg,500,500,RGB,JPEG,train,1
data/raw/defungi/H2/H2_44b_15.jpg,H2,.jpg,500,500,RGB,JPEG,train,1
data/raw/defungi/H2/H2_44b_16.jpg,H2,.jpg,500,500,RGB,JPEG,train,1
data/raw/defungi/H2/H2_44b_3.jpg,H2,.jpg,500,500,RGB,JPEG,train,1
data/raw/defungi/H2/H2_44b_4.jpg,H2,.jpg,500,500,RGB,JPEG,train,1
data/raw/defungi/H2/H2_44b_5.jpg,H2,.jpg,500,500,RGB,JPEG,train,1
data/raw/defungi/H2/H2_45a_1.jpg,H2,.jpg,500,500,RGB,JPEG,train,1
data/raw/defungi/H2/H2_45a_10.jpg,H2,.jpg,500,500,RGB,JPEG,train,1
data/raw/defungi/H2/H2_45a_13.jpg,H2,.jpg,500,500,RGB,JPEG,train,1
data/raw/defungi/H2/H2_45a_14.jpg,H2,.jpg,500,500,RGB,JPEG,train,1
data/raw/defungi/H2/H2_45a_15.jpg,H2,.jpg,500,500,RGB,JPEG,train,1
data/raw/defungi/H2/H2_45a_16.jpg,H2,.jpg,500,500,RGB,JPEG,train,1
data/raw/defungi/H2/H2_45a_2.jpg,H2,.jpg,500,500,RGB,JPEG,train,1
data/raw/defungi/H2/H2_45a_3.jpg,H2,.jpg,500,500,RGB,JPEG,train,1
data/raw/defungi/H2/H2_45a_4.jpg,H2,.jpg,500,500,RGB,JPEG,train,1
data/raw/defungi/H2/H2_45a_5.jpg,H2,.jpg,500,500,RGB,JPEG,train,1
data/raw/defungi/H2/H2_45a_9.jpg,H2,.jpg,500,500,RGB,JPEG,train,1
data/raw/defungi/H2/H2_45b_2.jpg,H2,.jpg,500,500,RGB,JPEG,train,1
data/raw/defungi/H2/H2_45b_3.jpg,H2,.jpg,500,500,RGB,JPEG,train,1
data/raw/defungi/H2/H2_45b_4.jpg,H2,.jpg,500,500,RGB,JPEG,train,1
data/raw/defungi/H2/H2_45b_5.jpg,H2,.jpg,500,500,RGB,JPEG,train,1
data/raw/defungi/H2/H2_45c_1.jpg,H2,.jpg,500,500,RGB,JPEG,train,1
data/raw/defungi/H2/H2_45c_12.jpg,H2,.jpg,500,500,RGB,JPEG,train,1
data/raw/defungi/H2/H2_45c_2.jpg,H2,.jpg,500,500,RGB,JPEG,train,1
data/raw/defungi/H2/H2_45c_3.jpg,H2,.jpg,500,500,RGB,JPEG,train,1
data/raw/defungi/H2/H2_45c_4.jpg,H2,.jpg,500,500,RGB,JPEG,train,1
data/raw/defungi/H2/H2_45c_5.jpg,H2,.jpg,500,500,RGB,JPEG,train,1
data/raw/defungi/H2/H2_45c_7.jpg,H2,.jpg,500,500,RGB,JPEG,train,1
data/raw/defungi/H2/H2_45c_9.jpg,H2,.jpg,500,500,RGB,JPEG,train,1
data/raw/defungi/H2/H2_45d_2.jpg,H2,.jpg,500,500,RGB,JPEG,train,1
data/raw/defungi/H2/H2_45d_3.jpg,H2,.jpg,500,500,RGB,JPEG,train,1
data/raw/defungi/H2/H2_45d_5.jpg,H2,.jpg,500,500,RGB,JPEG,train,1
data/raw/defungi/H2/H2_45d_7.jpg,H2,.jpg,500,500,RGB,JPEG,train,1
data/raw/defungi/H2/H2_45e_1.jpg,H2,.jpg,500,500,RGB,JPEG,train,1
data/raw/defungi/H2/H2_45e_2.jpg,H2,.jpg,500,500,RGB,JPEG,train,1
data/raw/defungi/H2/H2_45e_3.jpg,H2,.jpg,500,500,RGB,JPEG,train,1
data/raw/defungi/H2/H2_45e_5.jpg,H2,.jpg,500,500,RGB,JPEG,train,1
data/raw/defungi/H2/H2_45e_6.jpg,H2,.jpg,500,500,RGB,JPEG,train,1
data/raw/defungi/H2/H2_45e_7.jpg,H2,.jpg,500,500,RGB,JPEG,train,1
data/raw/defungi/H2/H2_45e_8.jpg,H2,.jpg,500,500,RGB,JPEG,train,1
data/raw/defungi/H2/H2_45f_1.jpg,H2,.jpg,500,500,RGB,JPEG,train,1
data/raw/defungi/H2/H2_45f_2.jpg,H2,.jpg,500,500,RGB,JPEG,train,1
data/raw/defungi/H2/H2_45f_3.jpg,H2,.jpg,500,500,RGB,JPEG,train,1
data/raw/defungi/H2/H2_45f_4.jpg,H2,.jpg,500,500,RGB,JPEG,train,1
data/raw/defungi/H2/H2_45f_5.jpg,H2,.jpg,500,500,RGB,JPEG,train,1
data/raw/defungi/H2/H2_45f_6.jpg,H2,.jpg,500,500,RGB,JPEG,train,1
data/raw/defungi/H2/H2_45f_7.jpg,H2,.jpg,500,500,RGB,JPEG,train,1
data/raw/defungi/H2/H2_47a_10.jpg,H2,.jpg,500,500,RGB,JPEG,train,1
data/raw/defungi/H2/H2_47a_12.jpg,H2,.jpg,500,500,RGB,JPEG,train,1
data/raw/defungi/H2/H2_47a_13.jpg,H2,.jpg,500,500,RGB,JPEG,train,1
data/raw/defungi/H2/H2_47a_16.jpg,H2,.jpg,500,500,RGB,JPEG,train,1
data/raw/defungi/H2/H2_47a_17.jpg,H2,.jpg,500,500,RGB,JPEG,train,1
data/raw/defungi/H2/H2_47a_18.jpg,H2,.jpg,500,500,RGB,JPEG,train,1
data/raw/defungi/H2/H2_47a_19.jpg,H2,.jpg,500,500,RGB,JPEG,train,1
data/raw/defungi/H2/H2_47a_2.jpg,H2,.jpg,500,500,RGB,JPEG,train,1
data/raw/defungi/H2/H2_47a_20.jpg,H2,.jpg,500,500,RGB,JPEG,train,1
data/raw/defungi/H2/H2_47a_21.jpg,H2,.jpg,500,500,RGB,JPEG,train,1
data/raw/defungi/H2/H2_47a_25.jpg,H2,.jpg,500,500,RGB,JPEG,train,1
data/raw/defungi/H2/H2_47a_3.jpg,H2,.jpg,500,500,RGB,JPEG,train,1
data/raw/defungi/H2/H2_47a_5.jpg,H2,.jpg,500,500,RGB,JPEG,train,1
data/raw/defungi/H2/H2_47a_6.jpg,H2,.jpg,500,500,RGB,JPEG,train,1
data/raw/defungi/H2/H2_47a_7.jpg,H2,.jpg,500,500,RGB,JPEG,train,1
data/raw/defungi/H2/H2_47a_9.jpg,H2,.jpg,500,500,RGB,JPEG,train,1
data/raw/defungi/H2/H2_47b_1.jpg,H2,.jpg,500,500,RGB,JPEG,train,1
data/raw/defungi/H2/H2_47b_10.jpg,H2,.jpg,500,500,RGB,JPEG,train,1
data/raw/defungi/H2/H2_47b_11.jpg,H2,.jpg,500,500,RGB,JPEG,train,1
data/raw/defungi/H2/H2_47b_12.jpg,H2,.jpg,500,500,RGB,JPEG,train,1
data/raw/defungi/H2/H2_47b_13.jpg,H2,.jpg,500,500,RGB,JPEG,train,1
data/raw/defungi/H2/H2_47b_14.jpg,H2,.jpg,500,500,RGB,JPEG,train,1
data/raw/defungi/H2/H2_47b_17.jpg,H2,.jpg,500,500,RGB,JPEG,train,1
data/raw/defungi/H2/H2_47b_19.jpg,H2,.jpg,500,500,RGB,JPEG,train,1
data/raw/defungi/H2/H2_47b_3.jpg,H2,.jpg,500,500,RGB,JPEG,train,1
data/raw/defungi/H2/H2_47b_4.jpg,H2,.jpg,500,500,RGB,JPEG,train,1
data/raw/defungi/H2/H2_47b_5.jpg,H2,.jpg,500,500,RGB,JPEG,train,1
data/raw/defungi/H2/H2_47b_6.jpg,H2,.jpg,500,500,RGB,JPEG,train,1
data/raw/defungi/H2/H2_47b_7.jpg,H2,.jpg,500,500,RGB,JPEG,train,1
data/raw/defungi/H2/H2_47b_8.jpg,H2,.jpg,500,500,RGB,JPEG,train,1
data/raw/defungi/H2/H2_47b_9.jpg,H2,.jpg,500,500,RGB,JPEG,train,1
data/raw/defungi/H2/H2_48a_1.jpg,H2,.jpg,500,500,RGB,JPEG,train,1
data/raw/defungi/H2/H2_48a_10.jpg,H2,.jpg,500,500,RGB,JPEG,train,1
data/raw/defungi/H2/H2_48a_11.jpg,H2,.jpg,500,500,RGB,JPEG,train,1
data/raw/defungi/H2/H2_48a_12.jpg,H2,.jpg,500,500,RGB,JPEG,train,1
data/raw/defungi/H2/H2_48a_13.jpg,H2,.jpg,500,500,RGB,JPEG,train,1
data/raw/defungi/H2/H2_48a_14.jpg,H2,.jpg,500,500,RGB,JPEG,train,1
data/raw/defungi/H2/H2_48a_15.jpg,H2,.jpg,500,500,RGB,JPEG,train,1
data/raw/defungi/H2/H2_48a_16.jpg,H2,.jpg,500,500,RGB,JPEG,train,1
data/raw/defungi/H2/H2_48a_2.jpg,H2,.jpg,500,500,RGB,JPEG,train,1
data/raw/defungi/H2/H2_48a_3.jpg,H2,.jpg,500,500,RGB,JPEG,train,1
data/raw/defungi/H2/H2_48a_4.jpg,H2,.jpg,500,500,RGB,JPEG,train,1
data/raw/defungi/H2/H2_48a_5.jpg,H2,.jpg,500,500,RGB,JPEG,train,1
data/raw/defungi/H2/H2_48a_6.jpg,H2,.jpg,500,500,RGB,JPEG,train,1
data/raw/defungi/H2/H2_48a_8.jpg,H2,.jpg,500,500,RGB,JPEG,train,1
data/raw/defungi/H2/H2_48a_9.jpg,H2,.jpg,500,500,RGB,JPEG,train,1
data/raw/defungi/H2/H2_48b_1.jpg,H2,.jpg,500,500,RGB,JPEG,train,1
data/raw/defungi/H2/H2_48b_10.jpg,H2,.jpg,500,500,RGB,JPEG,train,1
data/raw/defungi/H2/H2_48b_11.jpg,H2,.jpg,500,500,RGB,JPEG,train,1
data/raw/defungi/H2/H2_48b_2.jpg,H2,.jpg,500,500,RGB,JPEG,train,1
data/raw/defungi/H2/H2_48b_3.jpg,H2,.jpg,500,500,RGB,JPEG,train,1
data/raw/defungi/H2/H2_48b_7.jpg,H2,.jpg,500,500,RGB,JPEG,train,1
data/raw/defungi/H2/H2_48b_8.jpg,H2,.jpg,500,500,RGB,JPEG,train,1
data/raw/defungi/H2/H2_48b_9.jpg,H2,.jpg,500,500,RGB,JPEG,train,1
data/raw/defungi/H2/H2_48c_1.jpg,H2,.jpg,500,500,RGB,JPEG,train,1
data/raw/defungi/H2/H2_48c_11.jpg,H2,.jpg,500,500,RGB,JPEG,train,1
data/raw/defungi/H2/H2_48c_12.jpg,H2,.jpg,500,500,RGB,JPEG,train,1
data/raw/defungi/H2/H2_48c_15.jpg,H2,.jpg,500,500,RGB,JPEG,train,1
data/raw/defungi/H2/H2_48c_16.jpg,H2,.jpg,500,500,RGB,JPEG,train,1
data/raw/defungi/H2/H2_48c_2.jpg,H2,.jpg,500,500,RGB,JPEG,train,1
data/raw/defungi/H2/H2_48c_3.jpg,H2,.jpg,500,500,RGB,JPEG,train,1
data/raw/defungi/H2/H2_48c_4.jpg,H2,.jpg,500,500,RGB,JPEG,train,1
data/raw/defungi/H2/H2_48c_5.jpg,H2,.jpg,500,500,RGB,JPEG,train,1
data/raw/defungi/H2/H2_48c_6.jpg,H2,.jpg,500,500,RGB,JPEG,train,1
data/raw/defungi/H2/H2_48c_8.jpg,H2,.jpg,500,500,RGB,JPEG,train,1
data/raw/defungi/H2/H2_48d_1.jpg,H2,.jpg,500,500,RGB,JPEG,train,1
data/raw/defungi/H2/H2_48d_10.jpg,H2,.jpg,500,500,RGB,JPEG,train,1
data/raw/defungi/H2/H2_48d_11.jpg,H2,.jpg,500,500,RGB,JPEG,train,1
data/raw/defungi/H2/H2_48d_12.jpg,H2,.jpg,500,500,RGB,JPEG,train,1
data/raw/defungi/H2/H2_48d_16.jpg,H2,.jpg,500,500,RGB,JPEG,train,1
data/raw/defungi/H2/H2_48d_17.jpg,H2,.jpg,500,500,RGB,JPEG,train,1
data/raw/defungi/H2/H2_48d_19.jpg,H2,.jpg,500,500,RGB,JPEG,train,1
data/raw/defungi/H2/H2_48d_20.jpg,H2,.jpg,500,500,RGB,JPEG,train,1
data/raw/defungi/H2/H2_48d_4.jpg,H2,.jpg,500,500,RGB,JPEG,train,1
data/raw/defungi/H2/H2_48d_7.jpg,H2,.jpg,500,500,RGB,JPEG,train,1
data/raw/defungi/H2/H2_48d_8.jpg,H2,.jpg,500,500,RGB,JPEG,train,1
data/raw/defungi/H2/H2_48d_9.jpg,H2,.jpg,500,500,RGB,JPEG,train,1
data/raw/defungi/H2/H2_48e_1.jpg,H2,.jpg,500,500,RGB,JPEG,train,1
data/raw/defungi/H2/H2_48e_3.jpg,H2,.jpg,500,500,RGB,JPEG,train,1
data/raw/defungi/H2/H2_48e_4.jpg,H2,.jpg,500,500,RGB,JPEG,train,1
data/raw/defungi/H2/H2_48e_5.jpg,H2,.jpg,500,500,RGB,JPEG,train,1
data/raw/defungi/H2/H2_48e_6.jpg,H2,.jpg,500,500,RGB,JPEG,train,1
data/raw/defungi/H2/H2_49a_1.jpg,H2,.jpg,500,500,RGB,JPEG,train,1
data/raw/defungi/H2/H2_49a_11.jpg,H2,.jpg,500,500,RGB,JPEG,train,1
data/raw/defungi/H2/H2_49a_12.jpg,H2,.jpg,500,500,RGB,JPEG,train,1
data/raw/defungi/H2/H2_49a_6.jpg,H2,.jpg,500,500,RGB,JPEG,train,1
data/raw/defungi/H2/H2_49a_8.jpg,H2,.jpg,500,500,RGB,JPEG,train,1
data/raw/defungi/H2/H2_49b_1.jpg,H2,.jpg,500,500,RGB,JPEG,train,1
data/raw/defungi/H2/H2_49b_2.jpg,H2,.jpg,500,500,RGB,JPEG,train,1
data/raw/defungi/H2/H2_49b_3.jpg,H2,.jpg,500,500,RGB,JPEG,train,1
data/raw/defungi/H2/H2_49b_4.jpg,H2,.jpg,500,500,RGB,JPEG,train,1
data/raw/defungi/H2/H2_49c_2.jpg,H2,.jpg,500,500,RGB,JPEG,train,1
data/raw/defungi/H2/H2_49c_3.jpg,H2,.jpg,500,500,RGB,JPEG,train,1
data/raw/defungi/H2/H2_4a_1.jpg,H2,.jpg,500,500,RGB,JPEG,train,1
data/raw/defungi/H2/H2_4a_10.jpg,H2,.jpg,500,500,RGB,JPEG,train,1
data/raw/defungi/H2/H2_4a_11.jpg,H2,.jpg,500,500,RGB,JPEG,train,1
data/raw/defungi/H2/H2_4a_12.jpg,H2,.jpg,500,500,RGB,JPEG,train,1
data/raw/defungi/H2/H2_4a_2.jpg,H2,.jpg,500,500,RGB,JPEG,train,1
data/raw/defungi/H2/H2_4a_3.jpg,H2,.jpg,500,500,RGB,JPEG,train,1
data/raw/defungi/H2/H2_4a_4.jpg,H2,.jpg,500,500,RGB,JPEG,train,1
data/raw/defungi/H2/H2_4a_7.jpg,H2,.jpg,500,500,RGB,JPEG,train,1
data/raw/defungi/H2/H2_4a_8.jpg,H2,.jpg,500,500,RGB,JPEG,train,1
data/raw/defungi/H2/H2_4a_9.jpg,H2,.jpg,500,500,RGB,JPEG,train,1
data/raw/defungi/H2/H2_4b_1.jpg,H2,.jpg,500,500,RGB,JPEG,train,1
data/raw/defungi/H2/H2_4b_2.jpg,H2,.jpg,500,500,RGB,JPEG,train,1
data/raw/defungi/H2/H2_4b_3.jpg,H2,.jpg,500,500,RGB,JPEG,train,1
data/raw/defungi/H2/H2_4b_4.jpg,H2,.jpg,500,500,RGB,JPEG,train,1
data/raw/defungi/H2/H2_50a_4.jpg,H2,.jpg,500,500,RGB,JPEG,train,1
data/raw/defungi/H2/H2_50a_7.jpg,H2,.jpg,500,500,RGB,JPEG,train,1
data/raw/defungi/H2/H2_50b_2.jpg,H2,.jpg,500,500,RGB,JPEG,train,1
data/raw/defungi/H2/H2_50b_3.jpg,H2,.jpg,500,500,RGB,JPEG,train,1
data/raw/defungi/H2/H2_51a_1.jpg,H2,.jpg,500,500,RGB,JPEG,train,1
data/raw/defungi/H2/H2_51a_2.jpg,H2,.jpg,500,500,RGB,JPEG,train,1
data/raw/defungi/H2/H2_51a_4.jpg,H2,.jpg,500,500,RGB,JPEG,train,1
data/raw/defungi/H2/H2_51b_1.jpg,H2,.jpg,500,500,RGB,JPEG,train,1
data/raw/defungi/H2/H2_51b_2.jpg,H2,.jpg,500,500,RGB,JPEG,train,1
data/raw/defungi/H2/H2_51b_3.jpg,H2,.jpg,500,500,RGB,JPEG,train,1
data/raw/defungi/H2/H2_51b_4.jpg,H2,.jpg,500,500,RGB,JPEG,train,1
data/raw/defungi/H2/H2_51c_3.jpg,H2,.jpg,500,500,RGB,JPEG,train,1
data/raw/defungi/H2/H2_51c_4.jpg,H2,.jpg,500,500,RGB,JPEG,train,1
data/raw/defungi/H2/H2_51c_5.jpg,H2,.jpg,500,500,RGB,JPEG,train,1
data/raw/defungi/H2/H2_51c_6.jpg,H2,.jpg,500,500,RGB,JPEG,train,1
data/raw/defungi/H2/H2_51c_7.jpg,H2,.jpg,500,500,RGB,JPEG,train,1
data/raw/defungi/H2/H2_51c_8.jpg,H2,.jpg,500,500,RGB,JPEG,train,1
data/raw/defungi/H2/H2_51c_9.jpg,H2,.jpg,500,500,RGB,JPEG,train,1
data/raw/defungi/H2/H2_52a_1.jpg,H2,.jpg,500,500,RGB,JPEG,train,1
data/raw/defungi/H2/H2_52a_2.jpg,H2,.jpg,500,500,RGB,JPEG,train,1
data/raw/defungi/H2/H2_52a_4.jpg,H2,.jpg,500,500,RGB,JPEG,train,1
data/raw/defungi/H2/H2_52b_1.jpg,H2,.jpg,500,500,RGB,JPEG,train,1
data/raw/defungi/H2/H2_52b_3.jpg,H2,.jpg,500,500,RGB,JPEG,train,1
data/raw/defungi/H2/H2_52b_4.jpg,H2,.jpg,500,500,RGB,JPEG,train,1
data/raw/defungi/H2/H2_52c_2.jpg,H2,.jpg,500,500,RGB,JPEG,train,1
data/raw/defungi/H2/H2_52c_4.jpg,H2,.jpg,500,500,RGB,JPEG,train,1
data/raw/defungi/H2/H2_53a_1.jpg,H2,.jpg,500,500,RGB,JPEG,train,1
data/raw/defungi/H2/H2_53a_10.jpg,H2,.jpg,500,500,RGB,JPEG,train,1
data/raw/defungi/H2/H2_53a_11.jpg,H2,.jpg,500,500,RGB,JPEG,train,1
data/raw/defungi/H2/H2_53a_2.jpg,H2,.jpg,500,500,RGB,JPEG,train,1
data/raw/defungi/H2/H2_53a_4.jpg,H2,.jpg,500,500,RGB,JPEG,train,1
data/raw/defungi/H2/H2_53a_5.jpg,H2,.jpg,500,500,RGB,JPEG,train,1
data/raw/defungi/H2/H2_53a_8.jpg,H2,.jpg,500,500,RGB,JPEG,train,1
data/raw/defungi/H2/H2_53a_9.jpg,H2,.jpg,500,500,RGB,JPEG,train,1
data/raw/defungi/H2/H2_53b_1.jpg,H2,.jpg,500,500,RGB,JPEG,train,1
data/raw/defungi/H2/H2_53b_10.jpg,H2,.jpg,500,500,RGB,JPEG,train,1
data/raw/defungi/H2/H2_53b_11.jpg,H2,.jpg,500,500,RGB,JPEG,train,1
data/raw/defungi/H2/H2_53b_13.jpg,H2,.jpg,500,500,RGB,JPEG,train,1
data/raw/defungi/H2/H2_53b_14.jpg,H2,.jpg,500,500,RGB,JPEG,train,1
data/raw/defungi/H2/H2_53b_15.jpg,H2,.jpg,500,500,RGB,JPEG,train,1
data/raw/defungi/H2/H2_53b_2.jpg,H2,.jpg,500,500,RGB,JPEG,train,1
data/raw/defungi/H2/H2_53b_5.jpg,H2,.jpg,500,500,RGB,JPEG,train,1
data/raw/defungi/H2/H2_53b_6.jpg,H2,.jpg,500,500,RGB,JPEG,train,1
data/raw/defungi/H2/H2_53b_7.jpg,H2,.jpg,500,500,RGB,JPEG,train,1
data/raw/defungi/H2/H2_53b_8.jpg,H2,.jpg,500,500,RGB,JPEG,train,1
data/raw/defungi/H2/H2_53b_9.jpg,H2,.jpg,500,500,RGB,JPEG,train,1
data/raw/defungi/H2/H2_53c_1.jpg,H2,.jpg,500,500,RGB,JPEG,train,1
data/raw/defungi/H2/H2_53c_10.jpg,H2,.jpg,500,500,RGB,JPEG,train,1
data/raw/defungi/H2/H2_53c_12.jpg,H2,.jpg,500,500,RGB,JPEG,train,1
data/raw/defungi/H2/H2_53c_14.jpg,H2,.jpg,500,500,RGB,JPEG,train,1
data/raw/defungi/H2/H2_53c_16.jpg,H2,.jpg,500,500,RGB,JPEG,train,1
data/raw/defungi/H2/H2_53c_2.jpg,H2,.jpg,500,500,RGB,JPEG,train,1
data/raw/defungi/H2/H2_53c_4.jpg,H2,.jpg,500,500,RGB,JPEG,train,1
data/raw/defungi/H2/H2_53c_6.jpg,H2,.jpg,500,500,RGB,JPEG,train,1
data/raw/defungi/H2/H2_53c_7.jpg,H2,.jpg,500,500,RGB,JPEG,train,1
data/raw/defungi/H2/H2_53c_8.jpg,H2,.jpg,500,500,RGB,JPEG,train,1
data/raw/defungi/H2/H2_53c_9.jpg,H2,.jpg,500,500,RGB,JPEG,train,1
data/raw/defungi/H2/H2_54a_2.jpg,H2,.jpg,500,500,RGB,JPEG,train,1
data/raw/defungi/H2/H2_54a_3.jpg,H2,.jpg,500,500,RGB,JPEG,train,1
data/raw/defungi/H2/H2_54a_4.jpg,H2,.jpg,500,500,RGB,JPEG,train,1
data/raw/defungi/H2/H2_54a_7.jpg,H2,.jpg,500,500,RGB,JPEG,train,1
data/raw/defungi/H2/H2_54a_8.jpg,H2,.jpg,500,500,RGB,JPEG,train,1
data/raw/defungi/H2/H2_55a_1.jpg,H2,.jpg,500,500,RGB,JPEG,train,1
data/raw/defungi/H2/H2_55a_2.jpg,H2,.jpg,500,500,RGB,JPEG,train,1
data/raw/defungi/H2/H2_55a_3.jpg,H2,.jpg,500,500,RGB,JPEG,train,1
data/raw/defungi/H2/H2_55a_4.jpg,H2,.jpg,500,500,RGB,JPEG,train,1
data/raw/defungi/H2/H2_56a_1.jpg,H2,.jpg,500,500,RGB,JPEG,train,1
data/raw/defungi/H2/H2_56a_11.jpg,H2,.jpg,500,500,RGB,JPEG,train,1
data/raw/defungi/H2/H2_56a_12.jpg,H2,.jpg,500,500,RGB,JPEG,train,1
data/raw/defungi/H2/H2_56a_14.jpg,H2,.jpg,500,500,RGB,JPEG,train,1
data/raw/defungi/H2/H2_56a_16.jpg,H2,.jpg,500,500,RGB,JPEG,train,1
data/raw/defungi/H2/H2_56a_3.jpg,H2,.jpg,500,500,RGB,JPEG,train,1
data/raw/defungi/H2/H2_56a_4.jpg,H2,.jpg,500,500,RGB,JPEG,train,1
data/raw/defungi/H2/H2_56a_5.jpg,H2,.jpg,500,500,RGB,JPEG,train,1
data/raw/defungi/H2/H2_56a_8.jpg,H2,.jpg,500,500,RGB,JPEG,train,1
data/raw/defungi/H2/H2_56a_9.jpg,H2,.jpg,500,500,RGB,JPEG,train,1
data/raw/defungi/H2/H2_56b_1.jpg,H2,.jpg,500,500,RGB,JPEG,train,1
data/raw/defungi/H2/H2_56b_11.jpg,H2,.jpg,500,500,RGB,JPEG,train,1
data/raw/defungi/H2/H2_56b_12.jpg,H2,.jpg,500,500,RGB,JPEG,train,1
data/raw/defungi/H2/H2_56b_13.jpg,H2,.jpg,500,500,RGB,JPEG,train,1
data/raw/defungi/H2/H2_56b_14.jpg,H2,.jpg,500,500,RGB,JPEG,train,1
data/raw/defungi/H2/H2_56b_15.jpg,H2,.jpg,500,500,RGB,JPEG,train,1
data/raw/defungi/H2/H2_56b_16.jpg,H2,.jpg,500,500,RGB,JPEG,train,1
data/raw/defungi/H2/H2_56b_17.jpg,H2,.jpg,500,500,RGB,JPEG,train,1
data/raw/defungi/H2/H2_56b_18.jpg,H2,.jpg,500,500,RGB,JPEG,train,1
data/raw/defungi/H2/H2_56b_19.jpg,H2,.jpg,500,500,RGB,JPEG,train,1
data/raw/defungi/H2/H2_56b_20.jpg,H2,.jpg,500,500,RGB,JPEG,train,1
data/raw/defungi/H2/H2_56b_3.jpg,H2,.jpg,500,500,RGB,JPEG,train,1
data/raw/defungi/H2/H2_56b_4.jpg,H2,.jpg,500,500,RGB,JPEG,train,1
data/raw/defungi/H2/H2_56b_5.jpg,H2,.jpg,500,500,RGB,JPEG,train,1
data/raw/defungi/H2/H2_56b_6.jpg,H2,.jpg,500,500,RGB,JPEG,train,1
data/raw/defungi/H2/H2_56b_7.jpg,H2,.jpg,500,500,RGB,JPEG,train,1
data/raw/defungi/H2/H2_56b_8.jpg,H2,.jpg,500,500,RGB,JPEG,train,1
data/raw/defungi/H2/H2_56b_9.jpg,H2,.jpg,500,500,RGB,JPEG,train,1
data/raw/defungi/H2/H2_57a_2.jpg,H2,.jpg,500,500,RGB,JPEG,train,1
data/raw/defungi/H2/H2_57a_4.jpg,H2,.jpg,500,500,RGB,JPEG,train,1
data/raw/defungi/H2/H2_58a_1.jpg,H2,.jpg,500,500,RGB,JPEG,train,1
data/raw/defungi/H2/H2_58a_10.jpg,H2,.jpg,500,500,RGB,JPEG,train,1
data/raw/defungi/H2/H2_58a_11.jpg,H2,.jpg,500,500,RGB,JPEG,train,1
data/raw/defungi/H2/H2_58a_14.jpg,H2,.jpg,500,500,RGB,JPEG,train,1
data/raw/defungi/H2/H2_58a_15.jpg,H2,.jpg,500,500,RGB,JPEG,train,1
data/raw/defungi/H2/H2_58a_16.jpg,H2,.jpg,500,500,RGB,JPEG,train,1
data/raw/defungi/H2/H2_58a_17.jpg,H2,.jpg,500,500,RGB,JPEG,train,1
data/raw/defungi/H2/H2_58a_19.jpg,H2,.jpg,500,500,RGB,JPEG,train,1
data/raw/defungi/H2/H2_58a_2.jpg,H2,.jpg,500,500,RGB,JPEG,train,1
data/raw/defungi/H2/H2_58a_20.jpg,H2,.jpg,500,500,RGB,JPEG,train,1
data/raw/defungi/H2/H2_58a_21.jpg,H2,.jpg,500,500,RGB,JPEG,train,1
data/raw/defungi/H2/H2_58a_22.jpg,H2,.jpg,500,500,RGB,JPEG,train,1
data/raw/defungi/H2/H2_58a_23.jpg,H2,.jpg,500,500,RGB,JPEG,train,1
data/raw/defungi/H2/H2_58a_24.jpg,H2,.jpg,500,500,RGB,JPEG,train,1
data/raw/defungi/H2/H2_58a_3.jpg,H2,.jpg,500,500,RGB,JPEG,train,1
data/raw/defungi/H2/H2_58a_5.jpg,H2,.jpg,500,500,RGB,JPEG,train,1
data/raw/defungi/H2/H2_58a_8.jpg,H2,.jpg,500,500,RGB,JPEG,train,1
data/raw/defungi/H2/H2_58a_9.jpg,H2,.jpg,500,500,RGB,JPEG,train,1
data/raw/defungi/H2/H2_59a_10.jpg,H2,.jpg,500,500,RGB,JPEG,train,1
data/raw/defungi/H2/H2_59a_11.jpg,H2,.jpg,500,500,RGB,JPEG,train,1
data/raw/defungi/H2/H2_59a_12.jpg,H2,.jpg,500,500,RGB,JPEG,train,1
data/raw/defungi/H2/H2_59a_2.jpg,H2,.jpg,500,500,RGB,JPEG,train,1
data/raw/defungi/H2/H2_59a_4.jpg,H2,.jpg,500,500,RGB,JPEG,train,1
data/raw/defungi/H2/H2_59a_5.jpg,H2,.jpg,500,500,RGB,JPEG,train,1
data/raw/defungi/H2/H2_59a_6.jpg,H2,.jpg,500,500,RGB,JPEG,train,1
data/raw/defungi/H2/H2_59a_7.jpg,H2,.jpg,500,500,RGB,JPEG,train,1
data/raw/defungi/H2/H2_59b_1.jpg,H2,.jpg,500,500,RGB,JPEG,train,1
data/raw/defungi/H2/H2_59b_2.jpg,H2,.jpg,500,500,RGB,JPEG,train,1
data/raw/defungi/H2/H2_59b_3.jpg,H2,.jpg,500,500,RGB,JPEG,train,1
data/raw/defungi/H2/H2_59b_4.jpg,H2,.jpg,500,500,RGB,JPEG,train,1
data/raw/defungi/H2/H2_59b_5.jpg,H2,.jpg,500,500,RGB,JPEG,train,1
data/raw/defungi/H2/H2_59b_6.jpg,H2,.jpg,500,500,RGB,JPEG,train,1
data/raw/defungi/H2/H2_59b_8.jpg,H2,.jpg,500,500,RGB,JPEG,train,1
data/raw/defungi/H2/H2_59b_9.jpg,H2,.jpg,500,500,RGB,JPEG,train,1
data/raw/defungi/H2/H2_59c_1.jpg,H2,.jpg,500,500,RGB,JPEG,train,1
data/raw/defungi/H2/H2_59c_12.jpg,H2,.jpg,500,500,RGB,JPEG,train,1
data/raw/defungi/H2/H2_59c_2.jpg,H2,.jpg,500,500,RGB,JPEG,train,1
data/raw/defungi/H2/H2_59c_3.jpg,H2,.jpg,500,500,RGB,JPEG,train,1
data/raw/defungi/H2/H2_59c_4.jpg,H2,.jpg,500,500,RGB,JPEG,train,1
data/raw/defungi/H2/H2_59c_5.jpg,H2,.jpg,500,500,RGB,JPEG,train,1
data/raw/defungi/H2/H2_59c_6.jpg,H2,.jpg,500,500,RGB,JPEG,train,1
data/raw/defungi/H2/H2_59c_7.jpg,H2,.jpg,500,500,RGB,JPEG,train,1
data/raw/defungi/H2/H2_59c_8.jpg,H2,.jpg,500,500,RGB,JPEG,train,1
data/raw/defungi/H2/H2_59c_9.jpg,H2,.jpg,500,500,RGB,JPEG,train,1
data/raw/defungi/H2/H2_5a_1.jpg,H2,.jpg,500,500,RGB,JPEG,train,1
data/raw/defungi/H2/H2_5a_10.jpg,H2,.jpg,500,500,RGB,JPEG,train,1
data/raw/defungi/H2/H2_5a_11.jpg,H2,.jpg,500,500,RGB,JPEG,train,1
data/raw/defungi/H2/H2_5a_12.jpg,H2,.jpg,500,500,RGB,JPEG,train,1
data/raw/defungi/H2/H2_5a_13.jpg,H2,.jpg,500,500,RGB,JPEG,train,1
data/raw/defungi/H2/H2_5a_14.jpg,H2,.jpg,500,500,RGB,JPEG,train,1
data/raw/defungi/H2/H2_5a_16.jpg,H2,.jpg,500,500,RGB,JPEG,train,1
data/raw/defungi/H2/H2_5a_2.jpg,H2,.jpg,500,500,RGB,JPEG,train,1
data/raw/defungi/H2/H2_5a_5.jpg,H2,.jpg,500,500,RGB,JPEG,train,1
data/raw/defungi/H2/H2_5a_8.jpg,H2,.jpg,500,500,RGB,JPEG,train,1
data/raw/defungi/H2/H2_5a_9.jpg,H2,.jpg,500,500,RGB,JPEG,train,1
data/raw/defungi/H2/H2_5b_1.jpg,H2,.jpg,500,500,RGB,JPEG,train,1
data/raw/defungi/H2/H2_5b_10.jpg,H2,.jpg,500,500,RGB,JPEG,train,1
data/raw/defungi/H2/H2_5b_11.jpg,H2,.jpg,500,500,RGB,JPEG,train,1
data/raw/defungi/H2/H2_5b_15.jpg,H2,.jpg,500,500,RGB,JPEG,train,1
data/raw/defungi/H2/H2_5b_16.jpg,H2,.jpg,500,500,RGB,JPEG,train,1
data/raw/defungi/H2/H2_5b_2.jpg,H2,.jpg,500,500,RGB,JPEG,train,1
data/raw/defungi/H2/H2_5b_3.jpg,H2,.jpg,500,500,RGB,JPEG,train,1
data/raw/defungi/H2/H2_5b_5.jpg,H2,.jpg,500,500,RGB,JPEG,train,1
data/raw/defungi/H2/H2_5b_6.jpg,H2,.jpg,500,500,RGB,JPEG,train,1
data/raw/defungi/H2/H2_5b_8.jpg,H2,.jpg,500,500,RGB,JPEG,train,1
data/raw/defungi/H2/H2_5b_9.jpg,H2,.jpg,500,500,RGB,JPEG,train,1
data/raw/defungi/H2/H2_5c_1.jpg,H2,.jpg,500,500,RGB,JPEG,train,1
data/raw/defungi/H2/H2_5c_10.jpg,H2,.jpg,500,500,RGB,JPEG,train,1
data/raw/defungi/H2/H2_5c_11.jpg,H2,.jpg,500,500,RGB,JPEG,train,1
data/raw/defungi/H2/H2_5c_12.jpg,H2,.jpg,500,500,RGB,JPEG,train,1
data/raw/defungi/H2/H2_5c_14.jpg,H2,.jpg,500,500,RGB,JPEG,train,1
data/raw/defungi/H2/H2_5c_16.jpg,H2,.jpg,500,500,RGB,JPEG,train,1
data/raw/defungi/H2/H2_5c_2.jpg,H2,.jpg,500,500,RGB,JPEG,train,1
data/raw/defungi/H2/H2_5c_3.jpg,H2,.jpg,500,500,RGB,JPEG,train,1
data/raw/defungi/H2/H2_5c_5.jpg,H2,.jpg,500,500,RGB,JPEG,train,1
data/raw/defungi/H2/H2_5c_6.jpg,H2,.jpg,500,500,RGB,JPEG,train,1
data/raw/defungi/H2/H2_5c_7.jpg,H2,.jpg,500,500,RGB,JPEG,train,1
data/raw/defungi/H2/H2_5c_9.jpg,H2,.jpg,500,500,RGB,JPEG,train,1
data/raw/defungi/H2/H2_60a_10.jpg,H2,.jpg,500,500,RGB,JPEG,train,1
data/raw/defungi/H2/H2_60a_12.jpg,H2,.jpg,500,500,RGB,JPEG,train,1
data/raw/defungi/H2/H2_60a_13.jpg,H2,.jpg,500,500,RGB,JPEG,train,1
data/raw/defungi/H2/H2_60a_14.jpg,H2,.jpg,500,500,RGB,JPEG,train,1
data/raw/defungi/H2/H2_60a_15.jpg,H2,.jpg,500,500,RGB,JPEG,train,1
data/raw/defungi/H2/H2_60a_18.jpg,H2,.jpg,500,500,RGB,JPEG,train,1
data/raw/defungi/H2/H2_60a_19.jpg,H2,.jpg,500,500,RGB,JPEG,train,1
data/raw/defungi/H2/H2_60a_2.jpg,H2,.jpg,500,500,RGB,JPEG,train,1
data/raw/defungi/H2/H2_60a_20.jpg,H2,.jpg,500,500,RGB,JPEG,train,1
data/raw/defungi/H2/H2_60a_21.jpg,H2,.jpg,500,500,RGB,JPEG,train,1
data/raw/defungi/H2/H2_60a_23.jpg,H2,.jpg,500,500,RGB,JPEG,train,1
data/raw/defungi/H2/H2_60a_25.jpg,H2,.jpg,500,500,RGB,JPEG,train,1
data/raw/defungi/H2/H2_60a_3.jpg,H2,.jpg,500,500,RGB,JPEG,train,1
data/raw/defungi/H2/H2_60a_4.jpg,H2,.jpg,500,500,RGB,JPEG,train,1
data/raw/defungi/H2/H2_60a_5.jpg,H2,.jpg,500,500,RGB,JPEG,train,1
data/raw/defungi/H2/H2_60a_6.jpg,H2,.jpg,500,500,RGB,JPEG,train,1
data/raw/defungi/H2/H2_60a_7.jpg,H2,.jpg,500,500,RGB,JPEG,train,1
data/raw/defungi/H2/H2_60a_8.jpg,H2,.jpg,500,500,RGB,JPEG,train,1
data/raw/defungi/H2/H2_60a_9.jpg,H2,.jpg,500,500,RGB,JPEG,train,1
data/raw/defungi/H2/H2_61a_1.jpg,H2,.jpg,500,500,RGB,JPEG,train,1
data/raw/defungi/H2/H2_61a_2.jpg,H2,.jpg,500,500,RGB,JPEG,train,1
data/raw/defungi/H2/H2_61a_3.jpg,H2,.jpg,500,500,RGB,JPEG,train,1
data/raw/defungi/H2/H2_61a_4.jpg,H2,.jpg,500,500,RGB,JPEG,train,1
data/raw/defungi/H2/H2_61c_2.jpg,H2,.jpg,500,500,RGB,JPEG,train,1
data/raw/defungi/H2/H2_61d_1.jpg,H2,.jpg,500,500,RGB,JPEG,train,1
data/raw/defungi/H2/H2_61d_2.jpg,H2,.jpg,500,500,RGB,JPEG,train,1
data/raw/defungi/H2/H2_61d_4.jpg,H2,.jpg,500,500,RGB,JPEG,train,1
data/raw/defungi/H2/H2_61d_5.jpg,H2,.jpg,500,500,RGB,JPEG,train,1
data/raw/defungi/H2/H2_61d_6.jpg,H2,.jpg,500,500,RGB,JPEG,train,1
data/raw/defungi/H2/H2_61e_2.jpg,H2,.jpg,500,500,RGB,JPEG,train,1
data/raw/defungi/H2/H2_61f_1.jpg,H2,.jpg,500,500,RGB,JPEG,train,1
data/raw/defungi/H2/H2_61f_2.jpg,H2,.jpg,500,500,RGB,JPEG,train,1
data/raw/defungi/H2/H2_61f_3.jpg,H2,.jpg,500,500,RGB,JPEG,train,1
data/raw/defungi/H2/H2_61f_4.jpg,H2,.jpg,500,500,RGB,JPEG,train,1
data/raw/defungi/H2/H2_61f_5.jpg,H2,.jpg,500,500,RGB,JPEG,train,1
data/raw/defungi/H2/H2_61f_7.jpg,H2,.jpg,500,500,RGB,JPEG,train,1
data/raw/defungi/H2/H2_61f_8.jpg,H2,.jpg,500,500,RGB,JPEG,train,1
data/raw/defungi/H2/H2_61f_9.jpg,H2,.jpg,500,500,RGB,JPEG,train,1
data/raw/defungi/H2/H2_61g_1.jpg,H2,.jpg,500,500,RGB,JPEG,train,1
data/raw/defungi/H2/H2_61g_3.jpg,H2,.jpg,500,500,RGB,JPEG,train,1
data/raw/defungi/H2/H2_61g_4.jpg,H2,.jpg,500,500,RGB,JPEG,train,1
data/raw/defungi/H2/H2_61g_5.jpg,H2,.jpg,500,500,RGB,JPEG,train,1
data/raw/defungi/H2/H2_61g_6.jpg,H2,.jpg,500,500,RGB,JPEG,train,1
data/raw/defungi/H2/H2_61h_11.jpg,H2,.jpg,500,500,RGB,JPEG,train,1
data/raw/defungi/H2/H2_61h_12.jpg,H2,.jpg,500,500,RGB,JPEG,train,1
data/raw/defungi/H2/H2_61h_2.jpg,H2,.jpg,500,500,RGB,JPEG,train,1
data/raw/defungi/H2/H2_61h_3.jpg,H2,.jpg,500,500,RGB,JPEG,train,1
data/raw/defungi/H2/H2_61h_5.jpg,H2,.jpg,500,500,RGB,JPEG,train,1
data/raw/defungi/H2/H2_61h_6.jpg,H2,.jpg,500,500,RGB,JPEG,train,1
data/raw/defungi/H2/H2_61h_7.jpg,H2,.jpg,500,500,RGB,JPEG,train,1
data/raw/defungi/H2/H2_61h_8.jpg,H2,.jpg,500,500,RGB,JPEG,train,1
data/raw/defungi/H2/H2_61h_9.jpg,H2,.jpg,500,500,RGB,JPEG,train,1
data/raw/defungi/H2/H2_62a_1.jpg,H2,.jpg,500,500,RGB,JPEG,train,1
data/raw/defungi/H2/H2_62a_3.jpg,H2,.jpg,500,500,RGB,JPEG,train,1
data/raw/defungi/H2/H2_62a_4.jpg,H2,.jpg,500,500,RGB,JPEG,train,1
data/raw/defungi/H2/H2_62a_5.jpg,H2,.jpg,500,500,RGB,JPEG,train,1
data/raw/defungi/H2/H2_62a_6.jpg,H2,.jpg,500,500,RGB,JPEG,train,1
data/raw/defungi/H2/H2_62a_7.jpg,H2,.jpg,500,500,RGB,JPEG,train,1
data/raw/defungi/H2/H2_62b_1.jpg,H2,.jpg,500,500,RGB,JPEG,train,1
data/raw/defungi/H2/H2_62b_3.jpg,H2,.jpg,500,500,RGB,JPEG,train,1
data/raw/defungi/H2/H2_62b_5.jpg,H2,.jpg,500,500,RGB,JPEG,train,1
data/raw/defungi/H2/H2_62b_6.jpg,H2,.jpg,500,500,RGB,JPEG,train,1
data/raw/defungi/H2/H2_62b_7.jpg,H2,.jpg,500,500,RGB,JPEG,train,1
data/raw/defungi/H2/H2_62b_8.jpg,H2,.jpg,500,500,RGB,JPEG,train,1
data/raw/defungi/H2/H2_62c_1.jpg,H2,.jpg,500,500,RGB,JPEG,train,1
data/raw/defungi/H2/H2_62c_3.jpg,H2,.jpg,500,500,RGB,JPEG,train,1
data/raw/defungi/H2/H2_62c_4.jpg,H2,.jpg,500,500,RGB,JPEG,train,1
data/raw/defungi/H2/H2_63a_1.jpg,H2,.jpg,500,500,RGB,JPEG,train,1
data/raw/defungi/H2/H2_63a_10.jpg,H2,.jpg,500,500,RGB,JPEG,train,1
data/raw/defungi/H2/H2_63a_11.jpg,H2,.jpg,500,500,RGB,JPEG,train,1
data/raw/defungi/H2/H2_63a_12.jpg,H2,.jpg,500,500,RGB,JPEG,train,1
data/raw/defungi/H2/H2_63a_13.jpg,H2,.jpg,500,500,RGB,JPEG,train,1
data/raw/defungi/H2/H2_63a_16.jpg,H2,.jpg,500,500,RGB,JPEG,train,1
data/raw/defungi/H2/H2_63a_2.jpg,H2,.jpg,500,500,RGB,JPEG,train,1
data/raw/defungi/H2/H2_63a_3.jpg,H2,.jpg,500,500,RGB,JPEG,train,1
data/raw/defungi/H2/H2_63a_5.jpg,H2,.jpg,500,500,RGB,JPEG,train,1
data/raw/defungi/H2/H2_63a_6.jpg,H2,.jpg,500,500,RGB,JPEG,train,1
data/raw/defungi/H2/H2_63a_7.jpg,H2,.jpg,500,500,RGB,JPEG,train,1
data/raw/defungi/H2/H2_63a_8.jpg,H2,.jpg,500,500,RGB,JPEG,train,1
data/raw/defungi/H2/H2_63a_9.jpg,H2,.jpg,500,500,RGB,JPEG,train,1
data/raw/defungi/H2/H2_63b_1.jpg,H2,.jpg,500,500,RGB,JPEG,train,1
data/raw/defungi/H2/H2_63b_10.jpg,H2,.jpg,500,500,RGB,JPEG,train,1
data/raw/defungi/H2/H2_63b_11.jpg,H2,.jpg,500,500,RGB,JPEG,train,1
data/raw/defungi/H2/H2_63b_12.jpg,H2,.jpg,500,500,RGB,JPEG,train,1
data/raw/defungi/H2/H2_63b_13.jpg,H2,.jpg,500,500,RGB,JPEG,train,1
data/raw/defungi/H2/H2_63b_15.jpg,H2,.jpg,500,500,RGB,JPEG,train,1
data/raw/defungi/H2/H2_63b_17.jpg,H2,.jpg,500,500,RGB,JPEG,train,1
data/raw/defungi/H2/H2_63b_19.jpg,H2,.jpg,500,500,RGB,JPEG,train,1
data/raw/defungi/H2/H2_63b_2.jpg,H2,.jpg,500,500,RGB,JPEG,train,1
data/raw/defungi/H2/H2_63b_20.jpg,H2,.jpg,500,500,RGB,JPEG,train,1
data/raw/defungi/H2/H2_63b_21.jpg,H2,.jpg,500,500,RGB,JPEG,train,1
data/raw/defungi/H2/H2_63b_23.jpg,H2,.jpg,500,500,RGB,JPEG,train,1
data/raw/defungi/H2/H2_63b_24.jpg,H2,.jpg,500,500,RGB,JPEG,train,1
data/raw/defungi/H2/H2_63b_25.jpg,H2,.jpg,500,500,RGB,JPEG,train,1
data/raw/defungi/H2/H2_63b_3.jpg,H2,.jpg,500,500,RGB,JPEG,train,1
data/raw/defungi/H2/H2_63b_4.jpg,H2,.jpg,500,500,RGB,JPEG,train,1
data/raw/defungi/H2/H2_63b_5.jpg,H2,.jpg,500,500,RGB,JPEG,train,1
data/raw/defungi/H2/H2_63b_7.jpg,H2,.jpg,500,500,RGB,JPEG,train,1
data/raw/defungi/H2/H2_63b_8.jpg,H2,.jpg,500,500,RGB,JPEG,train,1
data/raw/defungi/H2/H2_63b_9.jpg,H2,.jpg,500,500,RGB,JPEG,train,1
data/raw/defungi/H2/H2_64a_3.jpg,H2,.jpg,500,500,RGB,JPEG,train,1
data/raw/defungi/H2/H2_64a_4.jpg,H2,.jpg,500,500,RGB,JPEG,train,1
data/raw/defungi/H2/H2_64a_5.jpg,H2,.jpg,500,500,RGB,JPEG,train,1
data/raw/defungi/H2/H2_64a_6.jpg,H2,.jpg,500,500,RGB,JPEG,train,1
data/raw/defungi/H2/H2_64a_7.jpg,H2,.jpg,500,500,RGB,JPEG,train,1
data/raw/defungi/H2/H2_64a_8.jpg,H2,.jpg,500,500,RGB,JPEG,train,1
data/raw/defungi/H2/H2_64b_1.jpg,H2,.jpg,500,500,RGB,JPEG,train,1
data/raw/defungi/H2/H2_64b_3.jpg,H2,.jpg,500,500,RGB,JPEG,train,1
data/raw/defungi/H2/H2_64b_4.jpg,H2,.jpg,500,500,RGB,JPEG,train,1
data/raw/defungi/H2/H2_64b_7.jpg,H2,.jpg,500,500,RGB,JPEG,train,1
data/raw/defungi/H2/H2_64b_8.jpg,H2,.jpg,500,500,RGB,JPEG,train,1
data/raw/defungi/H2/H2_65a_1.jpg,H2,.jpg,500,500,RGB,JPEG,train,1
data/raw/defungi/H2/H2_65a_3.jpg,H2,.jpg,500,500,RGB,JPEG,train,1
data/raw/defungi/H2/H2_65a_4.jpg,H2,.jpg,500,500,RGB,JPEG,train,1
data/raw/defungi/H2/H2_65a_6.jpg,H2,.jpg,500,500,RGB,JPEG,train,1
data/raw/defungi/H2/H2_65a_7.jpg,H2,.jpg,500,500,RGB,JPEG,train,1
data/raw/defungi/H2/H2_65a_9.jpg,H2,.jpg,500,500,RGB,JPEG,train,1
data/raw/defungi/H2/H2_65b_1.jpg,H2,.jpg,500,500,RGB,JPEG,train,1
data/raw/defungi/H2/H2_65b_10.jpg,H2,.jpg,500,500,RGB,JPEG,train,1
data/raw/defungi/H2/H2_65b_11.jpg,H2,.jpg,500,500,RGB,JPEG,train,1
data/raw/defungi/H2/H2_65b_13.jpg,H2,.jpg,500,500,RGB,JPEG,train,1
data/raw/defungi/H2/H2_65b_16.jpg,H2,.jpg,500,500,RGB,JPEG,train,1
data/raw/defungi/H2/H2_65b_18.jpg,H2,.jpg,500,500,RGB,JPEG,train,1
data/raw/defungi/H2/H2_65b_19.jpg,H2,.jpg,500,500,RGB,JPEG,train,1
data/raw/defungi/H2/H2_65b_2.jpg,H2,.jpg,500,500,RGB,JPEG,train,1
data/raw/defungi/H2/H2_65b_20.jpg,H2,.jpg,500,500,RGB,JPEG,train,1
data/raw/defungi/H2/H2_65b_23.jpg,H2,.jpg,500,500,RGB,JPEG,train,1
data/raw/defungi/H2/H2_65b_24.jpg,H2,.jpg,500,500,RGB,JPEG,train,1
data/raw/defungi/H2/H2_65b_3.jpg,H2,.jpg,500,500,RGB,JPEG,train,1
data/raw/defungi/H2/H2_65b_4.jpg,H2,.jpg,500,500,RGB,JPEG,train,1
data/raw/defungi/H2/H2_65b_5.jpg,H2,.jpg,500,500,RGB,JPEG,train,1
data/raw/defungi/H2/H2_65b_6.jpg,H2,.jpg,500,500,RGB,JPEG,train,1
data/raw/defungi/H2/H2_65b_7.jpg,H2,.jpg,500,500,RGB,JPEG,train,1
data/raw/defungi/H2/H2_65b_8.jpg,H2,.jpg,500,500,RGB,JPEG,train,1
data/raw/defungi/H2/H2_65b_9.jpg,H2,.jpg,500,500,RGB,JPEG,train,1
data/raw/defungi/H2/H2_66a_2.jpg,H2,.jpg,500,500,RGB,JPEG,train,1
data/raw/defungi/H2/H2_66a_3.jpg,H2,.jpg,500,500,RGB,JPEG,train,1
data/raw/defungi/H2/H2_66a_4.jpg,H2,.jpg,500,500,RGB,JPEG,train,1
data/raw/defungi/H2/H2_66a_5.jpg,H2,.jpg,500,500,RGB,JPEG,train,1
data/raw/defungi/H2/H2_66a_7.jpg,H2,.jpg,500,500,RGB,JPEG,train,1
data/raw/defungi/H2/H2_66b_1.jpg,H2,.jpg,500,500,RGB,JPEG,train,1
data/raw/defungi/H2/H2_66b_2.jpg,H2,.jpg,500,500,RGB,JPEG,train,1
data/raw/defungi/H2/H2_66b_3.jpg,H2,.jpg,500,500,RGB,JPEG,train,1
data/raw/defungi/H2/H2_66b_4.jpg,H2,.jpg,500,500,RGB,JPEG,train,1
data/raw/defungi/H2/H2_66b_5.jpg,H2,.jpg,500,500,RGB,JPEG,train,1
data/raw/defungi/H2/H2_66b_7.jpg,H2,.jpg,500,500,RGB,JPEG,train,1
data/raw/defungi/H2/H2_66b_8.jpg,H2,.jpg,500,500,RGB,JPEG,train,1
data/raw/defungi/H2/H2_66c_1.jpg,H2,.jpg,500,500,RGB,JPEG,train,1
data/raw/defungi/H2/H2_66c_3.jpg,H2,.jpg,500,500,RGB,JPEG,train,1
data/raw/defungi/H2/H2_66c_5.jpg,H2,.jpg,500,500,RGB,JPEG,train,1
data/raw/defungi/H2/H2_66c_6.jpg,H2,.jpg,500,500,RGB,JPEG,train,1
data/raw/defungi/H2/H2_66c_7.jpg,H2,.jpg,500,500,RGB,JPEG,train,1
data/raw/defungi/H2/H2_66c_8.jpg,H2,.jpg,500,500,RGB,JPEG,train,1
data/raw/defungi/H2/H2_66d_11.jpg,H2,.jpg,500,500,RGB,JPEG,train,1
data/raw/defungi/H2/H2_66d_12.jpg,H2,.jpg,500,500,RGB,JPEG,train,1
data/raw/defungi/H2/H2_66d_15.jpg,H2,.jpg,500,500,RGB,JPEG,train,1
data/raw/defungi/H2/H2_66d_16.jpg,H2,.jpg,500,500,RGB,JPEG,train,1
data/raw/defungi/H2/H2_66d_2.jpg,H2,.jpg,500,500,RGB,JPEG,train,1
data/raw/defungi/H2/H2_66d_3.jpg,H2,.jpg,500,500,RGB,JPEG,train,1
data/raw/defungi/H2/H2_66d_5.jpg,H2,.jpg,500,500,RGB,JPEG,train,1
data/raw/defungi/H2/H2_66d_6.jpg,H2,.jpg,500,500,RGB,JPEG,train,1
data/raw/defungi/H2/H2_66d_8.jpg,H2,.jpg,500,500,RGB,JPEG,train,1
data/raw/defungi/H2/H2_66d_9.jpg,H2,.jpg,500,500,RGB,JPEG,train,1
data/raw/defungi/H2/H2_66e_1.jpg,H2,.jpg,500,500,RGB,JPEG,train,1
data/raw/defungi/H2/H2_66e_2.jpg,H2,.jpg,500,500,RGB,JPEG,train,1
data/raw/defungi/H2/H2_66e_3.jpg,H2,.jpg,500,500,RGB,JPEG,train,1
data/raw/defungi/H2/H2_66e_4.jpg,H2,.jpg,500,500,RGB,JPEG,train,1
data/raw/defungi/H2/H2_66e_5.jpg,H2,.jpg,500,500,RGB,JPEG,train,1
data/raw/defungi/H2/H2_66e_6.jpg,H2,.jpg,500,500,RGB,JPEG,train,1
data/raw/defungi/H2/H2_66f_10.jpg,H2,.jpg,500,500,RGB,JPEG,train,1
data/raw/defungi/H2/H2_66f_11.jpg,H2,.jpg,500,500,RGB,JPEG,train,1
data/raw/defungi/H2/H2_66f_3.jpg,H2,.jpg,500,500,RGB,JPEG,train,1
data/raw/defungi/H2/H2_66f_4.jpg,H2,.jpg,500,500,RGB,JPEG,train,1
data/raw/defungi/H2/H2_66f_5.jpg,H2,.jpg,500,500,RGB,JPEG,train,1
data/raw/defungi/H2/H2_66f_7.jpg,H2,.jpg,500,500,RGB,JPEG,train,1
data/raw/defungi/H2/H2_66f_9.jpg,H2,.jpg,500,500,RGB,JPEG,train,1
data/raw/defungi/H2/H2_67a_1.jpg,H2,.jpg,500,500,RGB,JPEG,train,1
data/raw/defungi/H2/H2_67a_2.jpg,H2,.jpg,500,500,RGB,JPEG,train,1
data/raw/defungi/H2/H2_67a_5.jpg,H2,.jpg,500,500,RGB,JPEG,train,1
data/raw/defungi/H2/H2_67a_6.jpg,H2,.jpg,500,500,RGB,JPEG,train,1
data/raw/defungi/H2/H2_67a_8.jpg,H2,.jpg,500,500,RGB,JPEG,train,1
data/raw/defungi/H2/H2_67a_9.jpg,H2,.jpg,500,500,RGB,JPEG,train,1
data/raw/defungi/H2/H2_67b_1.jpg,H2,.jpg,500,500,RGB,JPEG,train,1
data/raw/defungi/H2/H2_67b_3.jpg,H2,.jpg,500,500,RGB,JPEG,train,1
data/raw/defungi/H2/H2_67b_4.jpg,H2,.jpg,500,500,RGB,JPEG,train,1
data/raw/defungi/H2/H2_67b_7.jpg,H2,.jpg,500,500,RGB,JPEG,train,1
data/raw/defungi/H2/H2_67b_8.jpg,H2,.jpg,500,500,RGB,JPEG,train,1
data/raw/defungi/H2/H2_67b_9.jpg,H2,.jpg,500,500,RGB,JPEG,train,1
data/raw/defungi/H2/H2_67c_1.jpg,H2,.jpg,500,500,RGB,JPEG,train,1
data/raw/defungi/H2/H2_67c_10.jpg,H2,.jpg,500,500,RGB,JPEG,train,1
data/raw/defungi/H2/H2_67c_11.jpg,H2,.jpg,500,500,RGB,JPEG,train,1
data/raw/defungi/H2/H2_67c_12.jpg,H2,.jpg,500,500,RGB,JPEG,train,1
data/raw/defungi/H2/H2_67c_3.jpg,H2,.jpg,500,500,RGB,JPEG,train,1
data/raw/defungi/H2/H2_67c_4.jpg,H2,.jpg,500,500,RGB,JPEG,train,1
data/raw/defungi/H2/H2_67c_5.jpg,H2,.jpg,500,500,RGB,JPEG,train,1
data/raw/defungi/H2/H2_67c_6.jpg,H2,.jpg,500,500,RGB,JPEG,train,1
data/raw/defungi/H2/H2_67c_8.jpg,H2,.jpg,500,500,RGB,JPEG,train,1
data/raw/defungi/H2/H2_67c_9.jpg,H2,.jpg,500,500,RGB,JPEG,train,1
data/raw/defungi/H2/H2_68a_12.jpg,H2,.jpg,500,500,RGB,JPEG,train,1
data/raw/defungi/H2/H2_68a_14.jpg,H2,.jpg,500,500,RGB,JPEG,train,1
data/raw/defungi/H2/H2_68a_16.jpg,H2,.jpg,500,500,RGB,JPEG,train,1
data/raw/defungi/H2/H2_68a_4.jpg,H2,.jpg,500,500,RGB,JPEG,train,1
data/raw/defungi/H2/H2_68a_5.jpg,H2,.jpg,500,500,RGB,JPEG,train,1
data/raw/defungi/H2/H2_68a_6.jpg,H2,.jpg,500,500,RGB,JPEG,train,1
data/raw/defungi/H2/H2_68a_7.jpg,H2,.jpg,500,500,RGB,JPEG,train,1
data/raw/defungi/H2/H2_68a_8.jpg,H2,.jpg,500,500,RGB,JPEG,train,1
data/raw/defungi/H2/H2_68a_9.jpg,H2,.jpg,500,500,RGB,JPEG,train,1
data/raw/defungi/H2/H2_68b_1.jpg,H2,.jpg,500,500,RGB,JPEG,train,1
data/raw/defungi/H2/H2_68b_11.jpg,H2,.jpg,500,500,RGB,JPEG,train,1
data/raw/defungi/H2/H2_68b_14.jpg,H2,.jpg,500,500,RGB,JPEG,train,1
data/raw/defungi/H2/H2_68b_3.jpg,H2,.jpg,500,500,RGB,JPEG,train,1
data/raw/defungi/H2/H2_68b_5.jpg,H2,.jpg,500,500,RGB,JPEG,train,1
data/raw/defungi/H2/H2_68b_8.jpg,H2,.jpg,500,500,RGB,JPEG,train,1
data/raw/defungi/H2/H2_68b_9.jpg,H2,.jpg,500,500,RGB,JPEG,train,1
data/raw/defungi/H2/H2_69a_1.jpg,H2,.jpg,500,500,RGB,JPEG,train,1
data/raw/defungi/H2/H2_69a_10.jpg,H2,.jpg,500,500,RGB,JPEG,train,1
data/raw/defungi/H2/H2_69a_11.jpg,H2,.jpg,500,500,RGB,JPEG,train,1
data/raw/defungi/H2/H2_69a_12.jpg,H2,.jpg,500,500,RGB,JPEG,train,1
data/raw/defungi/H2/H2_69a_2.jpg,H2,.jpg,500,500,RGB,JPEG,train,1
data/raw/defungi/H2/H2_69a_3.jpg,H2,.jpg,500,500,RGB,JPEG,train,1
data/raw/defungi/H2/H2_69a_4.jpg,H2,.jpg,500,500,RGB,JPEG,train,1
data/raw/defungi/H2/H2_69a_7.jpg,H2,.jpg,500,500,RGB,JPEG,train,1
data/raw/defungi/H2/H2_69b_1.jpg,H2,.jpg,500,500,RGB,JPEG,train,1
data/raw/defungi/H2/H2_69b_11.jpg,H2,.jpg,500,500,RGB,JPEG,train,1
data/raw/defungi/H2/H2_69b_2.jpg,H2,.jpg,500,500,RGB,JPEG,train,1
data/raw/defungi/H2/H2_69b_4.jpg,H2,.jpg,500,500,RGB,JPEG,train,1
data/raw/defungi/H2/H2_69b_5.jpg,H2,.jpg,500,500,RGB,JPEG,train,1
data/raw/defungi/H2/H2_69b_7.jpg,H2,.jpg,500,500,RGB,JPEG,train,1
data/raw/defungi/H2/H2_69b_8.jpg,H2,.jpg,500,500,RGB,JPEG,train,1
data/raw/defungi/H2/H2_69c_2.jpg,H2,.jpg,500,500,RGB,JPEG,train,1
data/raw/defungi/H2/H2_69c_3.jpg,H2,.jpg,500,500,RGB,JPEG,train,1
data/raw/defungi/H2/H2_69c_4.jpg,H2,.jpg,500,500,RGB,JPEG,train,1
data/raw/defungi/H2/H2_69c_5.jpg,H2,.jpg,500,500,RGB,JPEG,train,1
data/raw/defungi/H2/H2_69c_7.jpg,H2,.jpg,500,500,RGB,JPEG,train,1
data/raw/defungi/H2/H2_69c_8.jpg,H2,.jpg,500,500,RGB,JPEG,train,1
data/raw/defungi/H2/H2_69c_9.jpg,H2,.jpg,500,500,RGB,JPEG,train,1
data/raw/defungi/H2/H2_6a_1.jpg,H2,.jpg,500,500,RGB,JPEG,train,1
data/raw/defungi/H2/H2_6a_11.jpg,H2,.jpg,500,500,RGB,JPEG,train,1
data/raw/defungi/H2/H2_6a_12.jpg,H2,.jpg,500,500,RGB,JPEG,train,1
data/raw/defungi/H2/H2_6a_14.jpg,H2,.jpg,500,500,RGB,JPEG,train,1
data/raw/defungi/H2/H2_6a_16.jpg,H2,.jpg,500,500,RGB,JPEG,train,1
data/raw/defungi/H2/H2_6a_2.jpg,H2,.jpg,500,500,RGB,JPEG,train,1
data/raw/defungi/H2/H2_6a_3.jpg,H2,.jpg,500,500,RGB,JPEG,train,1
data/raw/defungi/H2/H2_6a_4.jpg,H2,.jpg,500,500,RGB,JPEG,train,1
data/raw/defungi/H2/H2_6a_5.jpg,H2,.jpg,500,500,RGB,JPEG,train,1
data/raw/defungi/H2/H2_6a_6.jpg,H2,.jpg,500,500,RGB,JPEG,train,1
data/raw/defungi/H2/H2_6a_8.jpg,H2,.jpg,500,500,RGB,JPEG,train,1
data/raw/defungi/H2/H2_6b_10.jpg,H2,.jpg,500,500,RGB,JPEG,train,1
data/raw/defungi/H2/H2_6b_11.jpg,H2,.jpg,500,500,RGB,JPEG,train,1
data/raw/defungi/H2/H2_6b_13.jpg,H2,.jpg,500,500,RGB,JPEG,train,1
data/raw/defungi/H2/H2_6b_14.jpg,H2,.jpg,500,500,RGB,JPEG,train,1
data/raw/defungi/H2/H2_6b_16.jpg,H2,.jpg,500,500,RGB,JPEG,train,1
data/raw/defungi/H2/H2_6b_2.jpg,H2,.jpg,500,500,RGB,JPEG,train,1
data/raw/defungi/H2/H2_6b_3.jpg,H2,.jpg,500,500,RGB,JPEG,train,1
data/raw/defungi/H2/H2_6b_4.jpg,H2,.jpg,500,500,RGB,JPEG,train,1
data/raw/defungi/H2/H2_6b_5.jpg,H2,.jpg,500,500,RGB,JPEG,train,1
data/raw/defungi/H2/H2_6b_6.jpg,H2,.jpg,500,500,RGB,JPEG,train,1
data/raw/defungi/H2/H2_6b_8.jpg,H2,.jpg,500,500,RGB,JPEG,train,1
data/raw/defungi/H2/H2_6c_1.jpg,H2,.jpg,500,500,RGB,JPEG,train,1
data/raw/defungi/H2/H2_6c_12.jpg,H2,.jpg,500,500,RGB,JPEG,train,1
data/raw/defungi/H2/H2_6c_14.jpg,H2,.jpg,500,500,RGB,JPEG,train,1
data/raw/defungi/H2/H2_6c_15.jpg,H2,.jpg,500,500,RGB,JPEG,train,1
data/raw/defungi/H2/H2_6c_16.jpg,H2,.jpg,500,500,RGB,JPEG,train,1
data/raw/defungi/H2/H2_6c_2.jpg,H2,.jpg,500,500,RGB,JPEG,train,1
data/raw/defungi/H2/H2_6c_3.jpg,H2,.jpg,500,500,RGB,JPEG,train,1
data/raw/defungi/H2/H2_6c_4.jpg,H2,.jpg,500,500,RGB,JPEG,train,1
data/raw/defungi/H2/H2_6c_6.jpg,H2,.jpg,500,500,RGB,JPEG,train,1
data/raw/defungi/H2/H2_6c_8.jpg,H2,.jpg,500,500,RGB,JPEG,train,1
data/raw/defungi/H2/H2_70a_4.jpg,H2,.jpg,500,500,RGB,JPEG,train,1
data/raw/defungi/H2/H2_70a_6.jpg,H2,.jpg,500,500,RGB,JPEG,train,1
data/raw/defungi/H2/H2_70a_7.jpg,H2,.jpg,500,500,RGB,JPEG,train,1
data/raw/defungi/H2/H2_70a_8.jpg,H2,.jpg,500,500,RGB,JPEG,train,1
data/raw/defungi/H2/H2_70a_9.jpg,H2,.jpg,500,500,RGB,JPEG,train,1
data/raw/defungi/H2/H2_70b_2.jpg,H2,.jpg,500,500,RGB,JPEG,train,1
data/raw/defungi/H2/H2_70b_3.jpg,H2,.jpg,500,500,RGB,JPEG,train,1
data/raw/defungi/H2/H2_70b_4.jpg,H2,.jpg,500,500,RGB,JPEG,train,1
data/raw/defungi/H2/H2_70c_1.jpg,H2,.jpg,500,500,RGB,JPEG,train,1
data/raw/defungi/H2/H2_70c_2.jpg,H2,.jpg,500,500,RGB,JPEG,train,1
data/raw/defungi/H2/H2_70c_3.jpg,H2,.jpg,500,500,RGB,JPEG,train,1
data/raw/defungi/H2/H2_71a_2.jpg,H2,.jpg,500,500,RGB,JPEG,train,1
data/raw/defungi/H2/H2_71a_3.jpg,H2,.jpg,500,500,RGB,JPEG,train,1
data/raw/defungi/H2/H2_71b_4.jpg,H2,.jpg,500,500,RGB,JPEG,train,1
data/raw/defungi/H2/H2_72c_2.jpg,H2,.jpg,500,500,RGB,JPEG,train,1
data/raw/defungi/H2/H2_72c_4.jpg,H2,.jpg,500,500,RGB,JPEG,train,1
data/raw/defungi/H2/H2_73a_1.jpg,H2,.jpg,500,500,RGB,JPEG,train,1
data/raw/defungi/H2/H2_73a_12.jpg,H2,.jpg,500,500,RGB,JPEG,train,1
data/raw/defungi/H2/H2_73a_13.jpg,H2,.jpg,500,500,RGB,JPEG,train,1
data/raw/defungi/H2/H2_73a_15.jpg,H2,.jpg,500,500,RGB,JPEG,train,1
data/raw/defungi/H2/H2_73a_16.jpg,H2,.jpg,500,500,RGB,JPEG,train,1
data/raw/defungi/H2/H2_73a_2.jpg,H2,.jpg,500,500,RGB,JPEG,train,1
data/raw/defungi/H2/H2_73a_5.jpg,H2,.jpg,500,500,RGB,JPEG,train,1
data/raw/defungi/H2/H2_73a_6.jpg,H2,.jpg,500,500,RGB,JPEG,train,1
data/raw/defungi/H2/H2_73a_7.jpg,H2,.jpg,500,500,RGB,JPEG,train,1
data/raw/defungi/H2/H2_73a_9.jpg,H2,.jpg,500,500,RGB,JPEG,train,1
data/raw/defungi/H2/H2_73b_1.jpg,H2,.jpg,500,500,RGB,JPEG,train,1
data/raw/defungi/H2/H2_73b_2.jpg,H2,.jpg,500,500,RGB,JPEG,train,1
data/raw/defungi/H2/H2_73b_3.jpg,H2,.jpg,500,500,RGB,JPEG,train,1
data/raw/defungi/H2/H2_73b_5.jpg,H2,.jpg,500,500,RGB,JPEG,train,1
data/raw/defungi/H2/H2_73b_7.jpg,H2,.jpg,500,500,RGB,JPEG,train,1
data/raw/defungi/H2/H2_73b_8.jpg,H2,.jpg,500,500,RGB,JPEG,train,1
data/raw/defungi/H2/H2_73b_9.jpg,H2,.jpg,500,500,RGB,JPEG,train,1
data/raw/defungi/H2/H2_73c_1.jpg,H2,.jpg,500,500,RGB,JPEG,train,1
data/raw/defungi/H2/H2_73c_10.jpg,H2,.jpg,500,500,RGB,JPEG,train,1
data/raw/defungi/H2/H2_73c_11.jpg,H2,.jpg,500,500,RGB,JPEG,train,1
data/raw/defungi/H2/H2_73c_12.jpg,H2,.jpg,500,500,RGB,JPEG,train,1
data/raw/defungi/H2/H2_73c_13.jpg,H2,.jpg,500,500,RGB,JPEG,train,1
data/raw/defungi/H2/H2_73c_14.jpg,H2,.jpg,500,500,RGB,JPEG,train,1
data/raw/defungi/H2/H2_73c_16.jpg,H2,.jpg,500,500,RGB,JPEG,train,1
data/raw/defungi/H2/H2_73c_3.jpg,H2,.jpg,500,500,RGB,JPEG,train,1
data/raw/defungi/H2/H2_73c_4.jpg,H2,.jpg,500,500,RGB,JPEG,train,1
data/raw/defungi/H2/H2_73c_6.jpg,H2,.jpg,500,500,RGB,JPEG,train,1
data/raw/defungi/H2/H2_73c_8.jpg,H2,.jpg,500,500,RGB,JPEG,train,1
data/raw/defungi/H2/H2_73c_9.jpg,H2,.jpg,500,500,RGB,JPEG,train,1
data/raw/defungi/H2/H2_73d_2.jpg,H2,.jpg,500,500,RGB,JPEG,train,1
data/raw/defungi/H2/H2_73e_10.jpg,H2,.jpg,500,500,RGB,JPEG,train,1
data/raw/defungi/H2/H2_73e_11.jpg,H2,.jpg,500,500,RGB,JPEG,train,1
data/raw/defungi/H2/H2_73e_12.jpg,H2,.jpg,500,500,RGB,JPEG,train,1
data/raw/defungi/H2/H2_73e_3.jpg,H2,.jpg,500,500,RGB,JPEG,train,1
data/raw/defungi/H2/H2_73e_4.jpg,H2,.jpg,500,500,RGB,JPEG,train,1
data/raw/defungi/H2/H2_73e_5.jpg,H2,.jpg,500,500,RGB,JPEG,train,1
data/raw/defungi/H2/H2_73e_6.jpg,H2,.jpg,500,500,RGB,JPEG,train,1
data/raw/defungi/H2/H2_73e_8.jpg,H2,.jpg,500,500,RGB,JPEG,train,1
data/raw/defungi/H2/H2_73e_9.jpg,H2,.jpg,500,500,RGB,JPEG,train,1
data/raw/defungi/H2/H2_74a_2.jpg,H2,.jpg,500,500,RGB,JPEG,train,1
data/raw/defungi/H2/H2_74a_3.jpg,H2,.jpg,500,500,RGB,JPEG,train,1
data/raw/defungi/H2/H2_74a_4.jpg,H2,.jpg,500,500,RGB,JPEG,train,1
data/raw/defungi/H2/H2_74b_1.jpg,H2,.jpg,500,500,RGB,JPEG,train,1
data/raw/defungi/H2/H2_74b_2.jpg,H2,.jpg,500,500,RGB,JPEG,train,1
data/raw/defungi/H2/H2_74b_3.jpg,H2,.jpg,500,500,RGB,JPEG,train,1
data/raw/defungi/H2/H2_74b_4.jpg,H2,.jpg,500,500,RGB,JPEG,train,1
data/raw/defungi/H2/H2_74c_2.jpg,H2,.jpg,500,500,RGB,JPEG,train,1
data/raw/defungi/H2/H2_74c_3.jpg,H2,.jpg,500,500,RGB,JPEG,train,1
data/raw/defungi/H2/H2_74c_5.jpg,H2,.jpg,500,500,RGB,JPEG,train,1
data/raw/defungi/H2/H2_74c_6.jpg,H2,.jpg,500,500,RGB,JPEG,train,1
data/raw/defungi/H2/H2_74c_7.jpg,H2,.jpg,500,500,RGB,JPEG,train,1
data/raw/defungi/H2/H2_74c_9.jpg,H2,.jpg,500,500,RGB,JPEG,train,1
data/raw/defungi/H2/H2_75a_1.jpg,H2,.jpg,500,500,RGB,JPEG,train,1
data/raw/defungi/H2/H2_75a_4.jpg,H2,.jpg,500,500,RGB,JPEG,train,1
data/raw/defungi/H2/H2_75a_5.jpg,H2,.jpg,500,500,RGB,JPEG,train,1
data/raw/defungi/H2/H2_75a_6.jpg,H2,.jpg,500,500,RGB,JPEG,train,1
data/raw/defungi/H2/H2_75a_9.jpg,H2,.jpg,500,500,RGB,JPEG,train,1
data/raw/defungi/H2/H2_75b_1.jpg,H2,.jpg,500,500,RGB,JPEG,train,1
data/raw/defungi/H2/H2_75b_10.jpg,H2,.jpg,500,500,RGB,JPEG,train,1
data/raw/defungi/H2/H2_75b_11.jpg,H2,.jpg,500,500,RGB,JPEG,train,1
data/raw/defungi/H2/H2_75b_12.jpg,H2,.jpg,500,500,RGB,JPEG,train,1
data/raw/defungi/H2/H2_75b_2.jpg,H2,.jpg,500,500,RGB,JPEG,train,1
data/raw/defungi/H2/H2_75b_3.jpg,H2,.jpg,500,500,RGB,JPEG,train,1
data/raw/defungi/H2/H2_75b_4.jpg,H2,.jpg,500,500,RGB,JPEG,train,1
data/raw/defungi/H2/H2_75b_5.jpg,H2,.jpg,500,500,RGB,JPEG,train,1
data/raw/defungi/H2/H2_75b_6.jpg,H2,.jpg,500,500,RGB,JPEG,train,1
data/raw/defungi/H2/H2_75b_7.jpg,H2,.jpg,500,500,RGB,JPEG,train,1
data/raw/defungi/H2/H2_75b_9.jpg,H2,.jpg,500,500,RGB,JPEG,train,1
data/raw/defungi/H2/H2_75c_5.jpg,H2,.jpg,500,500,RGB,JPEG,train,1
data/raw/defungi/H2/H2_75c_6.jpg,H2,.jpg,500,500,RGB,JPEG,train,1
data/raw/defungi/H2/H2_76a_1.jpg,H2,.jpg,500,500,RGB,JPEG,train,1
data/raw/defungi/H2/H2_76a_3.jpg,H2,.jpg,500,500,RGB,JPEG,train,1
data/raw/defungi/H2/H2_76a_4.jpg,H2,.jpg,500,500,RGB,JPEG,train,1
data/raw/defungi/H2/H2_76b_1.jpg,H2,.jpg,500,500,RGB,JPEG,train,1
data/raw/defungi/H2/H2_76b_2.jpg,H2,.jpg,500,500,RGB,JPEG,train,1
data/raw/defungi/H2/H2_76b_4.jpg,H2,.jpg,500,500,RGB,JPEG,train,1
data/raw/defungi/H2/H2_76c_1.jpg,H2,.jpg,500,500,RGB,JPEG,train,1
data/raw/defungi/H2/H2_76c_2.jpg,H2,.jpg,500,500,RGB,JPEG,train,1
data/raw/defungi/H2/H2_76c_3.jpg,H2,.jpg,500,500,RGB,JPEG,train,1
data/raw/defungi/H2/H2_78a_1.jpg,H2,.jpg,500,500,RGB,JPEG,train,1
data/raw/defungi/H2/H2_78a_3.jpg,H2,.jpg,500,500,RGB,JPEG,train,1
data/raw/defungi/H2/H2_78a_4.jpg,H2,.jpg,500,500,RGB,JPEG,train,1
data/raw/defungi/H2/H2_78a_5.jpg,H2,.jpg,500,500,RGB,JPEG,train,1
data/raw/defungi/H2/H2_78a_6.jpg,H2,.jpg,500,500,RGB,JPEG,train,1
data/raw/defungi/H2/H2_78a_7.jpg,H2,.jpg,500,500,RGB,JPEG,train,1
data/raw/defungi/H2/H2_78a_8.jpg,H2,.jpg,500,500,RGB,JPEG,train,1
data/raw/defungi/H2/H2_78a_9.jpg,H2,.jpg,500,500,RGB,JPEG,train,1
data/raw/defungi/H2/H2_79a_2.jpg,H2,.jpg,500,500,RGB,JPEG,train,1
data/raw/defungi/H2/H2_79d_1.jpg,H2,.jpg,500,500,RGB,JPEG,train,1
data/raw/defungi/H2/H2_79d_2.jpg,H2,.jpg,500,500,RGB,JPEG,train,1
data/raw/defungi/H2/H2_79d_3.jpg,H2,.jpg,500,500,RGB,JPEG,train,1
data/raw/defungi/H2/H2_79d_4.jpg,H2,.jpg,500,500,RGB,JPEG,train,1
data/raw/defungi/H2/H2_7a_1.jpg,H2,.jpg,500,500,RGB,JPEG,train,1
data/raw/defungi/H2/H2_7a_10.jpg,H2,.jpg,500,500,RGB,JPEG,train,1
data/raw/defungi/H2/H2_7a_12.jpg,H2,.jpg,500,500,RGB,JPEG,train,1
data/raw/defungi/H2/H2_7a_13.jpg,H2,.jpg,500,500,RGB,JPEG,train,1
data/raw/defungi/H2/H2_7a_14.jpg,H2,.jpg,500,500,RGB,JPEG,train,1
data/raw/defungi/H2/H2_7a_15.jpg,H2,.jpg,500,500,RGB,JPEG,train,1
data/raw/defungi/H2/H2_7a_16.jpg,H2,.jpg,500,500,RGB,JPEG,train,1
data/raw/defungi/H2/H2_7a_17.jpg,H2,.jpg,500,500,RGB,JPEG,train,1
data/raw/defungi/H2/H2_7a_18.jpg,H2,.jpg,500,500,RGB,JPEG,train,1
data/raw/defungi/H2/H2_7a_19.jpg,H2,.jpg,500,500,RGB,JPEG,train,1
data/raw/defungi/H2/H2_7a_2.jpg,H2,.jpg,500,500,RGB,JPEG,train,1
data/raw/defungi/H2/H2_7a_20.jpg,H2,.jpg,500,500,RGB,JPEG,train,1
data/raw/defungi/H2/H2_7a_21.jpg,H2,.jpg,500,500,RGB,JPEG,train,1
data/raw/defungi/H2/H2_7a_23.jpg,H2,.jpg,500,500,RGB,JPEG,train,1
data/raw/defungi/H2/H2_7a_24.jpg,H2,.jpg,500,500,RGB,JPEG,train,1
data/raw/defungi/H2/H2_7a_25.jpg,H2,.jpg,500,500,RGB,JPEG,train,1
data/raw/defungi/H2/H2_7a_3.jpg,H2,.jpg,500,500,RGB,JPEG,train,1
data/raw/defungi/H2/H2_7a_4.jpg,H2,.jpg,500,500,RGB,JPEG,train,1
data/raw/defungi/H2/H2_7a_5.jpg,H2,.jpg,500,500,RGB,JPEG,train,1
data/raw/defungi/H2/H2_7a_6.jpg,H2,.jpg,500,500,RGB,JPEG,train,1
data/raw/defungi/H2/H2_7a_7.jpg,H2,.jpg,500,500,RGB,JPEG,train,1
data/raw/defungi/H2/H2_7b_1.jpg,H2,.jpg,500,500,RGB,JPEG,train,1
data/raw/defungi/H2/H2_7b_14.jpg,H2,.jpg,500,500,RGB,JPEG,train,1
data/raw/defungi/H2/H2_7b_15.jpg,H2,.jpg,500,500,RGB,JPEG,train,1
data/raw/defungi/H2/H2_7b_16.jpg,H2,.jpg,500,500,RGB,JPEG,train,1
data/raw/defungi/H2/H2_7b_18.jpg,H2,.jpg,500,500,RGB,JPEG,train,1
data/raw/defungi/H2/H2_7b_19.jpg,H2,.jpg,500,500,RGB,JPEG,train,1
data/raw/defungi/H2/H2_7b_2.jpg,H2,.jpg,500,500,RGB,JPEG,train,1
data/raw/defungi/H2/H2_7b_20.jpg,H2,.jpg,500,500,RGB,JPEG,train,1
data/raw/defungi/H2/H2_7b_21.jpg,H2,.jpg,500,500,RGB,JPEG,train,1
data/raw/defungi/H2/H2_7b_23.jpg,H2,.jpg,500,500,RGB,JPEG,train,1
data/raw/defungi/H2/H2_7b_24.jpg,H2,.jpg,500,500,RGB,JPEG,train,1
data/raw/defungi/H2/H2_7b_25.jpg,H2,.jpg,500,500,RGB,JPEG,train,1
data/raw/defungi/H2/H2_7b_4.jpg,H2,.jpg,500,500,RGB,JPEG,train,1
data/raw/defungi/H2/H2_7b_6.jpg,H2,.jpg,500,500,RGB,JPEG,train,1
data/raw/defungi/H2/H2_7b_8.jpg,H2,.jpg,500,500,RGB,JPEG,train,1
data/raw/defungi/H2/H2_7b_9.jpg,H2,.jpg,500,500,RGB,JPEG,train,1
data/raw/defungi/H2/H2_80a_1.jpg,H2,.jpg,500,500,RGB,JPEG,train,1
data/raw/defungi/H2/H2_80a_3.jpg,H2,.jpg,500,500,RGB,JPEG,train,1
data/raw/defungi/H2/H2_80a_4.jpg,H2,.jpg,500,500,RGB,JPEG,train,1
data/raw/defungi/H2/H2_80b_2.jpg,H2,.jpg,500,500,RGB,JPEG,train,1
data/raw/defungi/H2/H2_80b_3.jpg,H2,.jpg,500,500,RGB,JPEG,train,1
data/raw/defungi/H2/H2_80b_4.jpg,H2,.jpg,500,500,RGB,JPEG,train,1
data/raw/defungi/H2/H2_81a_2.jpg,H2,.jpg,500,500,RGB,JPEG,train,1
data/raw/defungi/H2/H2_81a_3.jpg,H2,.jpg,500,500,RGB,JPEG,train,1
data/raw/defungi/H2/H2_81b_1.jpg,H2,.jpg,500,500,RGB,JPEG,train,1
data/raw/defungi/H2/H2_81b_4.jpg,H2,.jpg,500,500,RGB,JPEG,train,1
data/raw/defungi/H2/H2_81b_5.jpg,H2,.jpg,500,500,RGB,JPEG,train,1
data/raw/defungi/H2/H2_81b_6.jpg,H2,.jpg,500,500,RGB,JPEG,train,1
data/raw/defungi/H2/H2_81c_1.jpg,H2,.jpg,500,500,RGB,JPEG,train,1
data/raw/defungi/H2/H2_81c_2.jpg,H2,.jpg,500,500,RGB,JPEG,train,1
data/raw/defungi/H2/H2_81c_3.jpg,H2,.jpg,500,500,RGB,JPEG,train,1
data/raw/defungi/H2/H2_81c_4.jpg,H2,.jpg,500,500,RGB,JPEG,train,1
data/raw/defungi/H2/H2_81c_6.jpg,H2,.jpg,500,500,RGB,JPEG,train,1
data/raw/defungi/H2/H2_81c_7.jpg,H2,.jpg,500,500,RGB,JPEG,train,1
data/raw/defungi/H2/H2_81c_8.jpg,H2,.jpg,500,500,RGB,JPEG,train,1
data/raw/defungi/H2/H2_82c_1.jpg,H2,.jpg,500,500,RGB,JPEG,train,1
data/raw/defungi/H2/H2_82c_2.jpg,H2,.jpg,500,500,RGB,JPEG,train,1
data/raw/defungi/H2/H2_82c_3.jpg,H2,.jpg,500,500,RGB,JPEG,train,1
data/raw/defungi/H2/H2_82c_4.jpg,H2,.jpg,500,500,RGB,JPEG,train,1
data/raw/defungi/H2/H2_83a_1.jpg,H2,.jpg,500,500,RGB,JPEG,train,1
data/raw/defungi/H2/H2_83a_2.jpg,H2,.jpg,500,500,RGB,JPEG,train,1
data/raw/defungi/H2/H2_83a_4.jpg,H2,.jpg,500,500,RGB,JPEG,train,1
data/raw/defungi/H2/H2_86a_2.jpg,H2,.jpg,500,500,RGB,JPEG,train,1
data/raw/defungi/H2/H2_86a_3.jpg,H2,.jpg,500,500,RGB,JPEG,train,1
data/raw/defungi/H2/H2_86a_4.jpg,H2,.jpg,500,500,RGB,JPEG,train,1
data/raw/defungi/H2/H2_86d_1.jpg,H2,.jpg,500,500,RGB,JPEG,train,1
data/raw/defungi/H2/H2_86d_2.jpg,H2,.jpg,500,500,RGB,JPEG,train,1
data/raw/defungi/H2/H2_86d_4.jpg,H2,.jpg,500,500,RGB,JPEG,train,1
data/raw/defungi/H2/H2_8a_10.jpg,H2,.jpg,500,500,RGB,JPEG,train,1
data/raw/defungi/H2/H2_8a_11.jpg,H2,.jpg,500,500,RGB,JPEG,train,1
data/raw/defungi/H2/H2_8a_13.jpg,H2,.jpg,500,500,RGB,JPEG,train,1
data/raw/defungi/H2/H2_8a_14.jpg,H2,.jpg,500,500,RGB,JPEG,train,1
data/raw/defungi/H2/H2_8a_15.jpg,H2,.jpg,500,500,RGB,JPEG,train,1
data/raw/defungi/H2/H2_8a_16.jpg,H2,.jpg,500,500,RGB,JPEG,train,1
data/raw/defungi/H2/H2_8a_2.jpg,H2,.jpg,500,500,RGB,JPEG,train,1
data/raw/defungi/H2/H2_8a_3.jpg,H2,.jpg,500,500,RGB,JPEG,train,1
data/raw/defungi/H2/H2_8a_5.jpg,H2,.jpg,500,500,RGB,JPEG,train,1
data/raw/defungi/H2/H2_8a_7.jpg,H2,.jpg,500,500,RGB,JPEG,train,1
data/raw/defungi/H2/H2_8b_1.jpg,H2,.jpg,500,500,RGB,JPEG,train,1
data/raw/defungi/H2/H2_8b_2.jpg,H2,.jpg,500,500,RGB,JPEG,train,1
data/raw/defungi/H2/H2_8b_4.jpg,H2,.jpg,500,500,RGB,JPEG,train,1
data/raw/defungi/H2/H2_8b_5.jpg,H2,.jpg,500,500,RGB,JPEG,train,1
data/raw/defungi/H2/H2_8b_6.jpg,H2,.jpg,500,500,RGB,JPEG,train,1
data/raw/defungi/H2/H2_8c_1.jpg,H2,.jpg,500,500,RGB,JPEG,train,1
data/raw/defungi/H2/H2_8c_2.jpg,H2,.jpg,500,500,RGB,JPEG,train,1
data/raw/defungi/H2/H2_8c_3.jpg,H2,.jpg,500,500,RGB,JPEG,train,1
data/raw/defungi/H2/H2_8c_4.jpg,H2,.jpg,500,500,RGB,JPEG,train,1
data/raw/defungi/H2/H2_8c_5.jpg,H2,.jpg,500,500,RGB,JPEG,train,1
data/raw/defungi/H2/H2_8c_6.jpg,H2,.jpg,500,500,RGB,JPEG,train,1
data/raw/defungi/H2/H2_8c_7.jpg,H2,.jpg,500,500,RGB,JPEG,train,1
data/raw/defungi/H2/H2_8c_9.jpg,H2,.jpg,500,500,RGB,JPEG,train,1
data/raw/defungi/H2/H2_8d_1.jpg,H2,.jpg,500,500,RGB,JPEG,train,1
data/raw/defungi/H2/H2_8d_2.jpg,H2,.jpg,500,500,RGB,JPEG,train,1
data/raw/defungi/H2/H2_8d_4.jpg,H2,.jpg,500,500,RGB,JPEG,train,1
data/raw/defungi/H2/H2_8d_5.jpg,H2,.jpg,500,500,RGB,JPEG,train,1
data/raw/defungi/H2/H2_8d_6.jpg,H2,.jpg,500,500,RGB,JPEG,train,1
data/raw/defungi/H2/H2_8e_10.jpg,H2,.jpg,500,500,RGB,JPEG,train,1
data/raw/defungi/H2/H2_8e_11.jpg,H2,.jpg,500,500,RGB,JPEG,train,1
data/raw/defungi/H2/H2_8e_12.jpg,H2,.jpg,500,500,RGB,JPEG,train,1
data/raw/defungi/H2/H2_8e_13.jpg,H2,.jpg,500,500,RGB,JPEG,train,1
data/raw/defungi/H2/H2_8e_15.jpg,H2,.jpg,500,500,RGB,JPEG,train,1
data/raw/defungi/H2/H2_8e_16.jpg,H2,.jpg,500,500,RGB,JPEG,train,1
data/raw/defungi/H2/H2_8e_3.jpg,H2,.jpg,500,500,RGB,JPEG,train,1
data/raw/defungi/H2/H2_8e_5.jpg,H2,.jpg,500,500,RGB,JPEG,train,1
data/raw/defungi/H2/H2_8e_8.jpg,H2,.jpg,500,500,RGB,JPEG,train,1
data/raw/defungi/H2/H2_8e_9.jpg,H2,.jpg,500,500,RGB,JPEG,train,1
data/raw/defungi/H2/H2_8f_1.jpg,H2,.jpg,500,500,RGB,JPEG,train,1
data/raw/defungi/H2/H2_8f_12.jpg,H2,.jpg,500,500,RGB,JPEG,train,1
data/raw/defungi/H2/H2_8f_13.jpg,H2,.jpg,500,500,RGB,JPEG,train,1
data/raw/defungi/H2/H2_8f_15.jpg,H2,.jpg,500,500,RGB,JPEG,train,1
data/raw/defungi/H2/H2_8f_16.jpg,H2,.jpg,500,500,RGB,JPEG,train,1
data/raw/defungi/H2/H2_8f_17.jpg,H2,.jpg,500,500,RGB,JPEG,train,1
data/raw/defungi/H2/H2_8f_18.jpg,H2,.jpg,500,500,RGB,JPEG,train,1
data/raw/defungi/H2/H2_8f_2.jpg,H2,.jpg,500,500,RGB,JPEG,train,1
data/raw/defungi/H2/H2_8f_20.jpg,H2,.jpg,500,500,RGB,JPEG,train,1
data/raw/defungi/H2/H2_8f_22.jpg,H2,.jpg,500,500,RGB,JPEG,train,1
data/raw/defungi/H2/H2_8f_23.jpg,H2,.jpg,500,500,RGB,JPEG,train,1
data/raw/defungi/H2/H2_8f_3.jpg,H2,.jpg,500,500,RGB,JPEG,train,1
data/raw/defungi/H2/H2_8f_5.jpg,H2,.jpg,500,500,RGB,JPEG,train,1
data/raw/defungi/H2/H2_8f_7.jpg,H2,.jpg,500,500,RGB,JPEG,train,1
data/raw/defungi/H2/H2_8f_8.jpg,H2,.jpg,500,500,RGB,JPEG,train,1
data/raw/defungi/H2/H2_8f_9.jpg,H2,.jpg,500,500,RGB,JPEG,train,1
data/raw/defungi/H2/H2_8g_1.jpg,H2,.jpg,500,500,RGB,JPEG,train,1
data/raw/defungi/H2/H2_8g_2.jpg,H2,.jpg,500,500,RGB,JPEG,train,1
data/raw/defungi/H2/H2_8g_4.jpg,H2,.jpg,500,500,RGB,JPEG,train,1
data/raw/defungi/H2/H2_8g_5.jpg,H2,.jpg,500,500,RGB,JPEG,train,1
data/raw/defungi/H2/H2_8g_7.jpg,H2,.jpg,500,500,RGB,JPEG,train,1
data/raw/defungi/H2/H2_8g_8.jpg,H2,.jpg,500,500,RGB,JPEG,train,1
data/raw/defungi/H2/H2_8g_9.jpg,H2,.jpg,500,500,RGB,JPEG,train,1
data/raw/defungi/H2/H2_92a_1.jpg,H2,.jpg,500,500,RGB,JPEG,train,1
data/raw/defungi/H2/H2_92a_3.jpg,H2,.jpg,500,500,RGB,JPEG,train,1
data/raw/defungi/H2/H2_92a_4.jpg,H2,.jpg,500,500,RGB,JPEG,train,1
data/raw/defungi/H2/H2_92b_2.jpg,H2,.jpg,500,500,RGB,JPEG,train,1
data/raw/defungi/H2/H2_92b_3.jpg,H2,.jpg,500,500,RGB,JPEG,train,1
data/raw/defungi/H2/H2_92b_4.jpg,H2,.jpg,500,500,RGB,JPEG,train,1
data/raw/defungi/H2/H2_93a_1.jpg,H2,.jpg,500,500,RGB,JPEG,train,1
data/raw/defungi/H2/H2_93a_2.jpg,H2,.jpg,500,500,RGB,JPEG,train,1
data/raw/defungi/H2/H2_93a_6.jpg,H2,.jpg,500,500,RGB,JPEG,train,1
data/raw/defungi/H2/H2_93a_7.jpg,H2,.jpg,500,500,RGB,JPEG,train,1
data/raw/defungi/H2/H2_93a_8.jpg,H2,.jpg,500,500,RGB,JPEG,train,1
data/raw/defungi/H2/H2_93b_1.jpg,H2,.jpg,500,500,RGB,JPEG,train,1
data/raw/defungi/H2/H2_93b_2.jpg,H2,.jpg,500,500,RGB,JPEG,train,1
data/raw/defungi/H2/H2_93b_3.jpg,H2,.jpg,500,500,RGB,JPEG,train,1
data/raw/defungi/H2/H2_93b_4.jpg,H2,.jpg,500,500,RGB,JPEG,train,1
data/raw/defungi/H2/H2_93b_8.jpg,H2,.jpg,500,500,RGB,JPEG,train,1
data/raw/defungi/H2/H2_93b_9.jpg,H2,.jpg,500,500,RGB,JPEG,train,1
data/raw/defungi/H2/H2_95a_1.jpg,H2,.jpg,500,500,RGB,JPEG,train,1
data/raw/defungi/H2/H2_95a_2.jpg,H2,.jpg,500,500,RGB,JPEG,train,1
data/raw/defungi/H2/H2_95a_3.jpg,H2,.jpg,500,500,RGB,JPEG,train,1
data/raw/defungi/H2/H2_95a_4.jpg,H2,.jpg,500,500,RGB,JPEG,train,1
data/raw/defungi/H2/H2_95d_1.jpg,H2,.jpg,500,500,RGB,JPEG,train,1
data/raw/defungi/H2/H2_95d_3.jpg,H2,.jpg,500,500,RGB,JPEG,train,1
data/raw/defungi/H2/H2_95d_4.jpg,H2,.jpg,500,500,RGB,JPEG,train,1
data/raw/defungi/H2/H2_96a_1.jpg,H2,.jpg,500,500,RGB,JPEG,train,1
data/raw/defungi/H2/H2_96a_2.jpg,H2,.jpg,500,500,RGB,JPEG,train,1
data/raw/defungi/H2/H2_96a_3.jpg,H2,.jpg,500,500,RGB,JPEG,train,1
data/raw/defungi/H2/H2_96a_4.jpg,H2,.jpg,500,500,RGB,JPEG,train,1
data/raw/defungi/H2/H2_97a_2.jpg,H2,.jpg,500,500,RGB,JPEG,train,1
data/raw/defungi/H2/H2_97a_3.jpg,H2,.jpg,500,500,RGB,JPEG,train,1
data/raw/defungi/H2/H2_97a_4.jpg,H2,.jpg,500,500,RGB,JPEG,train,1
data/raw/defungi/H2/H2_9a_1.jpg,H2,.jpg,500,500,RGB,JPEG,train,1
data/raw/defungi/H2/H2_9a_11.jpg,H2,.jpg,500,500,RGB,JPEG,train,1
data/raw/defungi/H2/H2_9a_13.jpg,H2,.jpg,500,500,RGB,JPEG,train,1
data/raw/defungi/H2/H2_9a_16.jpg,H2,.jpg,500,500,RGB,JPEG,train,1
data/raw/defungi/H2/H2_9a_2.jpg,H2,.jpg,500,500,RGB,JPEG,train,1
data/raw/defungi/H2/H2_9a_6.jpg,H2,.jpg,500,500,RGB,JPEG,train,1
data/raw/defungi/H2/H2_9a_7.jpg,H2,.jpg,500,500,RGB,JPEG,train,1
data/raw/defungi/H2/H2_9a_8.jpg,H2,.jpg,500,500,RGB,JPEG,train,1
data/raw/defungi/H2/H2_9a_9.jpg,H2,.jpg,500,500,RGB,JPEG,train,1
data/raw/defungi/H2/H2_9b_1.jpg,H2,.jpg,500,500,RGB,JPEG,train,1
data/raw/defungi/H2/H2_9b_10.jpg,H2,.jpg,500,500,RGB,JPEG,train,1
data/raw/defungi/H2/H2_9b_15.jpg,H2,.jpg,500,500,RGB,JPEG,train,1
data/raw/defungi/H2/H2_9b_16.jpg,H2,.jpg,500,500,RGB,JPEG,train,1
data/raw/defungi/H2/H2_9b_2.jpg,H2,.jpg,500,500,RGB,JPEG,train,1
data/raw/defungi/H2/H2_9b_4.jpg,H2,.jpg,500,500,RGB,JPEG,train,1
data/raw/defungi/H2/H2_9b_5.jpg,H2,.jpg,500,500,RGB,JPEG,train,1
data/raw/defungi/H2/H2_9b_6.jpg,H2,.jpg,500,500,RGB,JPEG,train,1
data/raw/defungi/H2/H2_9b_7.jpg,H2,.jpg,500,500,RGB,JPEG,train,1
data/raw/defungi/H2/H2_9b_9.jpg,H2,.jpg,500,500,RGB,JPEG,train,1
data/raw/defungi/H3/H3_10a_1.jpg,H3,.jpg,500,500,RGB,JPEG,train,2
data/raw/defungi/H3/H3_10a_11.jpg,H3,.jpg,500,500,RGB,JPEG,train,2
data/raw/defungi/H3/H3_10a_12.jpg,H3,.jpg,500,500,RGB,JPEG,train,2
data/raw/defungi/H3/H3_10a_2.jpg,H3,.jpg,500,500,RGB,JPEG,train,2
data/raw/defungi/H3/H3_10a_3.jpg,H3,.jpg,500,500,RGB,JPEG,train,2
data/raw/defungi/H3/H3_10a_4.jpg,H3,.jpg,500,500,RGB,JPEG,train,2
data/raw/defungi/H3/H3_10a_7.jpg,H3,.jpg,500,500,RGB,JPEG,train,2
data/raw/defungi/H3/H3_10a_8.jpg,H3,.jpg,500,500,RGB,JPEG,train,2
data/raw/defungi/H3/H3_11a_11.jpg,H3,.jpg,500,500,RGB,JPEG,train,2
data/raw/defungi/H3/H3_11a_12.jpg,H3,.jpg,500,500,RGB,JPEG,train,2
data/raw/defungi/H3/H3_11a_13.jpg,H3,.jpg,500,500,RGB,JPEG,train,2
data/raw/defungi/H3/H3_11a_16.jpg,H3,.jpg,500,500,RGB,JPEG,train,2
data/raw/defungi/H3/H3_11a_17.jpg,H3,.jpg,500,500,RGB,JPEG,train,2
data/raw/defungi/H3/H3_11a_18.jpg,H3,.jpg,500,500,RGB,JPEG,train,2
data/raw/defungi/H3/H3_11a_19.jpg,H3,.jpg,500,500,RGB,JPEG,train,2
data/raw/defungi/H3/H3_11a_2.jpg,H3,.jpg,500,500,RGB,JPEG,train,2
data/raw/defungi/H3/H3_11a_20.jpg,H3,.jpg,500,500,RGB,JPEG,train,2
data/raw/defungi/H3/H3_11a_21.jpg,H3,.jpg,500,500,RGB,JPEG,train,2
data/raw/defungi/H3/H3_11a_22.jpg,H3,.jpg,500,500,RGB,JPEG,train,2
data/raw/defungi/H3/H3_11a_23.jpg,H3,.jpg,500,500,RGB,JPEG,train,2
data/raw/defungi/H3/H3_11a_24.jpg,H3,.jpg,500,500,RGB,JPEG,train,2
data/raw/defungi/H3/H3_11a_25.jpg,H3,.jpg,500,500,RGB,JPEG,train,2
data/raw/defungi/H3/H3_11a_26.jpg,H3,.jpg,500,500,RGB,JPEG,train,2
data/raw/defungi/H3/H3_11a_27.jpg,H3,.jpg,500,500,RGB,JPEG,train,2
data/raw/defungi/H3/H3_11a_28.jpg,H3,.jpg,500,500,RGB,JPEG,train,2
data/raw/defungi/H3/H3_11a_29.jpg,H3,.jpg,500,500,RGB,JPEG,train,2
data/raw/defungi/H3/H3_11a_3.jpg,H3,.jpg,500,500,RGB,JPEG,train,2
data/raw/defungi/H3/H3_11a_30.jpg,H3,.jpg,500,500,RGB,JPEG,train,2
data/raw/defungi/H3/H3_11a_31.jpg,H3,.jpg,500,500,RGB,JPEG,train,2
data/raw/defungi/H3/H3_11a_32.jpg,H3,.jpg,500,500,RGB,JPEG,train,2
data/raw/defungi/H3/H3_11a_33.jpg,H3,.jpg,500,500,RGB,JPEG,train,2
data/raw/defungi/H3/H3_11a_34.jpg,H3,.jpg,500,500,RGB,JPEG,train,2
data/raw/defungi/H3/H3_11a_36.jpg,H3,.jpg,500,500,RGB,JPEG,train,2
data/raw/defungi/H3/H3_11a_37.jpg,H3,.jpg,500,500,RGB,JPEG,train,2
data/raw/defungi/H3/H3_11a_38.jpg,H3,.jpg,500,500,RGB,JPEG,train,2
data/raw/defungi/H3/H3_11a_39.jpg,H3,.jpg,500,500,RGB,JPEG,train,2
data/raw/defungi/H3/H3_11a_40.jpg,H3,.jpg,500,500,RGB,JPEG,train,2
data/raw/defungi/H3/H3_11a_41.jpg,H3,.jpg,500,500,RGB,JPEG,train,2
data/raw/defungi/H3/H3_11a_43.jpg,H3,.jpg,500,500,RGB,JPEG,train,2
data/raw/defungi/H3/H3_11a_45.jpg,H3,.jpg,500,500,RGB,JPEG,train,2
data/raw/defungi/H3/H3_11a_46.jpg,H3,.jpg,500,500,RGB,JPEG,train,2
data/raw/defungi/H3/H3_11a_47.jpg,H3,.jpg,500,500,RGB,JPEG,train,2
data/raw/defungi/H3/H3_11a_48.jpg,H3,.jpg,500,500,RGB,JPEG,train,2
data/raw/defungi/H3/H3_11a_49.jpg,H3,.jpg,500,500,RGB,JPEG,train,2
data/raw/defungi/H3/H3_11a_5.jpg,H3,.jpg,500,500,RGB,JPEG,train,2
data/raw/defungi/H3/H3_11a_50.jpg,H3,.jpg,500,500,RGB,JPEG,train,2
data/raw/defungi/H3/H3_11a_51.jpg,H3,.jpg,500,500,RGB,JPEG,train,2
data/raw/defungi/H3/H3_11a_52.jpg,H3,.jpg,500,500,RGB,JPEG,train,2
data/raw/defungi/H3/H3_11a_53.jpg,H3,.jpg,500,500,RGB,JPEG,train,2
data/raw/defungi/H3/H3_11a_54.jpg,H3,.jpg,500,500,RGB,JPEG,train,2
data/raw/defungi/H3/H3_11a_55.jpg,H3,.jpg,500,500,RGB,JPEG,train,2
data/raw/defungi/H3/H3_11a_6.jpg,H3,.jpg,500,500,RGB,JPEG,train,2
data/raw/defungi/H3/H3_11a_7.jpg,H3,.jpg,500,500,RGB,JPEG,train,2
data/raw/defungi/H3/H3_11a_8.jpg,H3,.jpg,500,500,RGB,JPEG,train,2
data/raw/defungi/H3/H3_11a_9.jpg,H3,.jpg,500,500,RGB,JPEG,train,2
data/raw/defungi/H3/H3_11b_11.jpg,H3,.jpg,500,500,RGB,JPEG,train,2
data/raw/defungi/H3/H3_11b_13.jpg,H3,.jpg,500,500,RGB,JPEG,train,2
data/raw/defungi/H3/H3_11b_2.jpg,H3,.jpg,500,500,RGB,JPEG,train,2
data/raw/defungi/H3/H3_11b_3.jpg,H3,.jpg,500,500,RGB,JPEG,train,2
data/raw/defungi/H3/H3_11b_4.jpg,H3,.jpg,500,500,RGB,JPEG,train,2
data/raw/defungi/H3/H3_11b_7.jpg,H3,.jpg,500,500,RGB,JPEG,train,2
data/raw/defungi/H3/H3_12a_1.jpg,H3,.jpg,500,500,RGB,JPEG,train,2
data/raw/defungi/H3/H3_12a_12.jpg,H3,.jpg,500,500,RGB,JPEG,train,2
data/raw/defungi/H3/H3_12a_3.jpg,H3,.jpg,500,500,RGB,JPEG,train,2
data/raw/defungi/H3/H3_12a_4.jpg,H3,.jpg,500,500,RGB,JPEG,train,2
data/raw/defungi/H3/H3_12a_6.jpg,H3,.jpg,500,500,RGB,JPEG,train,2
data/raw/defungi/H3/H3_12b_1.jpg,H3,.jpg,500,500,RGB,JPEG,train,2
data/raw/defungi/H3/H3_12b_2.jpg,H3,.jpg,500,500,RGB,JPEG,train,2
data/raw/defungi/H3/H3_12b_3.jpg,H3,.jpg,500,500,RGB,JPEG,train,2
data/raw/defungi/H3/H3_12b_4.jpg,H3,.jpg,500,500,RGB,JPEG,train,2
data/raw/defungi/H3/H3_12b_5.jpg,H3,.jpg,500,500,RGB,JPEG,train,2
data/raw/defungi/H3/H3_12b_6.jpg,H3,.jpg,500,500,RGB,JPEG,train,2
data/raw/defungi/H3/H3_12b_8.jpg,H3,.jpg,500,500,RGB,JPEG,train,2
data/raw/defungi/H3/H3_12b_9.jpg,H3,.jpg,500,500,RGB,JPEG,train,2
data/raw/defungi/H3/H3_13a_1.jpg,H3,.jpg,500,500,RGB,JPEG,train,2
data/raw/defungi/H3/H3_13a_10.jpg,H3,.jpg,500,500,RGB,JPEG,train,2
data/raw/defungi/H3/H3_13a_13.jpg,H3,.jpg,500,500,RGB,JPEG,train,2
data/raw/defungi/H3/H3_13a_14.jpg,H3,.jpg,500,500,RGB,JPEG,train,2
data/raw/defungi/H3/H3_13a_15.jpg,H3,.jpg,500,500,RGB,JPEG,train,2
data/raw/defungi/H3/H3_13a_16.jpg,H3,.jpg,500,500,RGB,JPEG,train,2
data/raw/defungi/H3/H3_13a_18.jpg,H3,.jpg,500,500,RGB,JPEG,train,2
data/raw/defungi/H3/H3_13a_2.jpg,H3,.jpg,500,500,RGB,JPEG,train,2
data/raw/defungi/H3/H3_13a_20.jpg,H3,.jpg,500,500,RGB,JPEG,train,2
data/raw/defungi/H3/H3_13a_26.jpg,H3,.jpg,500,500,RGB,JPEG,train,2
data/raw/defungi/H3/H3_13a_28.jpg,H3,.jpg,500,500,RGB,JPEG,train,2
data/raw/defungi/H3/H3_13a_29.jpg,H3,.jpg,500,500,RGB,JPEG,train,2
data/raw/defungi/H3/H3_13a_3.jpg,H3,.jpg,500,500,RGB,JPEG,train,2
data/raw/defungi/H3/H3_13a_30.jpg,H3,.jpg,500,500,RGB,JPEG,train,2
data/raw/defungi/H3/H3_13a_31.jpg,H3,.jpg,500,500,RGB,JPEG,train,2
data/raw/defungi/H3/H3_13a_36.jpg,H3,.jpg,500,500,RGB,JPEG,train,2
data/raw/defungi/H3/H3_13a_38.jpg,H3,.jpg,500,500,RGB,JPEG,train,2
data/raw/defungi/H3/H3_13a_39.jpg,H3,.jpg,500,500,RGB,JPEG,train,2
data/raw/defungi/H3/H3_13a_4.jpg,H3,.jpg,500,500,RGB,JPEG,train,2
data/raw/defungi/H3/H3_13a_40.jpg,H3,.jpg,500,500,RGB,JPEG,train,2
data/raw/defungi/H3/H3_13a_41.jpg,H3,.jpg,500,500,RGB,JPEG,train,2
data/raw/defungi/H3/H3_13a_43.jpg,H3,.jpg,500,500,RGB,JPEG,train,2
data/raw/defungi/H3/H3_13a_44.jpg,H3,.jpg,500,500,RGB,JPEG,train,2
data/raw/defungi/H3/H3_13a_6.jpg,H3,.jpg,500,500,RGB,JPEG,train,2
data/raw/defungi/H3/H3_13a_7.jpg,H3,.jpg,500,500,RGB,JPEG,train,2
data/raw/defungi/H3/H3_13a_8.jpg,H3,.jpg,500,500,RGB,JPEG,train,2
data/raw/defungi/H3/H3_13b_10.jpg,H3,.jpg,500,500,RGB,JPEG,train,2
data/raw/defungi/H3/H3_13b_11.jpg,H3,.jpg,500,500,RGB,JPEG,train,2
data/raw/defungi/H3/H3_13b_2.jpg,H3,.jpg,500,500,RGB,JPEG,train,2
data/raw/defungi/H3/H3_13b_5.jpg,H3,.jpg,500,500,RGB,JPEG,train,2
data/raw/defungi/H3/H3_13b_7.jpg,H3,.jpg,500,500,RGB,JPEG,train,2
data/raw/defungi/H3/H3_13b_8.jpg,H3,.jpg,500,500,RGB,JPEG,train,2
data/raw/defungi/H3/H3_13b_9.jpg,H3,.jpg,500,500,RGB,JPEG,train,2
data/raw/defungi/H3/H3_13c_10.jpg,H3,.jpg,500,500,RGB,JPEG,train,2
data/raw/defungi/H3/H3_13c_11.jpg,H3,.jpg,500,500,RGB,JPEG,train,2
data/raw/defungi/H3/H3_13c_12.jpg,H3,.jpg,500,500,RGB,JPEG,train,2
data/raw/defungi/H3/H3_13c_2.jpg,H3,.jpg,500,500,RGB,JPEG,train,2
data/raw/defungi/H3/H3_13c_4.jpg,H3,.jpg,500,500,RGB,JPEG,train,2
data/raw/defungi/H3/H3_13c_7.jpg,H3,.jpg,500,500,RGB,JPEG,train,2
data/raw/defungi/H3/H3_13c_8.jpg,H3,.jpg,500,500,RGB,JPEG,train,2
data/raw/defungi/H3/H3_13c_9.jpg,H3,.jpg,500,500,RGB,JPEG,train,2
data/raw/defungi/H3/H3_14a_1.jpg,H3,.jpg,500,500,RGB,JPEG,train,2
data/raw/defungi/H3/H3_14a_2.jpg,H3,.jpg,500,500,RGB,JPEG,train,2
data/raw/defungi/H3/H3_14a_3.jpg,H3,.jpg,500,500,RGB,JPEG,train,2
data/raw/defungi/H3/H3_14b_2.jpg,H3,.jpg,500,500,RGB,JPEG,train,2
data/raw/defungi/H3/H3_14b_3.jpg,H3,.jpg,500,500,RGB,JPEG,train,2
data/raw/defungi/H3/H3_15a_1.jpg,H3,.jpg,500,500,RGB,JPEG,train,2
data/raw/defungi/H3/H3_15a_2.jpg,H3,.jpg,500,500,RGB,JPEG,train,2
data/raw/defungi/H3/H3_15a_4.jpg,H3,.jpg,500,500,RGB,JPEG,train,2
data/raw/defungi/H3/H3_15a_5.jpg,H3,.jpg,500,500,RGB,JPEG,train,2
data/raw/defungi/H3/H3_15a_6.jpg,H3,.jpg,500,500,RGB,JPEG,train,2
data/raw/defungi/H3/H3_16a_1.jpg,H3,.jpg,500,500,RGB,JPEG,train,2
data/raw/defungi/H3/H3_16a_2.jpg,H3,.jpg,500,500,RGB,JPEG,train,2
data/raw/defungi/H3/H3_16a_4.jpg,H3,.jpg,500,500,RGB,JPEG,train,2
data/raw/defungi/H3/H3_16a_5.jpg,H3,.jpg,500,500,RGB,JPEG,train,2
data/raw/defungi/H3/H3_16a_7.jpg,H3,.jpg,500,500,RGB,JPEG,train,2
data/raw/defungi/H3/H3_16a_8.jpg,H3,.jpg,500,500,RGB,JPEG,train,2
data/raw/defungi/H3/H3_16a_9.jpg,H3,.jpg,500,500,RGB,JPEG,train,2
data/raw/defungi/H3/H3_17a_1.jpg,H3,.jpg,500,500,RGB,JPEG,train,2
data/raw/defungi/H3/H3_17a_3.jpg,H3,.jpg,500,500,RGB,JPEG,train,2
data/raw/defungi/H3/H3_17a_6.jpg,H3,.jpg,500,500,RGB,JPEG,train,2
data/raw/defungi/H3/H3_17a_7.jpg,H3,.jpg,500,500,RGB,JPEG,train,2
data/raw/defungi/H3/H3_17a_8.jpg,H3,.jpg,500,500,RGB,JPEG,train,2
data/raw/defungi/H3/H3_17b_1.jpg,H3,.jpg,500,500,RGB,JPEG,train,2
data/raw/defungi/H3/H3_17b_3.jpg,H3,.jpg,500,500,RGB,JPEG,train,2
data/raw/defungi/H3/H3_17b_4.jpg,H3,.jpg,500,500,RGB,JPEG,train,2
data/raw/defungi/H3/H3_17b_5.jpg,H3,.jpg,500,500,RGB,JPEG,train,2
data/raw/defungi/H3/H3_17b_6.jpg,H3,.jpg,500,500,RGB,JPEG,train,2
data/raw/defungi/H3/H3_17c_1.jpg,H3,.jpg,500,500,RGB,JPEG,train,2
data/raw/defungi/H3/H3_17c_2.jpg,H3,.jpg,500,500,RGB,JPEG,train,2
data/raw/defungi/H3/H3_17c_4.jpg,H3,.jpg,500,500,RGB,JPEG,train,2
data/raw/defungi/H3/H3_18a_1.jpg,H3,.jpg,500,500,RGB,JPEG,train,2
data/raw/defungi/H3/H3_18a_10.jpg,H3,.jpg,500,500,RGB,JPEG,train,2
data/raw/defungi/H3/H3_18a_11.jpg,H3,.jpg,500,500,RGB,JPEG,train,2
data/raw/defungi/H3/H3_18a_12.jpg,H3,.jpg,500,500,RGB,JPEG,train,2
data/raw/defungi/H3/H3_18a_2.jpg,H3,.jpg,500,500,RGB,JPEG,train,2
data/raw/defungi/H3/H3_18a_3.jpg,H3,.jpg,500,500,RGB,JPEG,train,2
data/raw/defungi/H3/H3_18a_4.jpg,H3,.jpg,500,500,RGB,JPEG,train,2
data/raw/defungi/H3/H3_18a_5.jpg,H3,.jpg,500,500,RGB,JPEG,train,2
data/raw/defungi/H3/H3_18a_6.jpg,H3,.jpg,500,500,RGB,JPEG,train,2
data/raw/defungi/H3/H3_18a_7.jpg,H3,.jpg,500,500,RGB,JPEG,train,2
data/raw/defungi/H3/H3_18a_8.jpg,H3,.jpg,500,500,RGB,JPEG,train,2
data/raw/defungi/H3/H3_18a_9.jpg,H3,.jpg,500,500,RGB,JPEG,train,2
data/raw/defungi/H3/H3_18b_1.jpg,H3,.jpg,500,500,RGB,JPEG,train,2
data/raw/defungi/H3/H3_18b_3.jpg,H3,.jpg,500,500,RGB,JPEG,train,2
data/raw/defungi/H3/H3_18b_4.jpg,H3,.jpg,500,500,RGB,JPEG,train,2
data/raw/defungi/H3/H3_18b_5.jpg,H3,.jpg,500,500,RGB,JPEG,train,2
data/raw/defungi/H3/H3_18b_7.jpg,H3,.jpg,500,500,RGB,JPEG,train,2
data/raw/defungi/H3/H3_18b_8.jpg,H3,.jpg,500,500,RGB,JPEG,train,2
data/raw/defungi/H3/H3_19a_2.jpg,H3,.jpg,500,500,RGB,JPEG,train,2
data/raw/defungi/H3/H3_19a_4.jpg,H3,.jpg,500,500,RGB,JPEG,train,2
data/raw/defungi/H3/H3_19a_5.jpg,H3,.jpg,500,500,RGB,JPEG,train,2
data/raw/defungi/H3/H3_19a_6.jpg,H3,.jpg,500,500,RGB,JPEG,train,2
data/raw/defungi/H3/H3_19a_7.jpg,H3,.jpg,500,500,RGB,JPEG,train,2
data/raw/defungi/H3/H3_19a_8.jpg,H3,.jpg,500,500,RGB,JPEG,train,2
data/raw/defungi/H3/H3_19a_9.jpg,H3,.jpg,500,500,RGB,JPEG,train,2
data/raw/defungi/H3/H3_19b_1.jpg,H3,.jpg,500,500,RGB,JPEG,train,2
data/raw/defungi/H3/H3_19b_4.jpg,H3,.jpg,500,500,RGB,JPEG,train,2
data/raw/defungi/H3/H3_19c_1.jpg,H3,.jpg,500,500,RGB,JPEG,train,2
data/raw/defungi/H3/H3_19c_2.jpg,H3,.jpg,500,500,RGB,JPEG,train,2
data/raw/defungi/H3/H3_19c_3.jpg,H3,.jpg,500,500,RGB,JPEG,train,2
data/raw/defungi/H3/H3_19c_4.jpg,H3,.jpg,500,500,RGB,JPEG,train,2
data/raw/defungi/H3/H3_1a_11.jpg,H3,.jpg,500,500,RGB,JPEG,train,2
data/raw/defungi/H3/H3_1a_12.jpg,H3,.jpg,500,500,RGB,JPEG,train,2
data/raw/defungi/H3/H3_1a_13.jpg,H3,.jpg,500,500,RGB,JPEG,train,2
data/raw/defungi/H3/H3_1a_14.jpg,H3,.jpg,500,500,RGB,JPEG,train,2
data/raw/defungi/H3/H3_1a_15.jpg,H3,.jpg,500,500,RGB,JPEG,train,2
data/raw/defungi/H3/H3_1a_16.jpg,H3,.jpg,500,500,RGB,JPEG,train,2
data/raw/defungi/H3/H3_1a_17.jpg,H3,.jpg,500,500,RGB,JPEG,train,2
data/raw/defungi/H3/H3_1a_18.jpg,H3,.jpg,500,500,RGB,JPEG,train,2
data/raw/defungi/H3/H3_1a_19.jpg,H3,.jpg,500,500,RGB,JPEG,train,2
data/raw/defungi/H3/H3_1a_2.jpg,H3,.jpg,500,500,RGB,JPEG,train,2
data/raw/defungi/H3/H3_1a_24.jpg,H3,.jpg,500,500,RGB,JPEG,train,2
data/raw/defungi/H3/H3_1a_25.jpg,H3,.jpg,500,500,RGB,JPEG,train,2
data/raw/defungi/H3/H3_1a_27.jpg,H3,.jpg,500,500,RGB,JPEG,train,2
data/raw/defungi/H3/H3_1a_3.jpg,H3,.jpg,500,500,RGB,JPEG,train,2
data/raw/defungi/H3/H3_1a_31.jpg,H3,.jpg,500,500,RGB,JPEG,train,2
data/raw/defungi/H3/H3_1a_4.jpg,H3,.jpg,500,500,RGB,JPEG,train,2
data/raw/defungi/H3/H3_1a_5.jpg,H3,.jpg,500,500,RGB,JPEG,train,2
data/raw/defungi/H3/H3_1a_6.jpg,H3,.jpg,500,500,RGB,JPEG,train,2
data/raw/defungi/H3/H3_1a_8.jpg,H3,.jpg,500,500,RGB,JPEG,train,2
data/raw/defungi/H3/H3_1a_9.jpg,H3,.jpg,500,500,RGB,JPEG,train,2
data/raw/defungi/H3/H3_1b_1.jpg,H3,.jpg,500,500,RGB,JPEG,train,2
data/raw/defungi/H3/H3_1b_11.jpg,H3,.jpg,500,500,RGB,JPEG,train,2
data/raw/defungi/H3/H3_1b_12.jpg,H3,.jpg,500,500,RGB,JPEG,train,2
data/raw/defungi/H3/H3_1b_13.jpg,H3,.jpg,500,500,RGB,JPEG,train,2
data/raw/defungi/H3/H3_1b_14.jpg,H3,.jpg,500,500,RGB,JPEG,train,2
data/raw/defungi/H3/H3_1b_15.jpg,H3,.jpg,500,500,RGB,JPEG,train,2
data/raw/defungi/H3/H3_1b_18.jpg,H3,.jpg,500,500,RGB,JPEG,train,2
data/raw/defungi/H3/H3_1b_2.jpg,H3,.jpg,500,500,RGB,JPEG,train,2
data/raw/defungi/H3/H3_1b_3.jpg,H3,.jpg,500,500,RGB,JPEG,train,2
data/raw/defungi/H3/H3_1b_4.jpg,H3,.jpg,500,500,RGB,JPEG,train,2
data/raw/defungi/H3/H3_1b_5.jpg,H3,.jpg,500,500,RGB,JPEG,train,2
data/raw/defungi/H3/H3_1b_6.jpg,H3,.jpg,500,500,RGB,JPEG,train,2
data/raw/defungi/H3/H3_1b_7.jpg,H3,.jpg,500,500,RGB,JPEG,train,2
data/raw/defungi/H3/H3_20a_1.jpg,H3,.jpg,500,500,RGB,JPEG,train,2
data/raw/defungi/H3/H3_20a_3.jpg,H3,.jpg,500,500,RGB,JPEG,train,2
data/raw/defungi/H3/H3_20a_8.jpg,H3,.jpg,500,500,RGB,JPEG,train,2
data/raw/defungi/H3/H3_20a_9.jpg,H3,.jpg,500,500,RGB,JPEG,train,2
data/raw/defungi/H3/H3_21a_1.jpg,H3,.jpg,500,500,RGB,JPEG,train,2
data/raw/defungi/H3/H3_21a_2.jpg,H3,.jpg,500,500,RGB,JPEG,train,2
data/raw/defungi/H3/H3_21a_3.jpg,H3,.jpg,500,500,RGB,JPEG,train,2
data/raw/defungi/H3/H3_21a_4.jpg,H3,.jpg,500,500,RGB,JPEG,train,2
data/raw/defungi/H3/H3_21a_5.jpg,H3,.jpg,500,500,RGB,JPEG,train,2
data/raw/defungi/H3/H3_21a_6.jpg,H3,.jpg,500,500,RGB,JPEG,train,2
data/raw/defungi/H3/H3_22a_2.jpg,H3,.jpg,500,500,RGB,JPEG,train,2
data/raw/defungi/H3/H3_22a_3.jpg,H3,.jpg,500,500,RGB,JPEG,train,2
data/raw/defungi/H3/H3_22a_4.jpg,H3,.jpg,500,500,RGB,JPEG,train,2
data/raw/defungi/H3/H3_23a_2.jpg,H3,.jpg,500,500,RGB,JPEG,train,2
data/raw/defungi/H3/H3_23a_3.jpg,H3,.jpg,500,500,RGB,JPEG,train,2
data/raw/defungi/H3/H3_23a_4.jpg,H3,.jpg,500,500,RGB,JPEG,train,2
data/raw/defungi/H3/H3_24a_1.jpg,H3,.jpg,500,500,RGB,JPEG,train,2
data/raw/defungi/H3/H3_24a_2.jpg,H3,.jpg,500,500,RGB,JPEG,train,2
data/raw/defungi/H3/H3_24a_3.jpg,H3,.jpg,500,500,RGB,JPEG,train,2
data/raw/defungi/H3/H3_24a_4.jpg,H3,.jpg,500,500,RGB,JPEG,train,2
data/raw/defungi/H3/H3_24a_6.jpg,H3,.jpg,500,500,RGB,JPEG,train,2
data/raw/defungi/H3/H3_25a_1.jpg,H3,.jpg,500,500,RGB,JPEG,train,2
data/raw/defungi/H3/H3_25a_2.jpg,H3,.jpg,500,500,RGB,JPEG,train,2
data/raw/defungi/H3/H3_25a_4.jpg,H3,.jpg,500,500,RGB,JPEG,train,2
data/raw/defungi/H3/H3_26a_3.jpg,H3,.jpg,500,500,RGB,JPEG,train,2
data/raw/defungi/H3/H3_27a_1.jpg,H3,.jpg,500,500,RGB,JPEG,train,2
data/raw/defungi/H3/H3_27a_2.jpg,H3,.jpg,500,500,RGB,JPEG,train,2
data/raw/defungi/H3/H3_27a_4.jpg,H3,.jpg,500,500,RGB,JPEG,train,2
data/raw/defungi/H3/H3_27a_5.jpg,H3,.jpg,500,500,RGB,JPEG,train,2
data/raw/defungi/H3/H3_27a_6.jpg,H3,.jpg,500,500,RGB,JPEG,train,2
data/raw/defungi/H3/H3_28a_1.jpg,H3,.jpg,500,500,RGB,JPEG,train,2
data/raw/defungi/H3/H3_28a_2.jpg,H3,.jpg,500,500,RGB,JPEG,train,2
data/raw/defungi/H3/H3_28a_3.jpg,H3,.jpg,500,500,RGB,JPEG,train,2
data/raw/defungi/H3/H3_28a_4.jpg,H3,.jpg,500,500,RGB,JPEG,train,2
data/raw/defungi/H3/H3_29a_2.jpg,H3,.jpg,500,500,RGB,JPEG,train,2
data/raw/defungi/H3/H3_29a_3.jpg,H3,.jpg,500,500,RGB,JPEG,train,2
data/raw/defungi/H3/H3_2a_11.jpg,H3,.jpg,500,500,RGB,JPEG,train,2
data/raw/defungi/H3/H3_2a_12.jpg,H3,.jpg,500,500,RGB,JPEG,train,2
data/raw/defungi/H3/H3_2a_13.jpg,H3,.jpg,500,500,RGB,JPEG,train,2
data/raw/defungi/H3/H3_2a_14.jpg,H3,.jpg,500,500,RGB,JPEG,train,2
data/raw/defungi/H3/H3_2a_15.jpg,H3,.jpg,500,500,RGB,JPEG,train,2
data/raw/defungi/H3/H3_2a_16.jpg,H3,.jpg,500,500,RGB,JPEG,train,2
data/raw/defungi/H3/H3_2a_18.jpg,H3,.jpg,500,500,RGB,JPEG,train,2
data/raw/defungi/H3/H3_2a_2.jpg,H3,.jpg,500,500,RGB,JPEG,train,2
data/raw/defungi/H3/H3_2a_3.jpg,H3,.jpg,500,500,RGB,JPEG,train,2
data/raw/defungi/H3/H3_2a_4.jpg,H3,.jpg,500,500,RGB,JPEG,train,2
data/raw/defungi/H3/H3_2a_5.jpg,H3,.jpg,500,500,RGB,JPEG,train,2
data/raw/defungi/H3/H3_2a_6.jpg,H3,.jpg,500,500,RGB,JPEG,train,2
data/raw/defungi/H3/H3_2a_8.jpg,H3,.jpg,500,500,RGB,JPEG,train,2
data/raw/defungi/H3/H3_2a_9.jpg,H3,.jpg,500,500,RGB,JPEG,train,2
data/raw/defungi/H3/H3_30a_2.jpg,H3,.jpg,500,500,RGB,JPEG,train,2
data/raw/defungi/H3/H3_30a_4.jpg,H3,.jpg,500,500,RGB,JPEG,train,2
data/raw/defungi/H3/H3_30a_6.jpg,H3,.jpg,500,500,RGB,JPEG,train,2
data/raw/defungi/H3/H3_31a_1.jpg,H3,.jpg,500,500,RGB,JPEG,train,2
data/raw/defungi/H3/H3_31a_10.jpg,H3,.jpg,500,500,RGB,JPEG,train,2
data/raw/defungi/H3/H3_31a_11.jpg,H3,.jpg,500,500,RGB,JPEG,train,2
data/raw/defungi/H3/H3_31a_12.jpg,H3,.jpg,500,500,RGB,JPEG,train,2
data/raw/defungi/H3/H3_31a_13.jpg,H3,.jpg,500,500,RGB,JPEG,train,2
data/raw/defungi/H3/H3_31a_15.jpg,H3,.jpg,500,500,RGB,JPEG,train,2
data/raw/defungi/H3/H3_31a_16.jpg,H3,.jpg,500,500,RGB,JPEG,train,2
data/raw/defungi/H3/H3_31a_17.jpg,H3,.jpg,500,500,RGB,JPEG,train,2
data/raw/defungi/H3/H3_31a_18.jpg,H3,.jpg,500,500,RGB,JPEG,train,2
data/raw/defungi/H3/H3_31a_2.jpg,H3,.jpg,500,500,RGB,JPEG,train,2
data/raw/defungi/H3/H3_31a_20.jpg,H3,.jpg,500,500,RGB,JPEG,train,2
data/raw/defungi/H3/H3_31a_3.jpg,H3,.jpg,500,500,RGB,JPEG,train,2
data/raw/defungi/H3/H3_31a_4.jpg,H3,.jpg,500,500,RGB,JPEG,train,2
data/raw/defungi/H3/H3_31a_7.jpg,H3,.jpg,500,500,RGB,JPEG,train,2
data/raw/defungi/H3/H3_31a_8.jpg,H3,.jpg,500,500,RGB,JPEG,train,2
data/raw/defungi/H3/H3_31a_9.jpg,H3,.jpg,500,500,RGB,JPEG,train,2
data/raw/defungi/H3/H3_32a_1.jpg,H3,.jpg,500,500,RGB,JPEG,train,2
data/raw/defungi/H3/H3_32a_10.jpg,H3,.jpg,500,500,RGB,JPEG,train,2
data/raw/defungi/H3/H3_32a_2.jpg,H3,.jpg,500,500,RGB,JPEG,train,2
data/raw/defungi/H3/H3_32a_3.jpg,H3,.jpg,500,500,RGB,JPEG,train,2
data/raw/defungi/H3/H3_32a_5.jpg,H3,.jpg,500,500,RGB,JPEG,train,2
data/raw/defungi/H3/H3_32a_6.jpg,H3,.jpg,500,500,RGB,JPEG,train,2
data/raw/defungi/H3/H3_32a_7.jpg,H3,.jpg,500,500,RGB,JPEG,train,2
data/raw/defungi/H3/H3_32a_8.jpg,H3,.jpg,500,500,RGB,JPEG,train,2
data/raw/defungi/H3/H3_32a_9.jpg,H3,.jpg,500,500,RGB,JPEG,train,2
data/raw/defungi/H3/H3_33a_1.jpg,H3,.jpg,500,500,RGB,JPEG,train,2
data/raw/defungi/H3/H3_33a_2.jpg,H3,.jpg,500,500,RGB,JPEG,train,2
data/raw/defungi/H3/H3_33a_3.jpg,H3,.jpg,500,500,RGB,JPEG,train,2
data/raw/defungi/H3/H3_33a_4.jpg,H3,.jpg,500,500,RGB,JPEG,train,2
data/raw/defungi/H3/H3_33b_1.jpg,H3,.jpg,500,500,RGB,JPEG,train,2
data/raw/defungi/H3/H3_33b_2.jpg,H3,.jpg,500,500,RGB,JPEG,train,2
data/raw/defungi/H3/H3_33b_3.jpg,H3,.jpg,500,500,RGB,JPEG,train,2
data/raw/defungi/H3/H3_33b_4.jpg,H3,.jpg,500,500,RGB,JPEG,train,2
data/raw/defungi/H3/H3_34a_10.jpg,H3,.jpg,500,500,RGB,JPEG,train,2
data/raw/defungi/H3/H3_34a_12.jpg,H3,.jpg,500,500,RGB,JPEG,train,2
data/raw/defungi/H3/H3_34a_13.jpg,H3,.jpg,500,500,RGB,JPEG,train,2
data/raw/defungi/H3/H3_34a_15.jpg,H3,.jpg,500,500,RGB,JPEG,train,2
data/raw/defungi/H3/H3_34a_2.jpg,H3,.jpg,500,500,RGB,JPEG,train,2
data/raw/defungi/H3/H3_34a_3.jpg,H3,.jpg,500,500,RGB,JPEG,train,2
data/raw/defungi/H3/H3_34a_4.jpg,H3,.jpg,500,500,RGB,JPEG,train,2
data/raw/defungi/H3/H3_34a_6.jpg,H3,.jpg,500,500,RGB,JPEG,train,2
data/raw/defungi/H3/H3_34a_7.jpg,H3,.jpg,500,500,RGB,JPEG,train,2
data/raw/defungi/H3/H3_34a_9.jpg,H3,.jpg,500,500,RGB,JPEG,train,2
data/raw/defungi/H3/H3_35a_10.jpg,H3,.jpg,500,500,RGB,JPEG,train,2
data/raw/defungi/H3/H3_35a_11.jpg,H3,.jpg,500,500,RGB,JPEG,train,2
data/raw/defungi/H3/H3_35a_2.jpg,H3,.jpg,500,500,RGB,JPEG,train,2
data/raw/defungi/H3/H3_35a_3.jpg,H3,.jpg,500,500,RGB,JPEG,train,2
data/raw/defungi/H3/H3_35a_5.jpg,H3,.jpg,500,500,RGB,JPEG,train,2
data/raw/defungi/H3/H3_35a_6.jpg,H3,.jpg,500,500,RGB,JPEG,train,2
data/raw/defungi/H3/H3_35a_8.jpg,H3,.jpg,500,500,RGB,JPEG,train,2
data/raw/defungi/H3/H3_35a_9.jpg,H3,.jpg,500,500,RGB,JPEG,train,2
data/raw/defungi/H3/H3_36a_1.jpg,H3,.jpg,500,500,RGB,JPEG,train,2
data/raw/defungi/H3/H3_36a_2.jpg,H3,.jpg,500,500,RGB,JPEG,train,2
data/raw/defungi/H3/H3_36a_3.jpg,H3,.jpg,500,500,RGB,JPEG,train,2
data/raw/defungi/H3/H3_36a_4.jpg,H3,.jpg,500,500,RGB,JPEG,train,2
data/raw/defungi/H3/H3_3a_10.jpg,H3,.jpg,500,500,RGB,JPEG,train,2
data/raw/defungi/H3/H3_3a_13.jpg,H3,.jpg,500,500,RGB,JPEG,train,2
data/raw/defungi/H3/H3_3a_14.jpg,H3,.jpg,500,500,RGB,JPEG,train,2
data/raw/defungi/H3/H3_3a_15.jpg,H3,.jpg,500,500,RGB,JPEG,train,2
data/raw/defungi/H3/H3_3a_17.jpg,H3,.jpg,500,500,RGB,JPEG,train,2
data/raw/defungi/H3/H3_3a_18.jpg,H3,.jpg,500,500,RGB,JPEG,train,2
data/raw/defungi/H3/H3_3a_19.jpg,H3,.jpg,500,500,RGB,JPEG,train,2
data/raw/defungi/H3/H3_3a_2.jpg,H3,.jpg,500,500,RGB,JPEG,train,2
data/raw/defungi/H3/H3_3a_21.jpg,H3,.jpg,500,500,RGB,JPEG,train,2
data/raw/defungi/H3/H3_3a_22.jpg,H3,.jpg,500,500,RGB,JPEG,train,2
data/raw/defungi/H3/H3_3a_24.jpg,H3,.jpg,500,500,RGB,JPEG,train,2
data/raw/defungi/H3/H3_3a_25.jpg,H3,.jpg,500,500,RGB,JPEG,train,2
data/raw/defungi/H3/H3_3a_26.jpg,H3,.jpg,500,500,RGB,JPEG,train,2
data/raw/defungi/H3/H3_3a_27.jpg,H3,.jpg,500,500,RGB,JPEG,train,2
data/raw/defungi/H3/H3_3a_4.jpg,H3,.jpg,500,500,RGB,JPEG,train,2
data/raw/defungi/H3/H3_3a_6.jpg,H3,.jpg,500,500,RGB,JPEG,train,2
data/raw/defungi/H3/H3_3a_7.jpg,H3,.jpg,500,500,RGB,JPEG,train,2
data/raw/defungi/H3/H3_3a_8.jpg,H3,.jpg,500,500,RGB,JPEG,train,2
data/raw/defungi/H3/H3_3a_9.jpg,H3,.jpg,500,500,RGB,JPEG,train,2
data/raw/defungi/H3/H3_3b_1.jpg,H3,.jpg,500,500,RGB,JPEG,train,2
data/raw/defungi/H3/H3_3b_10.jpg,H3,.jpg,500,500,RGB,JPEG,train,2
data/raw/defungi/H3/H3_3b_12.jpg,H3,.jpg,500,500,RGB,JPEG,train,2
data/raw/defungi/H3/H3_3b_2.jpg,H3,.jpg,500,500,RGB,JPEG,train,2
data/raw/defungi/H3/H3_3b_3.jpg,H3,.jpg,500,500,RGB,JPEG,train,2
data/raw/defungi/H3/H3_3b_4.jpg,H3,.jpg,500,500,RGB,JPEG,train,2
data/raw/defungi/H3/H3_3b_5.jpg,H3,.jpg,500,500,RGB,JPEG,train,2
data/raw/defungi/H3/H3_3b_6.jpg,H3,.jpg,500,500,RGB,JPEG,train,2
data/raw/defungi/H3/H3_3b_7.jpg,H3,.jpg,500,500,RGB,JPEG,train,2
data/raw/defungi/H3/H3_3b_8.jpg,H3,.jpg,500,500,RGB,JPEG,train,2
data/raw/defungi/H3/H3_3c_1.jpg,H3,.jpg,500,500,RGB,JPEG,train,2
data/raw/defungi/H3/H3_3c_10.jpg,H3,.jpg,500,500,RGB,JPEG,train,2
data/raw/defungi/H3/H3_3c_11.jpg,H3,.jpg,500,500,RGB,JPEG,train,2
data/raw/defungi/H3/H3_3c_12.jpg,H3,.jpg,500,500,RGB,JPEG,train,2
data/raw/defungi/H3/H3_3c_13.jpg,H3,.jpg,500,500,RGB,JPEG,train,2
data/raw/defungi/H3/H3_3c_14.jpg,H3,.jpg,500,500,RGB,JPEG,train,2
data/raw/defungi/H3/H3_3c_16.jpg,H3,.jpg,500,500,RGB,JPEG,train,2
data/raw/defungi/H3/H3_3c_17.jpg,H3,.jpg,500,500,RGB,JPEG,train,2
data/raw/defungi/H3/H3_3c_18.jpg,H3,.jpg,500,500,RGB,JPEG,train,2
data/raw/defungi/H3/H3_3c_19.jpg,H3,.jpg,500,500,RGB,JPEG,train,2
data/raw/defungi/H3/H3_3c_2.jpg,H3,.jpg,500,500,RGB,JPEG,train,2
data/raw/defungi/H3/H3_3c_21.jpg,H3,.jpg,500,500,RGB,JPEG,train,2
data/raw/defungi/H3/H3_3c_22.jpg,H3,.jpg,500,500,RGB,JPEG,train,2
data/raw/defungi/H3/H3_3c_24.jpg,H3,.jpg,500,500,RGB,JPEG,train,2
data/raw/defungi/H3/H3_3c_26.jpg,H3,.jpg,500,500,RGB,JPEG,train,2
data/raw/defungi/H3/H3_3c_28.jpg,H3,.jpg,500,500,RGB,JPEG,train,2
data/raw/defungi/H3/H3_3c_29.jpg,H3,.jpg,500,500,RGB,JPEG,train,2
data/raw/defungi/H3/H3_3c_3.jpg,H3,.jpg,500,500,RGB,JPEG,train,2
data/raw/defungi/H3/H3_3c_4.jpg,H3,.jpg,500,500,RGB,JPEG,train,2
data/raw/defungi/H3/H3_3c_8.jpg,H3,.jpg,500,500,RGB,JPEG,train,2
data/raw/defungi/H3/H3_3d_1.jpg,H3,.jpg,500,500,RGB,JPEG,train,2
data/raw/defungi/H3/H3_3d_11.jpg,H3,.jpg,500,500,RGB,JPEG,train,2
data/raw/defungi/H3/H3_3d_2.jpg,H3,.jpg,500,500,RGB,JPEG,train,2
data/raw/defungi/H3/H3_3d_4.jpg,H3,.jpg,500,500,RGB,JPEG,train,2
data/raw/defungi/H3/H3_3d_5.jpg,H3,.jpg,500,500,RGB,JPEG,train,2
data/raw/defungi/H3/H3_3d_6.jpg,H3,.jpg,500,500,RGB,JPEG,train,2
data/raw/defungi/H3/H3_4a_10.jpg,H3,.jpg,500,500,RGB,JPEG,train,2
data/raw/defungi/H3/H3_4a_13.jpg,H3,.jpg,500,500,RGB,JPEG,train,2
data/raw/defungi/H3/H3_4a_14.jpg,H3,.jpg,500,500,RGB,JPEG,train,2
data/raw/defungi/H3/H3_4a_15.jpg,H3,.jpg,500,500,RGB,JPEG,train,2
data/raw/defungi/H3/H3_4a_16.jpg,H3,.jpg,500,500,RGB,JPEG,train,2
data/raw/defungi/H3/H3_4a_17.jpg,H3,.jpg,500,500,RGB,JPEG,train,2
data/raw/defungi/H3/H3_4a_18.jpg,H3,.jpg,500,500,RGB,JPEG,train,2
data/raw/defungi/H3/H3_4a_19.jpg,H3,.jpg,500,500,RGB,JPEG,train,2
data/raw/defungi/H3/H3_4a_21.jpg,H3,.jpg,500,500,RGB,JPEG,train,2
data/raw/defungi/H3/H3_4a_22.jpg,H3,.jpg,500,500,RGB,JPEG,train,2
data/raw/defungi/H3/H3_4a_23.jpg,H3,.jpg,500,500,RGB,JPEG,train,2
data/raw/defungi/H3/H3_4a_24.jpg,H3,.jpg,500,500,RGB,JPEG,train,2
data/raw/defungi/H3/H3_4a_3.jpg,H3,.jpg,500,500,RGB,JPEG,train,2
data/raw/defungi/H3/H3_4a_4.jpg,H3,.jpg,500,500,RGB,JPEG,train,2
data/raw/defungi/H3/H3_4a_6.jpg,H3,.jpg,500,500,RGB,JPEG,train,2
data/raw/defungi/H3/H3_4b_12.jpg,H3,.jpg,500,500,RGB,JPEG,train,2
data/raw/defungi/H3/H3_4b_13.jpg,H3,.jpg,500,500,RGB,JPEG,train,2
data/raw/defungi/H3/H3_4b_14.jpg,H3,.jpg,500,500,RGB,JPEG,train,2
data/raw/defungi/H3/H3_4b_16.jpg,H3,.jpg,500,500,RGB,JPEG,train,2
data/raw/defungi/H3/H3_4b_18.jpg,H3,.jpg,500,500,RGB,JPEG,train,2
data/raw/defungi/H3/H3_4b_19.jpg,H3,.jpg,500,500,RGB,JPEG,train,2
data/raw/defungi/H3/H3_4b_2.jpg,H3,.jpg,500,500,RGB,JPEG,train,2
data/raw/defungi/H3/H3_4b_20.jpg,H3,.jpg,500,500,RGB,JPEG,train,2
data/raw/defungi/H3/H3_4b_21.jpg,H3,.jpg,500,500,RGB,JPEG,train,2
data/raw/defungi/H3/H3_4b_22.jpg,H3,.jpg,500,500,RGB,JPEG,train,2
data/raw/defungi/H3/H3_4b_23.jpg,H3,.jpg,500,500,RGB,JPEG,train,2
data/raw/defungi/H3/H3_4b_25.jpg,H3,.jpg,500,500,RGB,JPEG,train,2
data/raw/defungi/H3/H3_4b_26.jpg,H3,.jpg,500,500,RGB,JPEG,train,2
data/raw/defungi/H3/H3_4b_28.jpg,H3,.jpg,500,500,RGB,JPEG,train,2
data/raw/defungi/H3/H3_4b_29.jpg,H3,.jpg,500,500,RGB,JPEG,train,2
data/raw/defungi/H3/H3_4b_30.jpg,H3,.jpg,500,500,RGB,JPEG,train,2
data/raw/defungi/H3/H3_4b_31.jpg,H3,.jpg,500,500,RGB,JPEG,train,2
data/raw/defungi/H3/H3_4b_32.jpg,H3,.jpg,500,500,RGB,JPEG,train,2
data/raw/defungi/H3/H3_4b_33.jpg,H3,.jpg,500,500,RGB,JPEG,train,2
data/raw/defungi/H3/H3_4b_35.jpg,H3,.jpg,500,500,RGB,JPEG,train,2
data/raw/defungi/H3/H3_4b_37.jpg,H3,.jpg,500,500,RGB,JPEG,train,2
data/raw/defungi/H3/H3_4b_39.jpg,H3,.jpg,500,500,RGB,JPEG,train,2
data/raw/defungi/H3/H3_4b_4.jpg,H3,.jpg,500,500,RGB,JPEG,train,2
data/raw/defungi/H3/H3_4b_40.jpg,H3,.jpg,500,500,RGB,JPEG,train,2
data/raw/defungi/H3/H3_4b_41.jpg,H3,.jpg,500,500,RGB,JPEG,train,2
data/raw/defungi/H3/H3_4b_42.jpg,H3,.jpg,500,500,RGB,JPEG,train,2
data/raw/defungi/H3/H3_4b_6.jpg,H3,.jpg,500,500,RGB,JPEG,train,2
data/raw/defungi/H3/H3_4b_7.jpg,H3,.jpg,500,500,RGB,JPEG,train,2
data/raw/defungi/H3/H3_4b_8.jpg,H3,.jpg,500,500,RGB,JPEG,train,2
data/raw/defungi/H3/H3_4b_9.jpg,H3,.jpg,500,500,RGB,JPEG,train,2
data/raw/defungi/H3/H3_4c_10.jpg,H3,.jpg,500,500,RGB,JPEG,train,2
data/raw/defungi/H3/H3_4c_11.jpg,H3,.jpg,500,500,RGB,JPEG,train,2
data/raw/defungi/H3/H3_4c_12.jpg,H3,.jpg,500,500,RGB,JPEG,train,2
data/raw/defungi/H3/H3_4c_13.jpg,H3,.jpg,500,500,RGB,JPEG,train,2
data/raw/defungi/H3/H3_4c_14.jpg,H3,.jpg,500,500,RGB,JPEG,train,2
data/raw/defungi/H3/H3_4c_2.jpg,H3,.jpg,500,500,RGB,JPEG,train,2
data/raw/defungi/H3/H3_4c_5.jpg,H3,.jpg,500,500,RGB,JPEG,train,2
data/raw/defungi/H3/H3_4c_7.jpg,H3,.jpg,500,500,RGB,JPEG,train,2
data/raw/defungi/H3/H3_4c_8.jpg,H3,.jpg,500,500,RGB,JPEG,train,2
data/raw/defungi/H3/H3_5a_1.jpg,H3,.jpg,500,500,RGB,JPEG,train,2
data/raw/defungi/H3/H3_5a_10.jpg,H3,.jpg,500,500,RGB,JPEG,train,2
data/raw/defungi/H3/H3_5a_11.jpg,H3,.jpg,500,500,RGB,JPEG,train,2
data/raw/defungi/H3/H3_5a_14.jpg,H3,.jpg,500,500,RGB,JPEG,train,2
data/raw/defungi/H3/H3_5a_15.jpg,H3,.jpg,500,500,RGB,JPEG,train,2
data/raw/defungi/H3/H3_5a_16.jpg,H3,.jpg,500,500,RGB,JPEG,train,2
data/raw/defungi/H3/H3_5a_17.jpg,H3,.jpg,500,500,RGB,JPEG,train,2
data/raw/defungi/H3/H3_5a_18.jpg,H3,.jpg,500,500,RGB,JPEG,train,2
data/raw/defungi/H3/H3_5a_19.jpg,H3,.jpg,500,500,RGB,JPEG,train,2
data/raw/defungi/H3/H3_5a_2.jpg,H3,.jpg,500,500,RGB,JPEG,train,2
data/raw/defungi/H3/H3_5a_20.jpg,H3,.jpg,500,500,RGB,JPEG,train,2
data/raw/defungi/H3/H3_5a_21.jpg,H3,.jpg,500,500,RGB,JPEG,train,2
data/raw/defungi/H3/H3_5a_23.jpg,H3,.jpg,500,500,RGB,JPEG,train,2
data/raw/defungi/H3/H3_5a_25.jpg,H3,.jpg,500,500,RGB,JPEG,train,2
data/raw/defungi/H3/H3_5a_26.jpg,H3,.jpg,500,500,RGB,JPEG,train,2
data/raw/defungi/H3/H3_5a_27.jpg,H3,.jpg,500,500,RGB,JPEG,train,2
data/raw/defungi/H3/H3_5a_28.jpg,H3,.jpg,500,500,RGB,JPEG,train,2
data/raw/defungi/H3/H3_5a_29.jpg,H3,.jpg,500,500,RGB,JPEG,train,2
data/raw/defungi/H3/H3_5a_3.jpg,H3,.jpg,500,500,RGB,JPEG,train,2
data/raw/defungi/H3/H3_5a_31.jpg,H3,.jpg,500,500,RGB,JPEG,train,2
data/raw/defungi/H3/H3_5a_32.jpg,H3,.jpg,500,500,RGB,JPEG,train,2
data/raw/defungi/H3/H3_5a_33.jpg,H3,.jpg,500,500,RGB,JPEG,train,2
data/raw/defungi/H3/H3_5a_35.jpg,H3,.jpg,500,500,RGB,JPEG,train,2
data/raw/defungi/H3/H3_5a_36.jpg,H3,.jpg,500,500,RGB,JPEG,train,2
data/raw/defungi/H3/H3_5a_37.jpg,H3,.jpg,500,500,RGB,JPEG,train,2
data/raw/defungi/H3/H3_5a_38.jpg,H3,.jpg,500,500,RGB,JPEG,train,2
data/raw/defungi/H3/H3_5a_39.jpg,H3,.jpg,500,500,RGB,JPEG,train,2
data/raw/defungi/H3/H3_5a_40.jpg,H3,.jpg,500,500,RGB,JPEG,train,2
data/raw/defungi/H3/H3_5a_41.jpg,H3,.jpg,500,500,RGB,JPEG,train,2
data/raw/defungi/H3/H3_5a_42.jpg,H3,.jpg,500,500,RGB,JPEG,train,2
data/raw/defungi/H3/H3_5a_43.jpg,H3,.jpg,500,500,RGB,JPEG,train,2
data/raw/defungi/H3/H3_5a_44.jpg,H3,.jpg,500,500,RGB,JPEG,train,2
data/raw/defungi/H3/H3_5a_45.jpg,H3,.jpg,500,500,RGB,JPEG,train,2
data/raw/defungi/H3/H3_5a_49.jpg,H3,.jpg,500,500,RGB,JPEG,train,2
data/raw/defungi/H3/H3_5a_5.jpg,H3,.jpg,500,500,RGB,JPEG,train,2
data/raw/defungi/H3/H3_5a_51.jpg,H3,.jpg,500,500,RGB,JPEG,train,2
data/raw/defungi/H3/H3_5a_52.jpg,H3,.jpg,500,500,RGB,JPEG,train,2
data/raw/defungi/H3/H3_5a_53.jpg,H3,.jpg,500,500,RGB,JPEG,train,2
data/raw/defungi/H3/H3_5a_54.jpg,H3,.jpg,500,500,RGB,JPEG,train,2
data/raw/defungi/H3/H3_5a_6.jpg,H3,.jpg,500,500,RGB,JPEG,train,2
data/raw/defungi/H3/H3_5a_7.jpg,H3,.jpg,500,500,RGB,JPEG,train,2
data/raw/defungi/H3/H3_5a_8.jpg,H3,.jpg,500,500,RGB,JPEG,train,2
data/raw/defungi/H3/H3_5a_9.jpg,H3,.jpg,500,500,RGB,JPEG,train,2
data/raw/defungi/H3/H3_5b_1.jpg,H3,.jpg,500,500,RGB,JPEG,train,2
data/raw/defungi/H3/H3_5b_2.jpg,H3,.jpg,500,500,RGB,JPEG,train,2
data/raw/defungi/H3/H3_5b_3.jpg,H3,.jpg,500,500,RGB,JPEG,train,2
data/raw/defungi/H3/H3_5b_4.jpg,H3,.jpg,500,500,RGB,JPEG,train,2
data/raw/defungi/H3/H3_5b_5.jpg,H3,.jpg,500,500,RGB,JPEG,train,2
data/raw/defungi/H3/H3_5b_6.jpg,H3,.jpg,500,500,RGB,JPEG,train,2
data/raw/defungi/H3/H3_5b_7.jpg,H3,.jpg,500,500,RGB,JPEG,train,2
data/raw/defungi/H3/H3_5b_8.jpg,H3,.jpg,500,500,RGB,JPEG,train,2
data/raw/defungi/H3/H3_5b_9.jpg,H3,.jpg,500,500,RGB,JPEG,train,2
data/raw/defungi/H3/H3_5c_1.jpg,H3,.jpg,500,500,RGB,JPEG,train,2
data/raw/defungi/H3/H3_5c_10.jpg,H3,.jpg,500,500,RGB,JPEG,train,2
data/raw/defungi/H3/H3_5c_11.jpg,H3,.jpg,500,500,RGB,JPEG,train,2
data/raw/defungi/H3/H3_5c_12.jpg,H3,.jpg,500,500,RGB,JPEG,train,2
data/raw/defungi/H3/H3_5c_2.jpg,H3,.jpg,500,500,RGB,JPEG,train,2
data/raw/defungi/H3/H3_5c_5.jpg,H3,.jpg,500,500,RGB,JPEG,train,2
data/raw/defungi/H3/H3_5c_6.jpg,H3,.jpg,500,500,RGB,JPEG,train,2
data/raw/defungi/H3/H3_5c_7.jpg,H3,.jpg,500,500,RGB,JPEG,train,2
data/raw/defungi/H3/H3_5c_8.jpg,H3,.jpg,500,500,RGB,JPEG,train,2
data/raw/defungi/H3/H3_5c_9.jpg,H3,.jpg,500,500,RGB,JPEG,train,2
data/raw/defungi/H3/H3_6a_1.jpg,H3,.jpg,500,500,RGB,JPEG,train,2
data/raw/defungi/H3/H3_6a_11.jpg,H3,.jpg,500,500,RGB,JPEG,train,2
data/raw/defungi/H3/H3_6a_15.jpg,H3,.jpg,500,500,RGB,JPEG,train,2
data/raw/defungi/H3/H3_6a_16.jpg,H3,.jpg,500,500,RGB,JPEG,train,2
data/raw/defungi/H3/H3_6a_17.jpg,H3,.jpg,500,500,RGB,JPEG,train,2
data/raw/defungi/H3/H3_6a_18.jpg,H3,.jpg,500,500,RGB,JPEG,train,2
data/raw/defungi/H3/H3_6a_19.jpg,H3,.jpg,500,500,RGB,JPEG,train,2
data/raw/defungi/H3/H3_6a_2.jpg,H3,.jpg,500,500,RGB,JPEG,train,2
data/raw/defungi/H3/H3_6a_21.jpg,H3,.jpg,500,500,RGB,JPEG,train,2
data/raw/defungi/H3/H3_6a_23.jpg,H3,.jpg,500,500,RGB,JPEG,train,2
data/raw/defungi/H3/H3_6a_24.jpg,H3,.jpg,500,500,RGB,JPEG,train,2
data/raw/defungi/H3/H3_6a_26.jpg,H3,.jpg,500,500,RGB,JPEG,train,2
data/raw/defungi/H3/H3_6a_27.jpg,H3,.jpg,500,500,RGB,JPEG,train,2
data/raw/defungi/H3/H3_6a_29.jpg,H3,.jpg,500,500,RGB,JPEG,train,2
data/raw/defungi/H3/H3_6a_3.jpg,H3,.jpg,500,500,RGB,JPEG,train,2
data/raw/defungi/H3/H3_6a_31.jpg,H3,.jpg,500,500,RGB,JPEG,train,2
data/raw/defungi/H3/H3_6a_32.jpg,H3,.jpg,500,500,RGB,JPEG,train,2
data/raw/defungi/H3/H3_6a_33.jpg,H3,.jpg,500,500,RGB,JPEG,train,2
data/raw/defungi/H3/H3_6a_35.jpg,H3,.jpg,500,500,RGB,JPEG,train,2
data/raw/defungi/H3/H3_6a_36.jpg,H3,.jpg,500,500,RGB,JPEG,train,2
data/raw/defungi/H3/H3_6a_37.jpg,H3,.jpg,500,500,RGB,JPEG,train,2
data/raw/defungi/H3/H3_6a_38.jpg,H3,.jpg,500,500,RGB,JPEG,train,2
data/raw/defungi/H3/H3_6a_4.jpg,H3,.jpg,500,500,RGB,JPEG,train,2
data/raw/defungi/H3/H3_6a_40.jpg,H3,.jpg,500,500,RGB,JPEG,train,2
data/raw/defungi/H3/H3_6a_41.jpg,H3,.jpg,500,500,RGB,JPEG,train,2
data/raw/defungi/H3/H3_6a_44.jpg,H3,.jpg,500,500,RGB,JPEG,train,2
data/raw/defungi/H3/H3_6a_45.jpg,H3,.jpg,500,500,RGB,JPEG,train,2
data/raw/defungi/H3/H3_6a_47.jpg,H3,.jpg,500,500,RGB,JPEG,train,2
data/raw/defungi/H3/H3_6a_48.jpg,H3,.jpg,500,500,RGB,JPEG,train,2
data/raw/defungi/H3/H3_6a_5.jpg,H3,.jpg,500,500,RGB,JPEG,train,2
data/raw/defungi/H3/H3_6a_50.jpg,H3,.jpg,500,500,RGB,JPEG,train,2
data/raw/defungi/H3/H3_6a_51.jpg,H3,.jpg,500,500,RGB,JPEG,train,2
data/raw/defungi/H3/H3_6a_52.jpg,H3,.jpg,500,500,RGB,JPEG,train,2
data/raw/defungi/H3/H3_6a_54.jpg,H3,.jpg,500,500,RGB,JPEG,train,2
data/raw/defungi/H3/H3_6a_55.jpg,H3,.jpg,500,500,RGB,JPEG,train,2
data/raw/defungi/H3/H3_6a_56.jpg,H3,.jpg,500,500,RGB,JPEG,train,2
data/raw/defungi/H3/H3_6a_57.jpg,H3,.jpg,500,500,RGB,JPEG,train,2
data/raw/defungi/H3/H3_6a_61.jpg,H3,.jpg,500,500,RGB,JPEG,train,2
data/raw/defungi/H3/H3_6a_62.jpg,H3,.jpg,500,500,RGB,JPEG,train,2
data/raw/defungi/H3/H3_6a_66.jpg,H3,.jpg,500,500,RGB,JPEG,train,2
data/raw/defungi/H3/H3_6a_8.jpg,H3,.jpg,500,500,RGB,JPEG,train,2
data/raw/defungi/H3/H3_6a_9.jpg,H3,.jpg,500,500,RGB,JPEG,train,2
data/raw/defungi/H3/H3_6b_1.jpg,H3,.jpg,500,500,RGB,JPEG,train,2
data/raw/defungi/H3/H3_6b_10.jpg,H3,.jpg,500,500,RGB,JPEG,train,2
data/raw/defungi/H3/H3_6b_13.jpg,H3,.jpg,500,500,RGB,JPEG,train,2
data/raw/defungi/H3/H3_6b_17.jpg,H3,.jpg,500,500,RGB,JPEG,train,2
data/raw/defungi/H3/H3_6b_2.jpg,H3,.jpg,500,500,RGB,JPEG,train,2
data/raw/defungi/H3/H3_6b_3.jpg,H3,.jpg,500,500,RGB,JPEG,train,2
data/raw/defungi/H3/H3_6b_4.jpg,H3,.jpg,500,500,RGB,JPEG,train,2
data/raw/defungi/H3/H3_6b_5.jpg,H3,.jpg,500,500,RGB,JPEG,train,2
data/raw/defungi/H3/H3_6b_6.jpg,H3,.jpg,500,500,RGB,JPEG,train,2
data/raw/defungi/H3/H3_6b_7.jpg,H3,.jpg,500,500,RGB,JPEG,train,2
data/raw/defungi/H3/H3_6b_8.jpg,H3,.jpg,500,500,RGB,JPEG,train,2
data/raw/defungi/H3/H3_6b_9.jpg,H3,.jpg,500,500,RGB,JPEG,train,2
data/raw/defungi/H3/H3_7a_1.jpg,H3,.jpg,500,500,RGB,JPEG,train,2
data/raw/defungi/H3/H3_7a_2.jpg,H3,.jpg,500,500,RGB,JPEG,train,2
data/raw/defungi/H3/H3_7a_4.jpg,H3,.jpg,500,500,RGB,JPEG,train,2
data/raw/defungi/H3/H3_7a_5.jpg,H3,.jpg,500,500,RGB,JPEG,train,2
data/raw/defungi/H3/H3_7a_6.jpg,H3,.jpg,500,500,RGB,JPEG,train,2
data/raw/defungi/H3/H3_7a_7.jpg,H3,.jpg,500,500,RGB,JPEG,train,2
data/raw/defungi/H3/H3_7a_8.jpg,H3,.jpg,500,500,RGB,JPEG,train,2
data/raw/defungi/H3/H3_8a_1.jpg,H3,.jpg,500,500,RGB,JPEG,train,2
data/raw/defungi/H3/H3_8a_4.jpg,H3,.jpg,500,500,RGB,JPEG,train,2
data/raw/defungi/H3/H3_8b_1.jpg,H3,.jpg,500,500,RGB,JPEG,train,2
data/raw/defungi/H3/H3_8b_2.jpg,H3,.jpg,500,500,RGB,JPEG,train,2
data/raw/defungi/H3/H3_8b_4.jpg,H3,.jpg,500,500,RGB,JPEG,train,2
data/raw/defungi/H3/H3_8b_5.jpg,H3,.jpg,500,500,RGB,JPEG,train,2
data/raw/defungi/H3/H3_8b_6.jpg,H3,.jpg,500,500,RGB,JPEG,train,2
data/raw/defungi/H3/H3_8b_7.jpg,H3,.jpg,500,500,RGB,JPEG,train,2
data/raw/defungi/H3/H3_8b_8.jpg,H3,.jpg,500,500,RGB,JPEG,train,2
data/raw/defungi/H3/H3_8b_9.jpg,H3,.jpg,500,500,RGB,JPEG,train,2
data/raw/defungi/H3/H3_9a_1.jpg,H3,.jpg,500,500,RGB,JPEG,train,2
data/raw/defungi/H3/H3_9a_10.jpg,H3,.jpg,500,500,RGB,JPEG,train,2
data/raw/defungi/H3/H3_9a_11.jpg,H3,.jpg,500,500,RGB,JPEG,train,2
data/raw/defungi/H3/H3_9a_12.jpg,H3,.jpg,500,500,RGB,JPEG,train,2
data/raw/defungi/H3/H3_9a_13.jpg,H3,.jpg,500,500,RGB,JPEG,train,2
data/raw/defungi/H3/H3_9a_15.jpg,H3,.jpg,500,500,RGB,JPEG,train,2
data/raw/defungi/H3/H3_9a_2.jpg,H3,.jpg,500,500,RGB,JPEG,train,2
data/raw/defungi/H3/H3_9a_5.jpg,H3,.jpg,500,500,RGB,JPEG,train,2
data/raw/defungi/H3/H3_9b_1.jpg,H3,.jpg,500,500,RGB,JPEG,train,2
data/raw/defungi/H3/H3_9b_2.jpg,H3,.jpg,500,500,RGB,JPEG,train,2
data/raw/defungi/H3/H3_9b_3.jpg,H3,.jpg,500,500,RGB,JPEG,train,2
data/raw/defungi/H3/H3_9b_5.jpg,H3,.jpg,500,500,RGB,JPEG,train,2
data/raw/defungi/H3/H3_9b_7.jpg,H3,.jpg,500,500,RGB,JPEG,train,2
data/raw/defungi/H3/H3_9b_8.jpg,H3,.jpg,500,500,RGB,JPEG,train,2
data/raw/defungi/H5/H5_101a_1.jpg,H5,.jpg,500,500,RGB,JPEG,train,3
data/raw/defungi/H5/H5_101a_2.jpg,H5,.jpg,500,500,RGB,JPEG,train,3
data/raw/defungi/H5/H5_101a_4.jpg,H5,.jpg,500,500,RGB,JPEG,train,3
data/raw/defungi/H5/H5_102a_1.jpg,H5,.jpg,500,500,RGB,JPEG,train,3
data/raw/defungi/H5/H5_102a_2.jpg,H5,.jpg,500,500,RGB,JPEG,train,3
data/raw/defungi/H5/H5_102a_3.jpg,H5,.jpg,500,500,RGB,JPEG,train,3
data/raw/defungi/H5/H5_102a_4.jpg,H5,.jpg,500,500,RGB,JPEG,train,3
data/raw/defungi/H5/H5_103a_1.jpg,H5,.jpg,500,500,RGB,JPEG,train,3
data/raw/defungi/H5/H5_103a_3.jpg,H5,.jpg,500,500,RGB,JPEG,train,3
data/raw/defungi/H5/H5_103a_4.jpg,H5,.jpg,500,500,RGB,JPEG,train,3
data/raw/defungi/H5/H5_104a_3.jpg,H5,.jpg,500,500,RGB,JPEG,train,3
data/raw/defungi/H5/H5_105a_1.jpg,H5,.jpg,500,500,RGB,JPEG,train,3
data/raw/defungi/H5/H5_105a_2.jpg,H5,.jpg,500,500,RGB,JPEG,train,3
data/raw/defungi/H5/H5_105a_3.jpg,H5,.jpg,500,500,RGB,JPEG,train,3
data/raw/defungi/H5/H5_105a_4.jpg,H5,.jpg,500,500,RGB,JPEG,train,3
data/raw/defungi/H5/H5_105a_6.jpg,H5,.jpg,500,500,RGB,JPEG,train,3
data/raw/defungi/H5/H5_105a_7.jpg,H5,.jpg,500,500,RGB,JPEG,train,3
data/raw/defungi/H5/H5_105a_8.jpg,H5,.jpg,500,500,RGB,JPEG,train,3
data/raw/defungi/H5/H5_105a_9.jpg,H5,.jpg,500,500,RGB,JPEG,train,3
data/raw/defungi/H5/H5_106a_2.jpg,H5,.jpg,500,500,RGB,JPEG,train,3
data/raw/defungi/H5/H5_106a_3.jpg,H5,.jpg,500,500,RGB,JPEG,train,3
data/raw/defungi/H5/H5_107a_1.jpg,H5,.jpg,500,500,RGB,JPEG,train,3
data/raw/defungi/H5/H5_107a_3.jpg,H5,.jpg,500,500,RGB,JPEG,train,3
data/raw/defungi/H5/H5_107a_4.jpg,H5,.jpg,500,500,RGB,JPEG,train,3
data/raw/defungi/H5/H5_108a_1.jpg,H5,.jpg,500,500,RGB,JPEG,train,3
data/raw/defungi/H5/H5_108a_2.jpg,H5,.jpg,500,500,RGB,JPEG,train,3
data/raw/defungi/H5/H5_108a_3.jpg,H5,.jpg,500,500,RGB,JPEG,train,3
data/raw/defungi/H5/H5_108a_4.jpg,H5,.jpg,500,500,RGB,JPEG,train,3
data/raw/defungi/H5/H5_108b_1.jpg,H5,.jpg,500,500,RGB,JPEG,train,3
data/raw/defungi/H5/H5_108b_4.jpg,H5,.jpg,500,500,RGB,JPEG,train,3
data/raw/defungi/H5/H5_108c_3.jpg,H5,.jpg,500,500,RGB,JPEG,train,3
data/raw/defungi/H5/H5_108c_4.jpg,H5,.jpg,500,500,RGB,JPEG,train,3
data/raw/defungi/H5/H5_109a_3.jpg,H5,.jpg,500,500,RGB,JPEG,train,3
data/raw/defungi/H5/H5_10a_1.jpg,H5,.jpg,500,500,RGB,JPEG,train,3
data/raw/defungi/H5/H5_10a_4.jpg,H5,.jpg,500,500,RGB,JPEG,train,3
data/raw/defungi/H5/H5_10b_1.jpg,H5,.jpg,500,500,RGB,JPEG,train,3
data/raw/defungi/H5/H5_10b_2.jpg,H5,.jpg,500,500,RGB,JPEG,train,3
data/raw/defungi/H5/H5_10b_3.jpg,H5,.jpg,500,500,RGB,JPEG,train,3
data/raw/defungi/H5/H5_110a_2.jpg,H5,.jpg,500,500,RGB,JPEG,train,3
data/raw/defungi/H5/H5_110a_3.jpg,H5,.jpg,500,500,RGB,JPEG,train,3
data/raw/defungi/H5/H5_110a_4.jpg,H5,.jpg,500,500,RGB,JPEG,train,3
data/raw/defungi/H5/H5_111a_1.jpg,H5,.jpg,500,500,RGB,JPEG,train,3
data/raw/defungi/H5/H5_111a_2.jpg,H5,.jpg,500,500,RGB,JPEG,train,3
data/raw/defungi/H5/H5_111a_4.jpg,H5,.jpg,500,500,RGB,JPEG,train,3
data/raw/defungi/H5/H5_111b_2.jpg,H5,.jpg,500,500,RGB,JPEG,train,3
data/raw/defungi/H5/H5_111b_3.jpg,H5,.jpg,500,500,RGB,JPEG,train,3
data/raw/defungi/H5/H5_111b_4.jpg,H5,.jpg,500,500,RGB,JPEG,train,3
data/raw/defungi/H5/H5_111c_2.jpg,H5,.jpg,500,500,RGB,JPEG,train,3
data/raw/defungi/H5/H5_111c_3.jpg,H5,.jpg,500,500,RGB,JPEG,train,3
data/raw/defungi/H5/H5_112a_1.jpg,H5,.jpg,500,500,RGB,JPEG,train,3
data/raw/defungi/H5/H5_112a_2.jpg,H5,.jpg,500,500,RGB,JPEG,train,3
data/raw/defungi/H5/H5_112a_4.jpg,H5,.jpg,500,500,RGB,JPEG,train,3
data/raw/defungi/H5/H5_112b_1.jpg,H5,.jpg,500,500,RGB,JPEG,train,3
data/raw/defungi/H5/H5_112b_2.jpg,H5,.jpg,500,500,RGB,JPEG,train,3
data/raw/defungi/H5/H5_112b_3.jpg,H5,.jpg,500,500,RGB,JPEG,train,3
data/raw/defungi/H5/H5_112b_4.jpg,H5,.jpg,500,500,RGB,JPEG,train,3
data/raw/defungi/H5/H5_113a_2.jpg,H5,.jpg,500,500,RGB,JPEG,train,3
data/raw/defungi/H5/H5_113a_5.jpg,H5,.jpg,500,500,RGB,JPEG,train,3
data/raw/defungi/H5/H5_114a_1.jpg,H5,.jpg,500,500,RGB,JPEG,train,3
data/raw/defungi/H5/H5_114a_2.jpg,H5,.jpg,500,500,RGB,JPEG,train,3
data/raw/defungi/H5/H5_115a_1.jpg,H5,.jpg,500,500,RGB,JPEG,train,3
data/raw/defungi/H5/H5_115a_2.jpg,H5,.jpg,500,500,RGB,JPEG,train,3
data/raw/defungi/H5/H5_115a_3.jpg,H5,.jpg,500,500,RGB,JPEG,train,3
data/raw/defungi/H5/H5_117a_1.jpg,H5,.jpg,500,500,RGB,JPEG,train,3
data/raw/defungi/H5/H5_117a_10.jpg,H5,.jpg,500,500,RGB,JPEG,train,3
data/raw/defungi/H5/H5_117a_11.jpg,H5,.jpg,500,500,RGB,JPEG,train,3
data/raw/defungi/H5/H5_117a_12.jpg,H5,.jpg,500,500,RGB,JPEG,train,3
data/raw/defungi/H5/H5_117a_3.jpg,H5,.jpg,500,500,RGB,JPEG,train,3
data/raw/defungi/H5/H5_117a_4.jpg,H5,.jpg,500,500,RGB,JPEG,train,3
data/raw/defungi/H5/H5_117a_5.jpg,H5,.jpg,500,500,RGB,JPEG,train,3
data/raw/defungi/H5/H5_117a_6.jpg,H5,.jpg,500,500,RGB,JPEG,train,3
data/raw/defungi/H5/H5_117a_8.jpg,H5,.jpg,500,500,RGB,JPEG,train,3
data/raw/defungi/H5/H5_117a_9.jpg,H5,.jpg,500,500,RGB,JPEG,train,3
data/raw/defungi/H5/H5_118a_1.jpg,H5,.jpg,500,500,RGB,JPEG,train,3
data/raw/defungi/H5/H5_118a_3.jpg,H5,.jpg,500,500,RGB,JPEG,train,3
data/raw/defungi/H5/H5_118a_4.jpg,H5,.jpg,500,500,RGB,JPEG,train,3
data/raw/defungi/H5/H5_118a_6.jpg,H5,.jpg,500,500,RGB,JPEG,train,3
data/raw/defungi/H5/H5_119a_11.jpg,H5,.jpg,500,500,RGB,JPEG,train,3
data/raw/defungi/H5/H5_119a_12.jpg,H5,.jpg,500,500,RGB,JPEG,train,3
data/raw/defungi/H5/H5_119a_3.jpg,H5,.jpg,500,500,RGB,JPEG,train,3
data/raw/defungi/H5/H5_119a_4.jpg,H5,.jpg,500,500,RGB,JPEG,train,3
data/raw/defungi/H5/H5_119a_6.jpg,H5,.jpg,500,500,RGB,JPEG,train,3
data/raw/defungi/H5/H5_119a_7.jpg,H5,.jpg,500,500,RGB,JPEG,train,3
data/raw/defungi/H5/H5_119a_9.jpg,H5,.jpg,500,500,RGB,JPEG,train,3
data/raw/defungi/H5/H5_11a_2.jpg,H5,.jpg,500,500,RGB,JPEG,train,3
data/raw/defungi/H5/H5_11a_3.jpg,H5,.jpg,500,500,RGB,JPEG,train,3
data/raw/defungi/H5/H5_11a_4.jpg,H5,.jpg,500,500,RGB,JPEG,train,3
data/raw/defungi/H5/H5_120a_1.jpg,H5,.jpg,500,500,RGB,JPEG,train,3
data/raw/defungi/H5/H5_120a_3.jpg,H5,.jpg,500,500,RGB,JPEG,train,3
data/raw/defungi/H5/H5_120a_4.jpg,H5,.jpg,500,500,RGB,JPEG,train,3
data/raw/defungi/H5/H5_120b_1.jpg,H5,.jpg,500,500,RGB,JPEG,train,3
data/raw/defungi/H5/H5_120b_2.jpg,H5,.jpg,500,500,RGB,JPEG,train,3
data/raw/defungi/H5/H5_120b_3.jpg,H5,.jpg,500,500,RGB,JPEG,train,3
data/raw/defungi/H5/H5_120b_4.jpg,H5,.jpg,500,500,RGB,JPEG,train,3
data/raw/defungi/H5/H5_121a_1.jpg,H5,.jpg,500,500,RGB,JPEG,train,3
data/raw/defungi/H5/H5_121a_2.jpg,H5,.jpg,500,500,RGB,JPEG,train,3
data/raw/defungi/H5/H5_121a_3.jpg,H5,.jpg,500,500,RGB,JPEG,train,3
data/raw/defungi/H5/H5_121a_4.jpg,H5,.jpg,500,500,RGB,JPEG,train,3
data/raw/defungi/H5/H5_121b_1.jpg,H5,.jpg,500,500,RGB,JPEG,train,3
data/raw/defungi/H5/H5_121b_2.jpg,H5,.jpg,500,500,RGB,JPEG,train,3
data/raw/defungi/H5/H5_121b_3.jpg,H5,.jpg,500,500,RGB,JPEG,train,3
data/raw/defungi/H5/H5_122a_1.jpg,H5,.jpg,500,500,RGB,JPEG,train,3
data/raw/defungi/H5/H5_122a_3.jpg,H5,.jpg,500,500,RGB,JPEG,train,3
data/raw/defungi/H5/H5_122a_4.jpg,H5,.jpg,500,500,RGB,JPEG,train,3
data/raw/defungi/H5/H5_122a_5.jpg,H5,.jpg,500,500,RGB,JPEG,train,3
data/raw/defungi/H5/H5_122a_6.jpg,H5,.jpg,500,500,RGB,JPEG,train,3
data/raw/defungi/H5/H5_122a_9.jpg,H5,.jpg,500,500,RGB,JPEG,train,3
data/raw/defungi/H5/H5_123a_1.jpg,H5,.jpg,500,500,RGB,JPEG,train,3
data/raw/defungi/H5/H5_123a_2.jpg,H5,.jpg,500,500,RGB,JPEG,train,3
data/raw/defungi/H5/H5_123a_4.jpg,H5,.jpg,500,500,RGB,JPEG,train,3
data/raw/defungi/H5/H5_124a_1.jpg,H5,.jpg,500,500,RGB,JPEG,train,3
data/raw/defungi/H5/H5_125a_1.jpg,H5,.jpg,500,500,RGB,JPEG,train,3
data/raw/defungi/H5/H5_125a_3.jpg,H5,.jpg,500,500,RGB,JPEG,train,3
data/raw/defungi/H5/H5_125a_4.jpg,H5,.jpg,500,500,RGB,JPEG,train,3
data/raw/defungi/H5/H5_126a_1.jpg,H5,.jpg,500,500,RGB,JPEG,train,3
data/raw/defungi/H5/H5_126a_2.jpg,H5,.jpg,500,500,RGB,JPEG,train,3
data/raw/defungi/H5/H5_126a_4.jpg,H5,.jpg,500,500,RGB,JPEG,train,3
data/raw/defungi/H5/H5_126b_3.jpg,H5,.jpg,500,500,RGB,JPEG,train,3
data/raw/defungi/H5/H5_126b_4.jpg,H5,.jpg,500,500,RGB,JPEG,train,3
data/raw/defungi/H5/H5_127a_1.jpg,H5,.jpg,500,500,RGB,JPEG,train,3
data/raw/defungi/H5/H5_127a_2.jpg,H5,.jpg,500,500,RGB,JPEG,train,3
data/raw/defungi/H5/H5_128a_3.jpg,H5,.jpg,500,500,RGB,JPEG,train,3
data/raw/defungi/H5/H5_128a_5.jpg,H5,.jpg,500,500,RGB,JPEG,train,3
data/raw/defungi/H5/H5_128a_6.jpg,H5,.jpg,500,500,RGB,JPEG,train,3
data/raw/defungi/H5/H5_129a_1.jpg,H5,.jpg,500,500,RGB,JPEG,train,3
data/raw/defungi/H5/H5_129a_2.jpg,H5,.jpg,500,500,RGB,JPEG,train,3
data/raw/defungi/H5/H5_129a_3.jpg,H5,.jpg,500,500,RGB,JPEG,train,3
data/raw/defungi/H5/H5_129a_4.jpg,H5,.jpg,500,500,RGB,JPEG,train,3
data/raw/defungi/H5/H5_129b_1.jpg,H5,.jpg,500,500,RGB,JPEG,train,3
data/raw/defungi/H5/H5_129b_2.jpg,H5,.jpg,500,500,RGB,JPEG,train,3
data/raw/defungi/H5/H5_129b_3.jpg,H5,.jpg,500,500,RGB,JPEG,train,3
data/raw/defungi/H5/H5_129b_4.jpg,H5,.jpg,500,500,RGB,JPEG,train,3
data/raw/defungi/H5/H5_129b_5.jpg,H5,.jpg,500,500,RGB,JPEG,train,3
data/raw/defungi/H5/H5_12a_2.jpg,H5,.jpg,500,500,RGB,JPEG,train,3
data/raw/defungi/H5/H5_12a_3.jpg,H5,.jpg,500,500,RGB,JPEG,train,3
data/raw/defungi/H5/H5_131a_1.jpg,H5,.jpg,500,500,RGB,JPEG,train,3
data/raw/defungi/H5/H5_131a_2.jpg,H5,.jpg,500,500,RGB,JPEG,train,3
data/raw/defungi/H5/H5_131a_3.jpg,H5,.jpg,500,500,RGB,JPEG,train,3
data/raw/defungi/H5/H5_131a_4.jpg,H5,.jpg,500,500,RGB,JPEG,train,3
data/raw/defungi/H5/H5_132a_2.jpg,H5,.jpg,500,500,RGB,JPEG,train,3
data/raw/defungi/H5/H5_132a_4.jpg,H5,.jpg,500,500,RGB,JPEG,train,3
data/raw/defungi/H5/H5_132a_5.jpg,H5,.jpg,500,500,RGB,JPEG,train,3
data/raw/defungi/H5/H5_132a_6.jpg,H5,.jpg,500,500,RGB,JPEG,train,3
data/raw/defungi/H5/H5_132a_8.jpg,H5,.jpg,500,500,RGB,JPEG,train,3
data/raw/defungi/H5/H5_132b_3.jpg,H5,.jpg,500,500,RGB,JPEG,train,3
data/raw/defungi/H5/H5_132b_6.jpg,H5,.jpg,500,500,RGB,JPEG,train,3
data/raw/defungi/H5/H5_132b_7.jpg,H5,.jpg,500,500,RGB,JPEG,train,3
data/raw/defungi/H5/H5_133a_1.jpg,H5,.jpg,500,500,RGB,JPEG,train,3
data/raw/defungi/H5/H5_133a_3.jpg,H5,.jpg,500,500,RGB,JPEG,train,3
data/raw/defungi/H5/H5_133a_4.jpg,H5,.jpg,500,500,RGB,JPEG,train,3
data/raw/defungi/H5/H5_133a_6.jpg,H5,.jpg,500,500,RGB,JPEG,train,3
data/raw/defungi/H5/H5_133a_7.jpg,H5,.jpg,500,500,RGB,JPEG,train,3
data/raw/defungi/H5/H5_133a_8.jpg,H5,.jpg,500,500,RGB,JPEG,train,3
data/raw/defungi/H5/H5_133a_9.jpg,H5,.jpg,500,500,RGB,JPEG,train,3
data/raw/defungi/H5/H5_135a_1.jpg,H5,.jpg,500,500,RGB,JPEG,train,3
data/raw/defungi/H5/H5_135a_4.jpg,H5,.jpg,500,500,RGB,JPEG,train,3
data/raw/defungi/H5/H5_136a_2.jpg,H5,.jpg,500,500,RGB,JPEG,train,3
data/raw/defungi/H5/H5_136a_3.jpg,H5,.jpg,500,500,RGB,JPEG,train,3
data/raw/defungi/H5/H5_136a_4.jpg,H5,.jpg,500,500,RGB,JPEG,train,3
data/raw/defungi/H5/H5_136a_5.jpg,H5,.jpg,500,500,RGB,JPEG,train,3
data/raw/defungi/H5/H5_136a_6.jpg,H5,.jpg,500,500,RGB,JPEG,train,3
data/raw/defungi/H5/H5_136a_7.jpg,H5,.jpg,500,500,RGB,JPEG,train,3
data/raw/defungi/H5/H5_136a_8.jpg,H5,.jpg,500,500,RGB,JPEG,train,3
data/raw/defungi/H5/H5_136a_9.jpg,H5,.jpg,500,500,RGB,JPEG,train,3
data/raw/defungi/H5/H5_137a_3.jpg,H5,.jpg,500,500,RGB,JPEG,train,3
data/raw/defungi/H5/H5_137a_4.jpg,H5,.jpg,500,500,RGB,JPEG,train,3
data/raw/defungi/H5/H5_137a_5.jpg,H5,.jpg,500,500,RGB,JPEG,train,3
data/raw/defungi/H5/H5_137a_6.jpg,H5,.jpg,500,500,RGB,JPEG,train,3
data/raw/defungi/H5/H5_138a_1.jpg,H5,.jpg,500,500,RGB,JPEG,train,3
data/raw/defungi/H5/H5_138a_3.jpg,H5,.jpg,500,500,RGB,JPEG,train,3
data/raw/defungi/H5/H5_139a_3.jpg,H5,.jpg,500,500,RGB,JPEG,train,3
data/raw/defungi/H5/H5_139a_5.jpg,H5,.jpg,500,500,RGB,JPEG,train,3
data/raw/defungi/H5/H5_139a_6.jpg,H5,.jpg,500,500,RGB,JPEG,train,3
data/raw/defungi/H5/H5_139a_8.jpg,H5,.jpg,500,500,RGB,JPEG,train,3
data/raw/defungi/H5/H5_139a_9.jpg,H5,.jpg,500,500,RGB,JPEG,train,3
data/raw/defungi/H5/H5_13a_1.jpg,H5,.jpg,500,500,RGB,JPEG,train,3
data/raw/defungi/H5/H5_13a_3.jpg,H5,.jpg,500,500,RGB,JPEG,train,3
data/raw/defungi/H5/H5_13a_4.jpg,H5,.jpg,500,500,RGB,JPEG,train,3
data/raw/defungi/H5/H5_140a_2.jpg,H5,.jpg,500,500,RGB,JPEG,train,3
data/raw/defungi/H5/H5_140a_3.jpg,H5,.jpg,500,500,RGB,JPEG,train,3
data/raw/defungi/H5/H5_140a_4.jpg,H5,.jpg,500,500,RGB,JPEG,train,3
data/raw/defungi/H5/H5_140a_5.jpg,H5,.jpg,500,500,RGB,JPEG,train,3
data/raw/defungi/H5/H5_140a_6.jpg,H5,.jpg,500,500,RGB,JPEG,train,3
data/raw/defungi/H5/H5_141a_1.jpg,H5,.jpg,500,500,RGB,JPEG,train,3
data/raw/defungi/H5/H5_141a_2.jpg,H5,.jpg,500,500,RGB,JPEG,train,3
data/raw/defungi/H5/H5_141a_3.jpg,H5,.jpg,500,500,RGB,JPEG,train,3
data/raw/defungi/H5/H5_141a_4.jpg,H5,.jpg,500,500,RGB,JPEG,train,3
data/raw/defungi/H5/H5_141a_6.jpg,H5,.jpg,500,500,RGB,JPEG,train,3
data/raw/defungi/H5/H5_142a_10.jpg,H5,.jpg,500,500,RGB,JPEG,train,3
data/raw/defungi/H5/H5_142a_11.jpg,H5,.jpg,500,500,RGB,JPEG,train,3
data/raw/defungi/H5/H5_142a_12.jpg,H5,.jpg,500,500,RGB,JPEG,train,3
data/raw/defungi/H5/H5_142a_13.jpg,H5,.jpg,500,500,RGB,JPEG,train,3
data/raw/defungi/H5/H5_142a_14.jpg,H5,.jpg,500,500,RGB,JPEG,train,3
data/raw/defungi/H5/H5_142a_2.jpg,H5,.jpg,500,500,RGB,JPEG,train,3
data/raw/defungi/H5/H5_142a_4.jpg,H5,.jpg,500,500,RGB,JPEG,train,3
data/raw/defungi/H5/H5_142a_5.jpg,H5,.jpg,500,500,RGB,JPEG,train,3
data/raw/defungi/H5/H5_142a_6.jpg,H5,.jpg,500,500,RGB,JPEG,train,3
data/raw/defungi/H5/H5_142a_7.jpg,H5,.jpg,500,500,RGB,JPEG,train,3
data/raw/defungi/H5/H5_142a_8.jpg,H5,.jpg,500,500,RGB,JPEG,train,3
data/raw/defungi/H5/H5_142a_9.jpg,H5,.jpg,500,500,RGB,JPEG,train,3
data/raw/defungi/H5/H5_143a_1.jpg,H5,.jpg,500,500,RGB,JPEG,train,3
data/raw/defungi/H5/H5_143a_10.jpg,H5,.jpg,500,500,RGB,JPEG,train,3
data/raw/defungi/H5/H5_143a_3.jpg,H5,.jpg,500,500,RGB,JPEG,train,3
data/raw/defungi/H5/H5_143a_4.jpg,H5,.jpg,500,500,RGB,JPEG,train,3
data/raw/defungi/H5/H5_143a_5.jpg,H5,.jpg,500,500,RGB,JPEG,train,3
data/raw/defungi/H5/H5_143a_6.jpg,H5,.jpg,500,500,RGB,JPEG,train,3
data/raw/defungi/H5/H5_143a_7.jpg,H5,.jpg,500,500,RGB,JPEG,train,3
data/raw/defungi/H5/H5_143a_8.jpg,H5,.jpg,500,500,RGB,JPEG,train,3
data/raw/defungi/H5/H5_143a_9.jpg,H5,.jpg,500,500,RGB,JPEG,train,3
data/raw/defungi/H5/H5_14a_1.jpg,H5,.jpg,500,500,RGB,JPEG,train,3
data/raw/defungi/H5/H5_14a_3.jpg,H5,.jpg,500,500,RGB,JPEG,train,3
data/raw/defungi/H5/H5_14a_4.jpg,H5,.jpg,500,500,RGB,JPEG,train,3
data/raw/defungi/H5/H5_15a_10.jpg,H5,.jpg,500,500,RGB,JPEG,train,3
data/raw/defungi/H5/H5_15a_11.jpg,H5,.jpg,500,500,RGB,JPEG,train,3
data/raw/defungi/H5/H5_15a_12.jpg,H5,.jpg,500,500,RGB,JPEG,train,3
data/raw/defungi/H5/H5_15a_2.jpg,H5,.jpg,500,500,RGB,JPEG,train,3
data/raw/defungi/H5/H5_15a_3.jpg,H5,.jpg,500,500,RGB,JPEG,train,3
data/raw/defungi/H5/H5_15a_4.jpg,H5,.jpg,500,500,RGB,JPEG,train,3
data/raw/defungi/H5/H5_15a_5.jpg,H5,.jpg,500,500,RGB,JPEG,train,3
data/raw/defungi/H5/H5_15a_6.jpg,H5,.jpg,500,500,RGB,JPEG,train,3
data/raw/defungi/H5/H5_15a_7.jpg,H5,.jpg,500,500,RGB,JPEG,train,3
data/raw/defungi/H5/H5_15a_8.jpg,H5,.jpg,500,500,RGB,JPEG,train,3
data/raw/defungi/H5/H5_15a_9.jpg,H5,.jpg,500,500,RGB,JPEG,train,3
data/raw/defungi/H5/H5_15b_2.jpg,H5,.jpg,500,500,RGB,JPEG,train,3
data/raw/defungi/H5/H5_15b_3.jpg,H5,.jpg,500,500,RGB,JPEG,train,3
data/raw/defungi/H5/H5_15b_4.jpg,H5,.jpg,500,500,RGB,JPEG,train,3
data/raw/defungi/H5/H5_15b_5.jpg,H5,.jpg,500,500,RGB,JPEG,train,3
data/raw/defungi/H5/H5_15b_6.jpg,H5,.jpg,500,500,RGB,JPEG,train,3
data/raw/defungi/H5/H5_16a_1.jpg,H5,.jpg,500,500,RGB,JPEG,train,3
data/raw/defungi/H5/H5_16a_2.jpg,H5,.jpg,500,500,RGB,JPEG,train,3
data/raw/defungi/H5/H5_16a_3.jpg,H5,.jpg,500,500,RGB,JPEG,train,3
data/raw/defungi/H5/H5_16a_6.jpg,H5,.jpg,500,500,RGB,JPEG,train,3
data/raw/defungi/H5/H5_16a_8.jpg,H5,.jpg,500,500,RGB,JPEG,train,3
data/raw/defungi/H5/H5_16a_9.jpg,H5,.jpg,500,500,RGB,JPEG,train,3
data/raw/defungi/H5/H5_17a_1.jpg,H5,.jpg,500,500,RGB,JPEG,train,3
data/raw/defungi/H5/H5_17a_3.jpg,H5,.jpg,500,500,RGB,JPEG,train,3
data/raw/defungi/H5/H5_17a_4.jpg,H5,.jpg,500,500,RGB,JPEG,train,3
data/raw/defungi/H5/H5_17a_5.jpg,H5,.jpg,500,500,RGB,JPEG,train,3
data/raw/defungi/H5/H5_17b_1.jpg,H5,.jpg,500,500,RGB,JPEG,train,3
data/raw/defungi/H5/H5_17b_6.jpg,H5,.jpg,500,500,RGB,JPEG,train,3
data/raw/defungi/H5/H5_18a_2.jpg,H5,.jpg,500,500,RGB,JPEG,train,3
data/raw/defungi/H5/H5_18a_3.jpg,H5,.jpg,500,500,RGB,JPEG,train,3
data/raw/defungi/H5/H5_18a_4.jpg,H5,.jpg,500,500,RGB,JPEG,train,3
data/raw/defungi/H5/H5_19a_1.jpg,H5,.jpg,500,500,RGB,JPEG,train,3
data/raw/defungi/H5/H5_19a_3.jpg,H5,.jpg,500,500,RGB,JPEG,train,3
data/raw/defungi/H5/H5_19a_4.jpg,H5,.jpg,500,500,RGB,JPEG,train,3
data/raw/defungi/H5/H5_19a_5.jpg,H5,.jpg,500,500,RGB,JPEG,train,3
data/raw/defungi/H5/H5_19a_6.jpg,H5,.jpg,500,500,RGB,JPEG,train,3
data/raw/defungi/H5/H5_1a_1.jpg,H5,.jpg,500,500,RGB,JPEG,train,3
data/raw/defungi/H5/H5_1a_2.jpg,H5,.jpg,500,500,RGB,JPEG,train,3
data/raw/defungi/H5/H5_1a_4.jpg,H5,.jpg,500,500,RGB,JPEG,train,3
data/raw/defungi/H5/H5_1b_2.jpg,H5,.jpg,500,500,RGB,JPEG,train,3
data/raw/defungi/H5/H5_1b_4.jpg,H5,.jpg,500,500,RGB,JPEG,train,3
data/raw/defungi/H5/H5_20a_6.jpg,H5,.jpg,500,500,RGB,JPEG,train,3
data/raw/defungi/H5/H5_20a_7.jpg,H5,.jpg,500,500,RGB,JPEG,train,3
data/raw/defungi/H5/H5_20a_8.jpg,H5,.jpg,500,500,RGB,JPEG,train,3
data/raw/defungi/H5/H5_20a_9.jpg,H5,.jpg,500,500,RGB,JPEG,train,3
data/raw/defungi/H5/H5_21a_1.jpg,H5,.jpg,500,500,RGB,JPEG,train,3
data/raw/defungi/H5/H5_21a_2.jpg,H5,.jpg,500,500,RGB,JPEG,train,3
data/raw/defungi/H5/H5_21a_3.jpg,H5,.jpg,500,500,RGB,JPEG,train,3
data/raw/defungi/H5/H5_21a_4.jpg,H5,.jpg,500,500,RGB,JPEG,train,3
data/raw/defungi/H5/H5_21a_5.jpg,H5,.jpg,500,500,RGB,JPEG,train,3
data/raw/defungi/H5/H5_21a_6.jpg,H5,.jpg,500,500,RGB,JPEG,train,3
data/raw/defungi/H5/H5_21a_7.jpg,H5,.jpg,500,500,RGB,JPEG,train,3
data/raw/defungi/H5/H5_21a_9.jpg,H5,.jpg,500,500,RGB,JPEG,train,3
data/raw/defungi/H5/H5_22a_2.jpg,H5,.jpg,500,500,RGB,JPEG,train,3
data/raw/defungi/H5/H5_22a_3.jpg,H5,.jpg,500,500,RGB,JPEG,train,3
data/raw/defungi/H5/H5_22a_4.jpg,H5,.jpg,500,500,RGB,JPEG,train,3
data/raw/defungi/H5/H5_22b_1.jpg,H5,.jpg,500,500,RGB,JPEG,train,3
data/raw/defungi/H5/H5_23a_1.jpg,H5,.jpg,500,500,RGB,JPEG,train,3
data/raw/defungi/H5/H5_23a_2.jpg,H5,.jpg,500,500,RGB,JPEG,train,3
data/raw/defungi/H5/H5_23a_3.jpg,H5,.jpg,500,500,RGB,JPEG,train,3
data/raw/defungi/H5/H5_23a_4.jpg,H5,.jpg,500,500,RGB,JPEG,train,3
data/raw/defungi/H5/H5_24a_1.jpg,H5,.jpg,500,500,RGB,JPEG,train,3
data/raw/defungi/H5/H5_24a_2.jpg,H5,.jpg,500,500,RGB,JPEG,train,3
data/raw/defungi/H5/H5_24a_3.jpg,H5,.jpg,500,500,RGB,JPEG,train,3
data/raw/defungi/H5/H5_24a_4.jpg,H5,.jpg,500,500,RGB,JPEG,train,3
data/raw/defungi/H5/H5_24a_5.jpg,H5,.jpg,500,500,RGB,JPEG,train,3
data/raw/defungi/H5/H5_24a_6.jpg,H5,.jpg,500,500,RGB,JPEG,train,3
data/raw/defungi/H5/H5_24a_8.jpg,H5,.jpg,500,500,RGB,JPEG,train,3
data/raw/defungi/H5/H5_24a_9.jpg,H5,.jpg,500,500,RGB,JPEG,train,3
data/raw/defungi/H5/H5_24b_1.jpg,H5,.jpg,500,500,RGB,JPEG,train,3
data/raw/defungi/H5/H5_24b_4.jpg,H5,.jpg,500,500,RGB,JPEG,train,3
data/raw/defungi/H5/H5_25a_1.jpg,H5,.jpg,500,500,RGB,JPEG,train,3
data/raw/defungi/H5/H5_25a_4.jpg,H5,.jpg,500,500,RGB,JPEG,train,3
data/raw/defungi/H5/H5_25b_1.jpg,H5,.jpg,500,500,RGB,JPEG,train,3
data/raw/defungi/H5/H5_25b_2.jpg,H5,.jpg,500,500,RGB,JPEG,train,3
data/raw/defungi/H5/H5_25b_3.jpg,H5,.jpg,500,500,RGB,JPEG,train,3
data/raw/defungi/H5/H5_26a_1.jpg,H5,.jpg,500,500,RGB,JPEG,train,3
data/raw/defungi/H5/H5_26a_2.jpg,H5,.jpg,500,500,RGB,JPEG,train,3
data/raw/defungi/H5/H5_26a_3.jpg,H5,.jpg,500,500,RGB,JPEG,train,3
data/raw/defungi/H5/H5_27a_2.jpg,H5,.jpg,500,500,RGB,JPEG,train,3
data/raw/defungi/H5/H5_27a_3.jpg,H5,.jpg,500,500,RGB,JPEG,train,3
data/raw/defungi/H5/H5_27a_4.jpg,H5,.jpg,500,500,RGB,JPEG,train,3
data/raw/defungi/H5/H5_27a_5.jpg,H5,.jpg,500,500,RGB,JPEG,train,3
data/raw/defungi/H5/H5_27a_6.jpg,H5,.jpg,500,500,RGB,JPEG,train,3
data/raw/defungi/H5/H5_29a_2.jpg,H5,.jpg,500,500,RGB,JPEG,train,3
data/raw/defungi/H5/H5_29a_3.jpg,H5,.jpg,500,500,RGB,JPEG,train,3
data/raw/defungi/H5/H5_29a_4.jpg,H5,.jpg,500,500,RGB,JPEG,train,3
data/raw/defungi/H5/H5_2a_1.jpg,H5,.jpg,500,500,RGB,JPEG,train,3
data/raw/defungi/H5/H5_2a_2.jpg,H5,.jpg,500,500,RGB,JPEG,train,3
data/raw/defungi/H5/H5_2b_1.jpg,H5,.jpg,500,500,RGB,JPEG,train,3
data/raw/defungi/H5/H5_2b_4.jpg,H5,.jpg,500,500,RGB,JPEG,train,3
data/raw/defungi/H5/H5_2c_2.jpg,H5,.jpg,500,500,RGB,JPEG,train,3
data/raw/defungi/H5/H5_2c_3.jpg,H5,.jpg,500,500,RGB,JPEG,train,3
data/raw/defungi/H5/H5_30a_2.jpg,H5,.jpg,500,500,RGB,JPEG,train,3
data/raw/defungi/H5/H5_30a_3.jpg,H5,.jpg,500,500,RGB,JPEG,train,3
data/raw/defungi/H5/H5_30a_4.jpg,H5,.jpg,500,500,RGB,JPEG,train,3
data/raw/defungi/H5/H5_33a_1.jpg,H5,.jpg,500,500,RGB,JPEG,train,3
data/raw/defungi/H5/H5_33a_3.jpg,H5,.jpg,500,500,RGB,JPEG,train,3
data/raw/defungi/H5/H5_33a_4.jpg,H5,.jpg,500,500,RGB,JPEG,train,3
data/raw/defungi/H5/H5_34a_2.jpg,H5,.jpg,500,500,RGB,JPEG,train,3
data/raw/defungi/H5/H5_34a_3.jpg,H5,.jpg,500,500,RGB,JPEG,train,3
data/raw/defungi/H5/H5_34a_4.jpg,H5,.jpg,500,500,RGB,JPEG,train,3
data/raw/defungi/H5/H5_35a_1.jpg,H5,.jpg,500,500,RGB,JPEG,train,3
data/raw/defungi/H5/H5_35a_2.jpg,H5,.jpg,500,500,RGB,JPEG,train,3
data/raw/defungi/H5/H5_35a_3.jpg,H5,.jpg,500,500,RGB,JPEG,train,3
data/raw/defungi/H5/H5_35a_4.jpg,H5,.jpg,500,500,RGB,JPEG,train,3
data/raw/defungi/H5/H5_35b_2.jpg,H5,.jpg,500,500,RGB,JPEG,train,3
data/raw/defungi/H5/H5_35b_3.jpg,H5,.jpg,500,500,RGB,JPEG,train,3
data/raw/defungi/H5/H5_35b_4.jpg,H5,.jpg,500,500,RGB,JPEG,train,3
data/raw/defungi/H5/H5_36a_1.jpg,H5,.jpg,500,500,RGB,JPEG,train,3
data/raw/defungi/H5/H5_36a_2.jpg,H5,.jpg,500,500,RGB,JPEG,train,3
data/raw/defungi/H5/H5_36a_3.jpg,H5,.jpg,500,500,RGB,JPEG,train,3
data/raw/defungi/H5/H5_37a_1.jpg,H5,.jpg,500,500,RGB,JPEG,train,3
data/raw/defungi/H5/H5_37a_2.jpg,H5,.jpg,500,500,RGB,JPEG,train,3
data/raw/defungi/H5/H5_37a_4.jpg,H5,.jpg,500,500,RGB,JPEG,train,3
data/raw/defungi/H5/H5_38a_1.jpg,H5,.jpg,500,500,RGB,JPEG,train,3
data/raw/defungi/H5/H5_38a_2.jpg,H5,.jpg,500,500,RGB,JPEG,train,3
data/raw/defungi/H5/H5_39a_1.jpg,H5,.jpg,500,500,RGB,JPEG,train,3
data/raw/defungi/H5/H5_39a_2.jpg,H5,.jpg,500,500,RGB,JPEG,train,3
data/raw/defungi/H5/H5_39a_3.jpg,H5,.jpg,500,500,RGB,JPEG,train,3
data/raw/defungi/H5/H5_39a_4.jpg,H5,.jpg,500,500,RGB,JPEG,train,3
data/raw/defungi/H5/H5_39b_1.jpg,H5,.jpg,500,500,RGB,JPEG,train,3
data/raw/defungi/H5/H5_39b_2.jpg,H5,.jpg,500,500,RGB,JPEG,train,3
data/raw/defungi/H5/H5_39b_4.jpg,H5,.jpg,500,500,RGB,JPEG,train,3
data/raw/defungi/H5/H5_3a_1.jpg,H5,.jpg,500,500,RGB,JPEG,train,3
data/raw/defungi/H5/H5_3a_2.jpg,H5,.jpg,500,500,RGB,JPEG,train,3
data/raw/defungi/H5/H5_3a_3.jpg,H5,.jpg,500,500,RGB,JPEG,train,3
data/raw/defungi/H5/H5_3a_4.jpg,H5,.jpg,500,500,RGB,JPEG,train,3
data/raw/defungi/H5/H5_3b_3.jpg,H5,.jpg,500,500,RGB,JPEG,train,3
data/raw/defungi/H5/H5_40a_1.jpg,H5,.jpg,500,500,RGB,JPEG,train,3
data/raw/defungi/H5/H5_40a_2.jpg,H5,.jpg,500,500,RGB,JPEG,train,3
data/raw/defungi/H5/H5_40a_4.jpg,H5,.jpg,500,500,RGB,JPEG,train,3
data/raw/defungi/H5/H5_41a_1.jpg,H5,.jpg,500,500,RGB,JPEG,train,3
data/raw/defungi/H5/H5_41a_2.jpg,H5,.jpg,500,500,RGB,JPEG,train,3
data/raw/defungi/H5/H5_41a_4.jpg,H5,.jpg,500,500,RGB,JPEG,train,3
data/raw/defungi/H5/H5_41b_1.jpg,H5,.jpg,500,500,RGB,JPEG,train,3
data/raw/defungi/H5/H5_41b_3.jpg,H5,.jpg,500,500,RGB,JPEG,train,3
data/raw/defungi/H5/H5_41b_4.jpg,H5,.jpg,500,500,RGB,JPEG,train,3
data/raw/defungi/H5/H5_42a_1.jpg,H5,.jpg,500,500,RGB,JPEG,train,3
data/raw/defungi/H5/H5_42a_3.jpg,H5,.jpg,500,500,RGB,JPEG,train,3
data/raw/defungi/H5/H5_42b_1.jpg,H5,.jpg,500,500,RGB,JPEG,train,3
data/raw/defungi/H5/H5_42b_2.jpg,H5,.jpg,500,500,RGB,JPEG,train,3
data/raw/defungi/H5/H5_42b_4.jpg,H5,.jpg,500,500,RGB,JPEG,train,3
data/raw/defungi/H5/H5_43a_1.jpg,H5,.jpg,500,500,RGB,JPEG,train,3
data/raw/defungi/H5/H5_43a_3.jpg,H5,.jpg,500,500,RGB,JPEG,train,3
data/raw/defungi/H5/H5_44a_1.jpg,H5,.jpg,500,500,RGB,JPEG,train,3
data/raw/defungi/H5/H5_44a_2.jpg,H5,.jpg,500,500,RGB,JPEG,train,3
data/raw/defungi/H5/H5_44a_3.jpg,H5,.jpg,500,500,RGB,JPEG,train,3
data/raw/defungi/H5/H5_44b_1.jpg,H5,.jpg,500,500,RGB,JPEG,train,3
data/raw/defungi/H5/H5_44b_3.jpg,H5,.jpg,500,500,RGB,JPEG,train,3
data/raw/defungi/H5/H5_44b_4.jpg,H5,.jpg,500,500,RGB,JPEG,train,3
data/raw/defungi/H5/H5_45a_1.jpg,H5,.jpg,500,500,RGB,JPEG,train,3
data/raw/defungi/H5/H5_45a_2.jpg,H5,.jpg,500,500,RGB,JPEG,train,3
data/raw/defungi/H5/H5_45a_3.jpg,H5,.jpg,500,500,RGB,JPEG,train,3
data/raw/defungi/H5/H5_45a_4.jpg,H5,.jpg,500,500,RGB,JPEG,train,3
data/raw/defungi/H5/H5_46a_4.jpg,H5,.jpg,500,500,RGB,JPEG,train,3
data/raw/defungi/H5/H5_46a_5.jpg,H5,.jpg,500,500,RGB,JPEG,train,3
data/raw/defungi/H5/H5_46a_6.jpg,H5,.jpg,500,500,RGB,JPEG,train,3
data/raw/defungi/H5/H5_47a_1.jpg,H5,.jpg,500,500,RGB,JPEG,train,3
data/raw/defungi/H5/H5_47a_2.jpg,H5,.jpg,500,500,RGB,JPEG,train,3
data/raw/defungi/H5/H5_47a_3.jpg,H5,.jpg,500,500,RGB,JPEG,train,3
data/raw/defungi/H5/H5_47b_1.jpg,H5,.jpg,500,500,RGB,JPEG,train,3
data/raw/defungi/H5/H5_47b_3.jpg,H5,.jpg,500,500,RGB,JPEG,train,3
data/raw/defungi/H5/H5_47b_4.jpg,H5,.jpg,500,500,RGB,JPEG,train,3
data/raw/defungi/H5/H5_48a_1.jpg,H5,.jpg,500,500,RGB,JPEG,train,3
data/raw/defungi/H5/H5_48a_3.jpg,H5,.jpg,500,500,RGB,JPEG,train,3
data/raw/defungi/H5/H5_49a_1.jpg,H5,.jpg,500,500,RGB,JPEG,train,3
data/raw/defungi/H5/H5_49a_2.jpg,H5,.jpg,500,500,RGB,JPEG,train,3
data/raw/defungi/H5/H5_49a_4.jpg,H5,.jpg,500,500,RGB,JPEG,train,3
data/raw/defungi/H5/H5_49a_5.jpg,H5,.jpg,500,500,RGB,JPEG,train,3
data/raw/defungi/H5/H5_4a_1.jpg,H5,.jpg,500,500,RGB,JPEG,train,3
data/raw/defungi/H5/H5_4a_4.jpg,H5,.jpg,500,500,RGB,JPEG,train,3
data/raw/defungi/H5/H5_4b_1.jpg,H5,.jpg,500,500,RGB,JPEG,train,3
data/raw/defungi/H5/H5_4b_2.jpg,H5,.jpg,500,500,RGB,JPEG,train,3
data/raw/defungi/H5/H5_4b_3.jpg,H5,.jpg,500,500,RGB,JPEG,train,3
data/raw/defungi/H5/H5_50a_1.jpg,H5,.jpg,500,500,RGB,JPEG,train,3
data/raw/defungi/H5/H5_50a_2.jpg,H5,.jpg,500,500,RGB,JPEG,train,3
data/raw/defungi/H5/H5_50a_3.jpg,H5,.jpg,500,500,RGB,JPEG,train,3
data/raw/defungi/H5/H5_50a_4.jpg,H5,.jpg,500,500,RGB,JPEG,train,3
data/raw/defungi/H5/H5_50b_1.jpg,H5,.jpg,500,500,RGB,JPEG,train,3
data/raw/defungi/H5/H5_50b_2.jpg,H5,.jpg,500,500,RGB,JPEG,train,3
data/raw/defungi/H5/H5_50b_3.jpg,H5,.jpg,500,500,RGB,JPEG,train,3
data/raw/defungi/H5/H5_50b_4.jpg,H5,.jpg,500,500,RGB,JPEG,train,3
data/raw/defungi/H5/H5_51a_1.jpg,H5,.jpg,500,500,RGB,JPEG,train,3
data/raw/defungi/H5/H5_51a_2.jpg,H5,.jpg,500,500,RGB,JPEG,train,3
data/raw/defungi/H5/H5_51a_4.jpg,H5,.jpg,500,500,RGB,JPEG,train,3
data/raw/defungi/H5/H5_53a_1.jpg,H5,.jpg,500,500,RGB,JPEG,train,3
data/raw/defungi/H5/H5_53a_3.jpg,H5,.jpg,500,500,RGB,JPEG,train,3
data/raw/defungi/H5/H5_54a_1.jpg,H5,.jpg,500,500,RGB,JPEG,train,3
data/raw/defungi/H5/H5_54a_2.jpg,H5,.jpg,500,500,RGB,JPEG,train,3
data/raw/defungi/H5/H5_54a_4.jpg,H5,.jpg,500,500,RGB,JPEG,train,3
data/raw/defungi/H5/H5_54b_1.jpg,H5,.jpg,500,500,RGB,JPEG,train,3
data/raw/defungi/H5/H5_54b_3.jpg,H5,.jpg,500,500,RGB,JPEG,train,3
data/raw/defungi/H5/H5_55a_1.jpg,H5,.jpg,500,500,RGB,JPEG,train,3
data/raw/defungi/H5/H5_55a_4.jpg,H5,.jpg,500,500,RGB,JPEG,train,3
data/raw/defungi/H5/H5_56a_1.jpg,H5,.jpg,500,500,RGB,JPEG,train,3
data/raw/defungi/H5/H5_56a_2.jpg,H5,.jpg,500,500,RGB,JPEG,train,3
data/raw/defungi/H5/H5_56a_4.jpg,H5,.jpg,500,500,RGB,JPEG,train,3
data/raw/defungi/H5/H5_57a_1.jpg,H5,.jpg,500,500,RGB,JPEG,train,3
data/raw/defungi/H5/H5_57a_2.jpg,H5,.jpg,500,500,RGB,JPEG,train,3
data/raw/defungi/H5/H5_57a_3.jpg,H5,.jpg,500,500,RGB,JPEG,train,3
data/raw/defungi/H5/H5_57b_1.jpg,H5,.jpg,500,500,RGB,JPEG,train,3
data/raw/defungi/H5/H5_57b_3.jpg,H5,.jpg,500,500,RGB,JPEG,train,3
data/raw/defungi/H5/H5_57b_4.jpg,H5,.jpg,500,500,RGB,JPEG,train,3
data/raw/defungi/H5/H5_57c_1.jpg,H5,.jpg,500,500,RGB,JPEG,train,3
data/raw/defungi/H5/H5_57c_2.jpg,H5,.jpg,500,500,RGB,JPEG,train,3
data/raw/defungi/H5/H5_57c_3.jpg,H5,.jpg,500,500,RGB,JPEG,train,3
data/raw/defungi/H5/H5_58a_3.jpg,H5,.jpg,500,500,RGB,JPEG,train,3
data/raw/defungi/H5/H5_58a_4.jpg,H5,.jpg,500,500,RGB,JPEG,train,3
data/raw/defungi/H5/H5_5a_1.jpg,H5,.jpg,500,500,RGB,JPEG,train,3
data/raw/defungi/H5/H5_5a_3.jpg,H5,.jpg,500,500,RGB,JPEG,train,3
data/raw/defungi/H5/H5_5a_4.jpg,H5,.jpg,500,500,RGB,JPEG,train,3
data/raw/defungi/H5/H5_61a_1.jpg,H5,.jpg,500,500,RGB,JPEG,train,3
data/raw/defungi/H5/H5_61a_2.jpg,H5,.jpg,500,500,RGB,JPEG,train,3
data/raw/defungi/H5/H5_61a_3.jpg,H5,.jpg,500,500,RGB,JPEG,train,3
data/raw/defungi/H5/H5_61a_4.jpg,H5,.jpg,500,500,RGB,JPEG,train,3
data/raw/defungi/H5/H5_61a_5.jpg,H5,.jpg,500,500,RGB,JPEG,train,3
data/raw/defungi/H5/H5_61a_6.jpg,H5,.jpg,500,500,RGB,JPEG,train,3
data/raw/defungi/H5/H5_61a_7.jpg,H5,.jpg,500,500,RGB,JPEG,train,3
data/raw/defungi/H5/H5_61a_8.jpg,H5,.jpg,500,500,RGB,JPEG,train,3
data/raw/defungi/H5/H5_63a_1.jpg,H5,.jpg,500,500,RGB,JPEG,train,3
data/raw/defungi/H5/H5_63a_2.jpg,H5,.jpg,500,500,RGB,JPEG,train,3
data/raw/defungi/H5/H5_63a_3.jpg,H5,.jpg,500,500,RGB,JPEG,train,3
data/raw/defungi/H5/H5_63a_4.jpg,H5,.jpg,500,500,RGB,JPEG,train,3
data/raw/defungi/H5/H5_63b_1.jpg,H5,.jpg,500,500,RGB,JPEG,train,3
data/raw/defungi/H5/H5_63b_2.jpg,H5,.jpg,500,500,RGB,JPEG,train,3
data/raw/defungi/H5/H5_63b_4.jpg,H5,.jpg,500,500,RGB,JPEG,train,3
data/raw/defungi/H5/H5_64a_2.jpg,H5,.jpg,500,500,RGB,JPEG,train,3
data/raw/defungi/H5/H5_64a_4.jpg,H5,.jpg,500,500,RGB,JPEG,train,3
data/raw/defungi/H5/H5_67a_1.jpg,H5,.jpg,500,500,RGB,JPEG,train,3
data/raw/defungi/H5/H5_67a_3.jpg,H5,.jpg,500,500,RGB,JPEG,train,3
data/raw/defungi/H5/H5_67b_1.jpg,H5,.jpg,500,500,RGB,JPEG,train,3
data/raw/defungi/H5/H5_67b_2.jpg,H5,.jpg,500,500,RGB,JPEG,train,3
data/raw/defungi/H5/H5_67b_3.jpg,H5,.jpg,500,500,RGB,JPEG,train,3
data/raw/defungi/H5/H5_67b_4.jpg,H5,.jpg,500,500,RGB,JPEG,train,3
data/raw/defungi/H5/H5_68a_2.jpg,H5,.jpg,500,500,RGB,JPEG,train,3
data/raw/defungi/H5/H5_68a_3.jpg,H5,.jpg,500,500,RGB,JPEG,train,3
data/raw/defungi/H5/H5_68b_1.jpg,H5,.jpg,500,500,RGB,JPEG,train,3
data/raw/defungi/H5/H5_68b_2.jpg,H5,.jpg,500,500,RGB,JPEG,train,3
data/raw/defungi/H5/H5_68b_4.jpg,H5,.jpg,500,500,RGB,JPEG,train,3
data/raw/defungi/H5/H5_69a_1.jpg,H5,.jpg,500,500,RGB,JPEG,train,3
data/raw/defungi/H5/H5_69a_2.jpg,H5,.jpg,500,500,RGB,JPEG,train,3
data/raw/defungi/H5/H5_69a_4.jpg,H5,.jpg,500,500,RGB,JPEG,train,3
data/raw/defungi/H5/H5_6a_1.jpg,H5,.jpg,500,500,RGB,JPEG,train,3
data/raw/defungi/H5/H5_6a_11.jpg,H5,.jpg,500,500,RGB,JPEG,train,3
data/raw/defungi/H5/H5_6a_12.jpg,H5,.jpg,500,500,RGB,JPEG,train,3
data/raw/defungi/H5/H5_6a_3.jpg,H5,.jpg,500,500,RGB,JPEG,train,3
data/raw/defungi/H5/H5_6a_4.jpg,H5,.jpg,500,500,RGB,JPEG,train,3
data/raw/defungi/H5/H5_6a_5.jpg,H5,.jpg,500,500,RGB,JPEG,train,3
data/raw/defungi/H5/H5_6a_8.jpg,H5,.jpg,500,500,RGB,JPEG,train,3
data/raw/defungi/H5/H5_6a_9.jpg,H5,.jpg,500,500,RGB,JPEG,train,3
data/raw/defungi/H5/H5_70a_2.jpg,H5,.jpg,500,500,RGB,JPEG,train,3
data/raw/defungi/H5/H5_70a_3.jpg,H5,.jpg,500,500,RGB,JPEG,train,3
data/raw/defungi/H5/H5_70a_4.jpg,H5,.jpg,500,500,RGB,JPEG,train,3
data/raw/defungi/H5/H5_70b_2.jpg,H5,.jpg,500,500,RGB,JPEG,train,3
data/raw/defungi/H5/H5_70b_4.jpg,H5,.jpg,500,500,RGB,JPEG,train,3
data/raw/defungi/H5/H5_71a_1.jpg,H5,.jpg,500,500,RGB,JPEG,train,3
data/raw/defungi/H5/H5_71a_2.jpg,H5,.jpg,500,500,RGB,JPEG,train,3
data/raw/defungi/H5/H5_72a_1.jpg,H5,.jpg,500,500,RGB,JPEG,train,3
data/raw/defungi/H5/H5_72a_2.jpg,H5,.jpg,500,500,RGB,JPEG,train,3
data/raw/defungi/H5/H5_72a_3.jpg,H5,.jpg,500,500,RGB,JPEG,train,3
data/raw/defungi/H5/H5_72a_4.jpg,H5,.jpg,500,500,RGB,JPEG,train,3
data/raw/defungi/H5/H5_74a_1.jpg,H5,.jpg,500,500,RGB,JPEG,train,3
data/raw/defungi/H5/H5_74a_3.jpg,H5,.jpg,500,500,RGB,JPEG,train,3
data/raw/defungi/H5/H5_74a_4.jpg,H5,.jpg,500,500,RGB,JPEG,train,3
data/raw/defungi/H5/H5_74b_1.jpg,H5,.jpg,500,500,RGB,JPEG,train,3
data/raw/defungi/H5/H5_74b_2.jpg,H5,.jpg,500,500,RGB,JPEG,train,3
data/raw/defungi/H5/H5_74b_4.jpg,H5,.jpg,500,500,RGB,JPEG,train,3
data/raw/defungi/H5/H5_75a_1.jpg,H5,.jpg,500,500,RGB,JPEG,train,3
data/raw/defungi/H5/H5_75a_2.jpg,H5,.jpg,500,500,RGB,JPEG,train,3
data/raw/defungi/H5/H5_75a_3.jpg,H5,.jpg,500,500,RGB,JPEG,train,3
data/raw/defungi/H5/H5_75a_4.jpg,H5,.jpg,500,500,RGB,JPEG,train,3
data/raw/defungi/H5/H5_75a_5.jpg,H5,.jpg,500,500,RGB,JPEG,train,3
data/raw/defungi/H5/H5_75a_6.jpg,H5,.jpg,500,500,RGB,JPEG,train,3
data/raw/defungi/H5/H5_77a_1.jpg,H5,.jpg,500,500,RGB,JPEG,train,3
data/raw/defungi/H5/H5_77a_2.jpg,H5,.jpg,500,500,RGB,JPEG,train,3
data/raw/defungi/H5/H5_77a_3.jpg,H5,.jpg,500,500,RGB,JPEG,train,3
data/raw/defungi/H5/H5_77a_4.jpg,H5,.jpg,500,500,RGB,JPEG,train,3
data/raw/defungi/H5/H5_77b_1.jpg,H5,.jpg,500,500,RGB,JPEG,train,3
data/raw/defungi/H5/H5_77b_3.jpg,H5,.jpg,500,500,RGB,JPEG,train,3
data/raw/defungi/H5/H5_77b_4.jpg,H5,.jpg,500,500,RGB,JPEG,train,3
data/raw/defungi/H5/H5_78a_1.jpg,H5,.jpg,500,500,RGB,JPEG,train,3
data/raw/defungi/H5/H5_78a_2.jpg,H5,.jpg,500,500,RGB,JPEG,train,3
data/raw/defungi/H5/H5_79a_2.jpg,H5,.jpg,500,500,RGB,JPEG,train,3
data/raw/defungi/H5/H5_79a_3.jpg,H5,.jpg,500,500,RGB,JPEG,train,3
data/raw/defungi/H5/H5_79a_4.jpg,H5,.jpg,500,500,RGB,JPEG,train,3
data/raw/defungi/H5/H5_7a_1.jpg,H5,.jpg,500,500,RGB,JPEG,train,3
data/raw/defungi/H5/H5_7a_2.jpg,H5,.jpg,500,500,RGB,JPEG,train,3
data/raw/defungi/H5/H5_7a_3.jpg,H5,.jpg,500,500,RGB,JPEG,train,3
data/raw/defungi/H5/H5_7a_4.jpg,H5,.jpg,500,500,RGB,JPEG,train,3
data/raw/defungi/H5/H5_7a_5.jpg,H5,.jpg,500,500,RGB,JPEG,train,3
data/raw/defungi/H5/H5_7a_6.jpg,H5,.jpg,500,500,RGB,JPEG,train,3
data/raw/defungi/H5/H5_80a_1.jpg,H5,.jpg,500,500,RGB,JPEG,train,3
data/raw/defungi/H5/H5_80a_2.jpg,H5,.jpg,500,500,RGB,JPEG,train,3
data/raw/defungi/H5/H5_80a_3.jpg,H5,.jpg,500,500,RGB,JPEG,train,3
data/raw/defungi/H5/H5_81a_1.jpg,H5,.jpg,500,500,RGB,JPEG,train,3
data/raw/defungi/H5/H5_81a_3.jpg,H5,.jpg,500,500,RGB,JPEG,train,3
data/raw/defungi/H5/H5_82a_1.jpg,H5,.jpg,500,500,RGB,JPEG,train,3
data/raw/defungi/H5/H5_82a_2.jpg,H5,.jpg,500,500,RGB,JPEG,train,3
data/raw/defungi/H5/H5_82a_3.jpg,H5,.jpg,500,500,RGB,JPEG,train,3
data/raw/defungi/H5/H5_82a_4.jpg,H5,.jpg,500,500,RGB,JPEG,train,3
data/raw/defungi/H5/H5_83a_1.jpg,H5,.jpg,500,500,RGB,JPEG,train,3
data/raw/defungi/H5/H5_83a_2.jpg,H5,.jpg,500,500,RGB,JPEG,train,3
data/raw/defungi/H5/H5_83a_3.jpg,H5,.jpg,500,500,RGB,JPEG,train,3
data/raw/defungi/H5/H5_85a_2.jpg,H5,.jpg,500,500,RGB,JPEG,train,3
data/raw/defungi/H5/H5_85a_3.jpg,H5,.jpg,500,500,RGB,JPEG,train,3
data/raw/defungi/H5/H5_85a_4.jpg,H5,.jpg,500,500,RGB,JPEG,train,3
data/raw/defungi/H5/H5_86a_1.jpg,H5,.jpg,500,500,RGB,JPEG,train,3
data/raw/defungi/H5/H5_86a_2.jpg,H5,.jpg,500,500,RGB,JPEG,train,3
data/raw/defungi/H5/H5_86a_3.jpg,H5,.jpg,500,500,RGB,JPEG,train,3
data/raw/defungi/H5/H5_86a_4.jpg,H5,.jpg,500,500,RGB,JPEG,train,3
data/raw/defungi/H5/H5_87a_2.jpg,H5,.jpg,500,500,RGB,JPEG,train,3
data/raw/defungi/H5/H5_88a_1.jpg,H5,.jpg,500,500,RGB,JPEG,train,3
data/raw/defungi/H5/H5_88a_2.jpg,H5,.jpg,500,500,RGB,JPEG,train,3
data/raw/defungi/H5/H5_88a_3.jpg,H5,.jpg,500,500,RGB,JPEG,train,3
data/raw/defungi/H5/H5_88b_2.jpg,H5,.jpg,500,500,RGB,JPEG,train,3
data/raw/defungi/H5/H5_88b_3.jpg,H5,.jpg,500,500,RGB,JPEG,train,3
data/raw/defungi/H5/H5_88b_4.jpg,H5,.jpg,500,500,RGB,JPEG,train,3
data/raw/defungi/H5/H5_89a_1.jpg,H5,.jpg,500,500,RGB,JPEG,train,3
data/raw/defungi/H5/H5_89a_2.jpg,H5,.jpg,500,500,RGB,JPEG,train,3
data/raw/defungi/H5/H5_89a_3.jpg,H5,.jpg,500,500,RGB,JPEG,train,3
data/raw/defungi/H5/H5_89a_4.jpg,H5,.jpg,500,500,RGB,JPEG,train,3
data/raw/defungi/H5/H5_8a_2.jpg,H5,.jpg,500,500,RGB,JPEG,train,3
data/raw/defungi/H5/H5_8a_3.jpg,H5,.jpg,500,500,RGB,JPEG,train,3
data/raw/defungi/H5/H5_90a_1.jpg,H5,.jpg,500,500,RGB,JPEG,train,3
data/raw/defungi/H5/H5_90a_2.jpg,H5,.jpg,500,500,RGB,JPEG,train,3
data/raw/defungi/H5/H5_90a_3.jpg,H5,.jpg,500,500,RGB,JPEG,train,3
data/raw/defungi/H5/H5_90a_4.jpg,H5,.jpg,500,500,RGB,JPEG,train,3
data/raw/defungi/H5/H5_91a_4.jpg,H5,.jpg,500,500,RGB,JPEG,train,3
data/raw/defungi/H5/H5_92a_1.jpg,H5,.jpg,500,500,RGB,JPEG,train,3
data/raw/defungi/H5/H5_92a_2.jpg,H5,.jpg,500,500,RGB,JPEG,train,3
data/raw/defungi/H5/H5_92a_3.jpg,H5,.jpg,500,500,RGB,JPEG,train,3
data/raw/defungi/H5/H5_92a_4.jpg,H5,.jpg,500,500,RGB,JPEG,train,3
data/raw/defungi/H5/H5_93a_1.jpg,H5,.jpg,500,500,RGB,JPEG,train,3
data/raw/defungi/H5/H5_93a_2.jpg,H5,.jpg,500,500,RGB,JPEG,train,3
data/raw/defungi/H5/H5_93a_3.jpg,H5,.jpg,500,500,RGB,JPEG,train,3
data/raw/defungi/H5/H5_93a_4.jpg,H5,.jpg,500,500,RGB,JPEG,train,3
data/raw/defungi/H5/H5_93a_6.jpg,H5,.jpg,500,500,RGB,JPEG,train,3
data/raw/defungi/H5/H5_95a_1.jpg,H5,.jpg,500,500,RGB,JPEG,train,3
data/raw/defungi/H5/H5_95a_3.jpg,H5,.jpg,500,500,RGB,JPEG,train,3
data/raw/defungi/H5/H5_95a_4.jpg,H5,.jpg,500,500,RGB,JPEG,train,3
data/raw/defungi/H5/H5_95b_1.jpg,H5,.jpg,500,500,RGB,JPEG,train,3
data/raw/defungi/H5/H5_95b_2.jpg,H5,.jpg,500,500,RGB,JPEG,train,3
data/raw/defungi/H5/H5_95b_3.jpg,H5,.jpg,500,500,RGB,JPEG,train,3
data/raw/defungi/H5/H5_95b_4.jpg,H5,.jpg,500,500,RGB,JPEG,train,3
data/raw/defungi/H5/H5_95c_1.jpg,H5,.jpg,500,500,RGB,JPEG,train,3
data/raw/defungi/H5/H5_95c_2.jpg,H5,.jpg,500,500,RGB,JPEG,train,3
data/raw/defungi/H5/H5_95c_4.jpg,H5,.jpg,500,500,RGB,JPEG,train,3
data/raw/defungi/H5/H5_96a_2.jpg,H5,.jpg,500,500,RGB,JPEG,train,3
data/raw/defungi/H5/H5_96a_3.jpg,H5,.jpg,500,500,RGB,JPEG,train,3
data/raw/defungi/H5/H5_98a_3.jpg,H5,.jpg,500,500,RGB,JPEG,train,3
data/raw/defungi/H5/H5_98a_4.jpg,H5,.jpg,500,500,RGB,JPEG,train,3
data/raw/defungi/H5/H5_98a_5.jpg,H5,.jpg,500,500,RGB,JPEG,train,3
data/raw/defungi/H5/H5_98a_6.jpg,H5,.jpg,500,500,RGB,JPEG,train,3
data/raw/defungi/H5/H5_99a_1.jpg,H5,.jpg,500,500,RGB,JPEG,train,3
data/raw/defungi/H5/H5_99a_2.jpg,H5,.jpg,500,500,RGB,JPEG,train,3
data/raw/defungi/H5/H5_99a_3.jpg,H5,.jpg,500,500,RGB,JPEG,train,3
data/raw/defungi/H5/H5_99a_4.jpg,H5,.jpg,500,500,RGB,JPEG,train,3
data/raw/defungi/H5/H5_9a_1.jpg,H5,.jpg,500,500,RGB,JPEG,train,3
data/raw/defungi/H5/H5_9a_3.jpg,H5,.jpg,500,500,RGB,JPEG,train,3
data/raw/defungi/H5/H5_9a_4.jpg,H5,.jpg,500,500,RGB,JPEG,train,3
data/raw/defungi/H6/H6_10a_1.jpg,H6,.jpg,500,500,RGB,JPEG,train,4
data/raw/defungi/H6/H6_10a_2.jpg,H6,.jpg,500,500,RGB,JPEG,train,4
data/raw/defungi/H6/H6_10a_3.jpg,H6,.jpg,500,500,RGB,JPEG,train,4
data/raw/defungi/H6/H6_10a_4.jpg,H6,.jpg,500,500,RGB,JPEG,train,4
data/raw/defungi/H6/H6_11a_1.jpg,H6,.jpg,500,500,RGB,JPEG,train,4
data/raw/defungi/H6/H6_11a_2.jpg,H6,.jpg,500,500,RGB,JPEG,train,4
data/raw/defungi/H6/H6_11a_4.jpg,H6,.jpg,500,500,RGB,JPEG,train,4
data/raw/defungi/H6/H6_11a_5.jpg,H6,.jpg,500,500,RGB,JPEG,train,4
data/raw/defungi/H6/H6_11a_6.jpg,H6,.jpg,500,500,RGB,JPEG,train,4
data/raw/defungi/H6/H6_12a_1.jpg,H6,.jpg,500,500,RGB,JPEG,train,4
data/raw/defungi/H6/H6_12a_3.jpg,H6,.jpg,500,500,RGB,JPEG,train,4
data/raw/defungi/H6/H6_12a_4.jpg,H6,.jpg,500,500,RGB,JPEG,train,4
data/raw/defungi/H6/H6_13a_4.jpg,H6,.jpg,500,500,RGB,JPEG,train,4
data/raw/defungi/H6/H6_13a_5.jpg,H6,.jpg,500,500,RGB,JPEG,train,4
data/raw/defungi/H6/H6_13a_6.jpg,H6,.jpg,500,500,RGB,JPEG,train,4
data/raw/defungi/H6/H6_14a_2.jpg,H6,.jpg,500,500,RGB,JPEG,train,4
data/raw/defungi/H6/H6_14a_3.jpg,H6,.jpg,500,500,RGB,JPEG,train,4
data/raw/defungi/H6/H6_15a_1.jpg,H6,.jpg,500,500,RGB,JPEG,train,4
data/raw/defungi/H6/H6_15a_2.jpg,H6,.jpg,500,500,RGB,JPEG,train,4
data/raw/defungi/H6/H6_15a_3.jpg,H6,.jpg,500,500,RGB,JPEG,train,4
data/raw/defungi/H6/H6_15a_4.jpg,H6,.jpg,500,500,RGB,JPEG,train,4
data/raw/defungi/H6/H6_16a_1.jpg,H6,.jpg,500,500,RGB,JPEG,train,4
data/raw/defungi/H6/H6_16a_2.jpg,H6,.jpg,500,500,RGB,JPEG,train,4
data/raw/defungi/H6/H6_16a_3.jpg,H6,.jpg,500,500,RGB,JPEG,train,4
data/raw/defungi/H6/H6_16a_4.jpg,H6,.jpg,500,500,RGB,JPEG,train,4
data/raw/defungi/H6/H6_16a_5.jpg,H6,.jpg,500,500,RGB,JPEG,train,4
data/raw/defungi/H6/H6_16a_6.jpg,H6,.jpg,500,500,RGB,JPEG,train,4
data/raw/defungi/H6/H6_17a_2.jpg,H6,.jpg,500,500,RGB,JPEG,train,4
data/raw/defungi/H6/H6_17a_3.jpg,H6,.jpg,500,500,RGB,JPEG,train,4
data/raw/defungi/H6/H6_17a_4.jpg,H6,.jpg,500,500,RGB,JPEG,train,4
data/raw/defungi/H6/H6_18a_3.jpg,H6,.jpg,500,500,RGB,JPEG,train,4
data/raw/defungi/H6/H6_18a_4.jpg,H6,.jpg,500,500,RGB,JPEG,train,4
data/raw/defungi/H6/H6_19a_1.jpg,H6,.jpg,500,500,RGB,JPEG,train,4
data/raw/defungi/H6/H6_19a_2.jpg,H6,.jpg,500,500,RGB,JPEG,train,4
data/raw/defungi/H6/H6_19a_4.jpg,H6,.jpg,500,500,RGB,JPEG,train,4
data/raw/defungi/H6/H6_19a_5.jpg,H6,.jpg,500,500,RGB,JPEG,train,4
data/raw/defungi/H6/H6_19a_6.jpg,H6,.jpg,500,500,RGB,JPEG,train,4
data/raw/defungi/H6/H6_1a_1.jpg,H6,.jpg,500,500,RGB,JPEG,train,4
data/raw/defungi/H6/H6_1a_2.jpg,H6,.jpg,500,500,RGB,JPEG,train,4
data/raw/defungi/H6/H6_1a_4.jpg,H6,.jpg,500,500,RGB,JPEG,train,4
data/raw/defungi/H6/H6_1a_5.jpg,H6,.jpg,500,500,RGB,JPEG,train,4
data/raw/defungi/H6/H6_1a_6.jpg,H6,.jpg,500,500,RGB,JPEG,train,4
data/raw/defungi/H6/H6_1a_7.jpg,H6,.jpg,500,500,RGB,JPEG,train,4
data/raw/defungi/H6/H6_1b_1.jpg,H6,.jpg,500,500,RGB,JPEG,train,4
data/raw/defungi/H6/H6_1b_2.jpg,H6,.jpg,500,500,RGB,JPEG,train,4
data/raw/defungi/H6/H6_1b_3.jpg,H6,.jpg,500,500,RGB,JPEG,train,4
data/raw/defungi/H6/H6_1b_5.jpg,H6,.jpg,500,500,RGB,JPEG,train,4
data/raw/defungi/H6/H6_1b_6.jpg,H6,.jpg,500,500,RGB,JPEG,train,4
data/raw/defungi/H6/H6_1c_11.jpg,H6,.jpg,500,500,RGB,JPEG,train,4
data/raw/defungi/H6/H6_1c_2.jpg,H6,.jpg,500,500,RGB,JPEG,train,4
data/raw/defungi/H6/H6_1c_3.jpg,H6,.jpg,500,500,RGB,JPEG,train,4
data/raw/defungi/H6/H6_1c_4.jpg,H6,.jpg,500,500,RGB,JPEG,train,4
data/raw/defungi/H6/H6_1c_6.jpg,H6,.jpg,500,500,RGB,JPEG,train,4
data/raw/defungi/H6/H6_1c_8.jpg,H6,.jpg,500,500,RGB,JPEG,train,4
data/raw/defungi/H6/H6_1c_9.jpg,H6,.jpg,500,500,RGB,JPEG,train,4
data/raw/defungi/H6/H6_20a_2.jpg,H6,.jpg,500,500,RGB,JPEG,train,4
data/raw/defungi/H6/H6_20a_3.jpg,H6,.jpg,500,500,RGB,JPEG,train,4
data/raw/defungi/H6/H6_20a_4.jpg,H6,.jpg,500,500,RGB,JPEG,train,4
data/raw/defungi/H6/H6_20a_5.jpg,H6,.jpg,500,500,RGB,JPEG,train,4
data/raw/defungi/H6/H6_20a_6.jpg,H6,.jpg,500,500,RGB,JPEG,train,4
data/raw/defungi/H6/H6_21a_2.jpg,H6,.jpg,500,500,RGB,JPEG,train,4
data/raw/defungi/H6/H6_21a_4.jpg,H6,.jpg,500,500,RGB,JPEG,train,4
data/raw/defungi/H6/H6_21a_5.jpg,H6,.jpg,500,500,RGB,JPEG,train,4
data/raw/defungi/H6/H6_21a_6.jpg,H6,.jpg,500,500,RGB,JPEG,train,4
data/raw/defungi/H6/H6_21a_7.jpg,H6,.jpg,500,500,RGB,JPEG,train,4
data/raw/defungi/H6/H6_21a_8.jpg,H6,.jpg,500,500,RGB,JPEG,train,4
data/raw/defungi/H6/H6_21b_1.jpg,H6,.jpg,500,500,RGB,JPEG,train,4
data/raw/defungi/H6/H6_21b_2.jpg,H6,.jpg,500,500,RGB,JPEG,train,4
data/raw/defungi/H6/H6_21b_4.jpg,H6,.jpg,500,500,RGB,JPEG,train,4
data/raw/defungi/H6/H6_21b_5.jpg,H6,.jpg,500,500,RGB,JPEG,train,4
data/raw/defungi/H6/H6_21b_6.jpg,H6,.jpg,500,500,RGB,JPEG,train,4
data/raw/defungi/H6/H6_22a_1.jpg,H6,.jpg,500,500,RGB,JPEG,train,4
data/raw/defungi/H6/H6_22a_4.jpg,H6,.jpg,500,500,RGB,JPEG,train,4
data/raw/defungi/H6/H6_22b_2.jpg,H6,.jpg,500,500,RGB,JPEG,train,4
data/raw/defungi/H6/H6_22b_3.jpg,H6,.jpg,500,500,RGB,JPEG,train,4
data/raw/defungi/H6/H6_22b_4.jpg,H6,.jpg,500,500,RGB,JPEG,train,4
data/raw/defungi/H6/H6_23a_1.jpg,H6,.jpg,500,500,RGB,JPEG,train,4
data/raw/defungi/H6/H6_23a_2.jpg,H6,.jpg,500,500,RGB,JPEG,train,4
data/raw/defungi/H6/H6_23a_4.jpg,H6,.jpg,500,500,RGB,JPEG,train,4
data/raw/defungi/H6/H6_24a_1.jpg,H6,.jpg,500,500,RGB,JPEG,train,4
data/raw/defungi/H6/H6_24a_3.jpg,H6,.jpg,500,500,RGB,JPEG,train,4
data/raw/defungi/H6/H6_24a_4.jpg,H6,.jpg,500,500,RGB,JPEG,train,4
data/raw/defungi/H6/H6_25a_1.jpg,H6,.jpg,500,500,RGB,JPEG,train,4
data/raw/defungi/H6/H6_25a_3.jpg,H6,.jpg,500,500,RGB,JPEG,train,4
data/raw/defungi/H6/H6_25a_4.jpg,H6,.jpg,500,500,RGB,JPEG,train,4
data/raw/defungi/H6/H6_26a_2.jpg,H6,.jpg,500,500,RGB,JPEG,train,4
data/raw/defungi/H6/H6_26a_4.jpg,H6,.jpg,500,500,RGB,JPEG,train,4
data/raw/defungi/H6/H6_26a_5.jpg,H6,.jpg,500,500,RGB,JPEG,train,4
data/raw/defungi/H6/H6_26a_6.jpg,H6,.jpg,500,500,RGB,JPEG,train,4
data/raw/defungi/H6/H6_27a_1.jpg,H6,.jpg,500,500,RGB,JPEG,train,4
data/raw/defungi/H6/H6_27a_2.jpg,H6,.jpg,500,500,RGB,JPEG,train,4
data/raw/defungi/H6/H6_27a_3.jpg,H6,.jpg,500,500,RGB,JPEG,train,4
data/raw/defungi/H6/H6_27a_5.jpg,H6,.jpg,500,500,RGB,JPEG,train,4
data/raw/defungi/H6/H6_27a_6.jpg,H6,.jpg,500,500,RGB,JPEG,train,4
data/raw/defungi/H6/H6_28a_1.jpg,H6,.jpg,500,500,RGB,JPEG,train,4
data/raw/defungi/H6/H6_28a_3.jpg,H6,.jpg,500,500,RGB,JPEG,train,4
data/raw/defungi/H6/H6_28a_4.jpg,H6,.jpg,500,500,RGB,JPEG,train,4
data/raw/defungi/H6/H6_28a_6.jpg,H6,.jpg,500,500,RGB,JPEG,train,4
data/raw/defungi/H6/H6_29a_2.jpg,H6,.jpg,500,500,RGB,JPEG,train,4
data/raw/defungi/H6/H6_29a_4.jpg,H6,.jpg,500,500,RGB,JPEG,train,4
data/raw/defungi/H6/H6_29a_5.jpg,H6,.jpg,500,500,RGB,JPEG,train,4
data/raw/defungi/H6/H6_29a_6.jpg,H6,.jpg,500,500,RGB,JPEG,train,4
data/raw/defungi/H6/H6_2a_1.jpg,H6,.jpg,500,500,RGB,JPEG,train,4
data/raw/defungi/H6/H6_2a_10.jpg,H6,.jpg,500,500,RGB,JPEG,train,4
data/raw/defungi/H6/H6_2a_11.jpg,H6,.jpg,500,500,RGB,JPEG,train,4
data/raw/defungi/H6/H6_2a_12.jpg,H6,.jpg,500,500,RGB,JPEG,train,4
data/raw/defungi/H6/H6_2a_14.jpg,H6,.jpg,500,500,RGB,JPEG,train,4
data/raw/defungi/H6/H6_2a_16.jpg,H6,.jpg,500,500,RGB,JPEG,train,4
data/raw/defungi/H6/H6_2a_2.jpg,H6,.jpg,500,500,RGB,JPEG,train,4
data/raw/defungi/H6/H6_2a_3.jpg,H6,.jpg,500,500,RGB,JPEG,train,4
data/raw/defungi/H6/H6_2a_4.jpg,H6,.jpg,500,500,RGB,JPEG,train,4
data/raw/defungi/H6/H6_2a_6.jpg,H6,.jpg,500,500,RGB,JPEG,train,4
data/raw/defungi/H6/H6_2a_8.jpg,H6,.jpg,500,500,RGB,JPEG,train,4
data/raw/defungi/H6/H6_2a_9.jpg,H6,.jpg,500,500,RGB,JPEG,train,4
data/raw/defungi/H6/H6_2b_1.jpg,H6,.jpg,500,500,RGB,JPEG,train,4
data/raw/defungi/H6/H6_2b_2.jpg,H6,.jpg,500,500,RGB,JPEG,train,4
data/raw/defungi/H6/H6_2b_3.jpg,H6,.jpg,500,500,RGB,JPEG,train,4
data/raw/defungi/H6/H6_2b_4.jpg,H6,.jpg,500,500,RGB,JPEG,train,4
data/raw/defungi/H6/H6_2b_5.jpg,H6,.jpg,500,500,RGB,JPEG,train,4
data/raw/defungi/H6/H6_2b_7.jpg,H6,.jpg,500,500,RGB,JPEG,train,4
data/raw/defungi/H6/H6_2b_8.jpg,H6,.jpg,500,500,RGB,JPEG,train,4
data/raw/defungi/H6/H6_2b_9.jpg,H6,.jpg,500,500,RGB,JPEG,train,4
data/raw/defungi/H6/H6_2c_1.jpg,H6,.jpg,500,500,RGB,JPEG,train,4
data/raw/defungi/H6/H6_2c_11.jpg,H6,.jpg,500,500,RGB,JPEG,train,4
data/raw/defungi/H6/H6_2c_12.jpg,H6,.jpg,500,500,RGB,JPEG,train,4
data/raw/defungi/H6/H6_2c_2.jpg,H6,.jpg,500,500,RGB,JPEG,train,4
data/raw/defungi/H6/H6_2c_3.jpg,H6,.jpg,500,500,RGB,JPEG,train,4
data/raw/defungi/H6/H6_2c_4.jpg,H6,.jpg,500,500,RGB,JPEG,train,4
data/raw/defungi/H6/H6_2c_5.jpg,H6,.jpg,500,500,RGB,JPEG,train,4
data/raw/defungi/H6/H6_2c_6.jpg,H6,.jpg,500,500,RGB,JPEG,train,4
data/raw/defungi/H6/H6_2c_7.jpg,H6,.jpg,500,500,RGB,JPEG,train,4
data/raw/defungi/H6/H6_2c_8.jpg,H6,.jpg,500,500,RGB,JPEG,train,4
data/raw/defungi/H6/H6_2c_9.jpg,H6,.jpg,500,500,RGB,JPEG,train,4
data/raw/defungi/H6/H6_30a_10.jpg,H6,.jpg,500,500,RGB,JPEG,train,4
data/raw/defungi/H6/H6_30a_2.jpg,H6,.jpg,500,500,RGB,JPEG,train,4
data/raw/defungi/H6/H6_30a_3.jpg,H6,.jpg,500,500,RGB,JPEG,train,4
data/raw/defungi/H6/H6_30a_4.jpg,H6,.jpg,500,500,RGB,JPEG,train,4
data/raw/defungi/H6/H6_30a_6.jpg,H6,.jpg,500,500,RGB,JPEG,train,4
data/raw/defungi/H6/H6_30a_7.jpg,H6,.jpg,500,500,RGB,JPEG,train,4
data/raw/defungi/H6/H6_30a_9.jpg,H6,.jpg,500,500,RGB,JPEG,train,4
data/raw/defungi/H6/H6_30b_1.jpg,H6,.jpg,500,500,RGB,JPEG,train,4
data/raw/defungi/H6/H6_30b_2.jpg,H6,.jpg,500,500,RGB,JPEG,train,4
data/raw/defungi/H6/H6_30b_3.jpg,H6,.jpg,500,500,RGB,JPEG,train,4
data/raw/defungi/H6/H6_30b_4.jpg,H6,.jpg,500,500,RGB,JPEG,train,4
data/raw/defungi/H6/H6_31a_1.jpg,H6,.jpg,500,500,RGB,JPEG,train,4
data/raw/defungi/H6/H6_31a_4.jpg,H6,.jpg,500,500,RGB,JPEG,train,4
data/raw/defungi/H6/H6_31a_5.jpg,H6,.jpg,500,500,RGB,JPEG,train,4
data/raw/defungi/H6/H6_31a_6.jpg,H6,.jpg,500,500,RGB,JPEG,train,4
data/raw/defungi/H6/H6_32a_2.jpg,H6,.jpg,500,500,RGB,JPEG,train,4
data/raw/defungi/H6/H6_32a_3.jpg,H6,.jpg,500,500,RGB,JPEG,train,4
data/raw/defungi/H6/H6_32a_4.jpg,H6,.jpg,500,500,RGB,JPEG,train,4
data/raw/defungi/H6/H6_32a_6.jpg,H6,.jpg,500,500,RGB,JPEG,train,4
data/raw/defungi/H6/H6_33a_1.jpg,H6,.jpg,500,500,RGB,JPEG,train,4
data/raw/defungi/H6/H6_33a_10.jpg,H6,.jpg,500,500,RGB,JPEG,train,4
data/raw/defungi/H6/H6_33a_13.jpg,H6,.jpg,500,500,RGB,JPEG,train,4
data/raw/defungi/H6/H6_33a_14.jpg,H6,.jpg,500,500,RGB,JPEG,train,4
data/raw/defungi/H6/H6_33a_16.jpg,H6,.jpg,500,500,RGB,JPEG,train,4
data/raw/defungi/H6/H6_33a_17.jpg,H6,.jpg,500,500,RGB,JPEG,train,4
data/raw/defungi/H6/H6_33a_18.jpg,H6,.jpg,500,500,RGB,JPEG,train,4
data/raw/defungi/H6/H6_33a_2.jpg,H6,.jpg,500,500,RGB,JPEG,train,4
data/raw/defungi/H6/H6_33a_20.jpg,H6,.jpg,500,500,RGB,JPEG,train,4
data/raw/defungi/H6/H6_33a_3.jpg,H6,.jpg,500,500,RGB,JPEG,train,4
data/raw/defungi/H6/H6_33a_5.jpg,H6,.jpg,500,500,RGB,JPEG,train,4
data/raw/defungi/H6/H6_33a_6.jpg,H6,.jpg,500,500,RGB,JPEG,train,4
data/raw/defungi/H6/H6_33a_7.jpg,H6,.jpg,500,500,RGB,JPEG,train,4
data/raw/defungi/H6/H6_34a_3.jpg,H6,.jpg,500,500,RGB,JPEG,train,4
data/raw/defungi/H6/H6_34a_4.jpg,H6,.jpg,500,500,RGB,JPEG,train,4
data/raw/defungi/H6/H6_34a_6.jpg,H6,.jpg,500,500,RGB,JPEG,train,4
data/raw/defungi/H6/H6_35a_1.jpg,H6,.jpg,500,500,RGB,JPEG,train,4
data/raw/defungi/H6/H6_35a_3.jpg,H6,.jpg,500,500,RGB,JPEG,train,4
data/raw/defungi/H6/H6_35a_5.jpg,H6,.jpg,500,500,RGB,JPEG,train,4
data/raw/defungi/H6/H6_35a_6.jpg,H6,.jpg,500,500,RGB,JPEG,train,4
data/raw/defungi/H6/H6_36a_2.jpg,H6,.jpg,500,500,RGB,JPEG,train,4
data/raw/defungi/H6/H6_36a_3.jpg,H6,.jpg,500,500,RGB,JPEG,train,4
data/raw/defungi/H6/H6_36a_6.jpg,H6,.jpg,500,500,RGB,JPEG,train,4
data/raw/defungi/H6/H6_37a_1.jpg,H6,.jpg,500,500,RGB,JPEG,train,4
data/raw/defungi/H6/H6_37a_2.jpg,H6,.jpg,500,500,RGB,JPEG,train,4
data/raw/defungi/H6/H6_37a_3.jpg,H6,.jpg,500,500,RGB,JPEG,train,4
data/raw/defungi/H6/H6_37a_4.jpg,H6,.jpg,500,500,RGB,JPEG,train,4
data/raw/defungi/H6/H6_37a_6.jpg,H6,.jpg,500,500,RGB,JPEG,train,4
data/raw/defungi/H6/H6_38a_1.jpg,H6,.jpg,500,500,RGB,JPEG,train,4
data/raw/defungi/H6/H6_38a_10.jpg,H6,.jpg,500,500,RGB,JPEG,train,4
data/raw/defungi/H6/H6_38a_11.jpg,H6,.jpg,500,500,RGB,JPEG,train,4
data/raw/defungi/H6/H6_38a_12.jpg,H6,.jpg,500,500,RGB,JPEG,train,4
data/raw/defungi/H6/H6_38a_13.jpg,H6,.jpg,500,500,RGB,JPEG,train,4
data/raw/defungi/H6/H6_38a_14.jpg,H6,.jpg,500,500,RGB,JPEG,train,4
data/raw/defungi/H6/H6_38a_15.jpg,H6,.jpg,500,500,RGB,JPEG,train,4
data/raw/defungi/H6/H6_38a_2.jpg,H6,.jpg,500,500,RGB,JPEG,train,4
data/raw/defungi/H6/H6_38a_20.jpg,H6,.jpg,500,500,RGB,JPEG,train,4
data/raw/defungi/H6/H6_38a_3.jpg,H6,.jpg,500,500,RGB,JPEG,train,4
data/raw/defungi/H6/H6_38a_4.jpg,H6,.jpg,500,500,RGB,JPEG,train,4
data/raw/defungi/H6/H6_38a_5.jpg,H6,.jpg,500,500,RGB,JPEG,train,4
data/raw/defungi/H6/H6_38a_6.jpg,H6,.jpg,500,500,RGB,JPEG,train,4
data/raw/defungi/H6/H6_38a_7.jpg,H6,.jpg,500,500,RGB,JPEG,train,4
data/raw/defungi/H6/H6_38a_8.jpg,H6,.jpg,500,500,RGB,JPEG,train,4
data/raw/defungi/H6/H6_39a_12.jpg,H6,.jpg,500,500,RGB,JPEG,train,4
data/raw/defungi/H6/H6_39a_2.jpg,H6,.jpg,500,500,RGB,JPEG,train,4
data/raw/defungi/H6/H6_39a_3.jpg,H6,.jpg,500,500,RGB,JPEG,train,4
data/raw/defungi/H6/H6_39a_4.jpg,H6,.jpg,500,500,RGB,JPEG,train,4
data/raw/defungi/H6/H6_39a_5.jpg,H6,.jpg,500,500,RGB,JPEG,train,4
data/raw/defungi/H6/H6_39a_7.jpg,H6,.jpg,500,500,RGB,JPEG,train,4
data/raw/defungi/H6/H6_3a_1.jpg,H6,.jpg,500,500,RGB,JPEG,train,4
data/raw/defungi/H6/H6_3a_2.jpg,H6,.jpg,500,500,RGB,JPEG,train,4
data/raw/defungi/H6/H6_3a_4.jpg,H6,.jpg,500,500,RGB,JPEG,train,4
data/raw/defungi/H6/H6_3a_6.jpg,H6,.jpg,500,500,RGB,JPEG,train,4
data/raw/defungi/H6/H6_3b_2.jpg,H6,.jpg,500,500,RGB,JPEG,train,4
data/raw/defungi/H6/H6_3b_3.jpg,H6,.jpg,500,500,RGB,JPEG,train,4
data/raw/defungi/H6/H6_40a_1.jpg,H6,.jpg,500,500,RGB,JPEG,train,4
data/raw/defungi/H6/H6_40a_3.jpg,H6,.jpg,500,500,RGB,JPEG,train,4
data/raw/defungi/H6/H6_40a_4.jpg,H6,.jpg,500,500,RGB,JPEG,train,4
data/raw/defungi/H6/H6_40a_5.jpg,H6,.jpg,500,500,RGB,JPEG,train,4
data/raw/defungi/H6/H6_40a_6.jpg,H6,.jpg,500,500,RGB,JPEG,train,4
data/raw/defungi/H6/H6_41a_1.jpg,H6,.jpg,500,500,RGB,JPEG,train,4
data/raw/defungi/H6/H6_41a_2.jpg,H6,.jpg,500,500,RGB,JPEG,train,4
data/raw/defungi/H6/H6_41a_3.jpg,H6,.jpg,500,500,RGB,JPEG,train,4
data/raw/defungi/H6/H6_41a_4.jpg,H6,.jpg,500,500,RGB,JPEG,train,4
data/raw/defungi/H6/H6_42a_1.jpg,H6,.jpg,500,500,RGB,JPEG,train,4
data/raw/defungi/H6/H6_42a_2.jpg,H6,.jpg,500,500,RGB,JPEG,train,4
data/raw/defungi/H6/H6_42a_3.jpg,H6,.jpg,500,500,RGB,JPEG,train,4
data/raw/defungi/H6/H6_42a_5.jpg,H6,.jpg,500,500,RGB,JPEG,train,4
data/raw/defungi/H6/H6_42a_6.jpg,H6,.jpg,500,500,RGB,JPEG,train,4
data/raw/defungi/H6/H6_43a_1.jpg,H6,.jpg,500,500,RGB,JPEG,train,4
data/raw/defungi/H6/H6_43a_11.jpg,H6,.jpg,500,500,RGB,JPEG,train,4
data/raw/defungi/H6/H6_43a_13.jpg,H6,.jpg,500,500,RGB,JPEG,train,4
data/raw/defungi/H6/H6_43a_14.jpg,H6,.jpg,500,500,RGB,JPEG,train,4
data/raw/defungi/H6/H6_43a_15.jpg,H6,.jpg,500,500,RGB,JPEG,train,4
data/raw/defungi/H6/H6_43a_16.jpg,H6,.jpg,500,500,RGB,JPEG,train,4
data/raw/defungi/H6/H6_43a_19.jpg,H6,.jpg,500,500,RGB,JPEG,train,4
data/raw/defungi/H6/H6_43a_2.jpg,H6,.jpg,500,500,RGB,JPEG,train,4
data/raw/defungi/H6/H6_43a_20.jpg,H6,.jpg,500,500,RGB,JPEG,train,4
data/raw/defungi/H6/H6_43a_3.jpg,H6,.jpg,500,500,RGB,JPEG,train,4
data/raw/defungi/H6/H6_43a_5.jpg,H6,.jpg,500,500,RGB,JPEG,train,4
data/raw/defungi/H6/H6_43a_7.jpg,H6,.jpg,500,500,RGB,JPEG,train,4
data/raw/defungi/H6/H6_43a_8.jpg,H6,.jpg,500,500,RGB,JPEG,train,4
data/raw/defungi/H6/H6_43a_9.jpg,H6,.jpg,500,500,RGB,JPEG,train,4
data/raw/defungi/H6/H6_44a_1.jpg,H6,.jpg,500,500,RGB,JPEG,train,4
data/raw/defungi/H6/H6_44a_2.jpg,H6,.jpg,500,500,RGB,JPEG,train,4
data/raw/defungi/H6/H6_44a_3.jpg,H6,.jpg,500,500,RGB,JPEG,train,4
data/raw/defungi/H6/H6_44a_4.jpg,H6,.jpg,500,500,RGB,JPEG,train,4
data/raw/defungi/H6/H6_45a_1.jpg,H6,.jpg,500,500,RGB,JPEG,train,4
data/raw/defungi/H6/H6_45a_2.jpg,H6,.jpg,500,500,RGB,JPEG,train,4
data/raw/defungi/H6/H6_45a_4.jpg,H6,.jpg,500,500,RGB,JPEG,train,4
data/raw/defungi/H6/H6_45a_5.jpg,H6,.jpg,500,500,RGB,JPEG,train,4
data/raw/defungi/H6/H6_45a_6.jpg,H6,.jpg,500,500,RGB,JPEG,train,4
data/raw/defungi/H6/H6_45a_7.jpg,H6,.jpg,500,500,RGB,JPEG,train,4
data/raw/defungi/H6/H6_45a_8.jpg,H6,.jpg,500,500,RGB,JPEG,train,4
data/raw/defungi/H6/H6_46a_1.jpg,H6,.jpg,500,500,RGB,JPEG,train,4
data/raw/defungi/H6/H6_46a_10.jpg,H6,.jpg,500,500,RGB,JPEG,train,4
data/raw/defungi/H6/H6_46a_11.jpg,H6,.jpg,500,500,RGB,JPEG,train,4
data/raw/defungi/H6/H6_46a_12.jpg,H6,.jpg,500,500,RGB,JPEG,train,4
data/raw/defungi/H6/H6_46a_2.jpg,H6,.jpg,500,500,RGB,JPEG,train,4
data/raw/defungi/H6/H6_46a_3.jpg,H6,.jpg,500,500,RGB,JPEG,train,4
data/raw/defungi/H6/H6_46a_4.jpg,H6,.jpg,500,500,RGB,JPEG,train,4
data/raw/defungi/H6/H6_46a_5.jpg,H6,.jpg,500,500,RGB,JPEG,train,4
data/raw/defungi/H6/H6_46a_6.jpg,H6,.jpg,500,500,RGB,JPEG,train,4
data/raw/defungi/H6/H6_46a_8.jpg,H6,.jpg,500,500,RGB,JPEG,train,4
data/raw/defungi/H6/H6_46a_9.jpg,H6,.jpg,500,500,RGB,JPEG,train,4
data/raw/defungi/H6/H6_47a_1.jpg,H6,.jpg,500,500,RGB,JPEG,train,4
data/raw/defungi/H6/H6_47a_10.jpg,H6,.jpg,500,500,RGB,JPEG,train,4
data/raw/defungi/H6/H6_47a_11.jpg,H6,.jpg,500,500,RGB,JPEG,train,4
data/raw/defungi/H6/H6_47a_12.jpg,H6,.jpg,500,500,RGB,JPEG,train,4
data/raw/defungi/H6/H6_47a_13.jpg,H6,.jpg,500,500,RGB,JPEG,train,4
data/raw/defungi/H6/H6_47a_14.jpg,H6,.jpg,500,500,RGB,JPEG,train,4
data/raw/defungi/H6/H6_47a_17.jpg,H6,.jpg,500,500,RGB,JPEG,train,4
data/raw/defungi/H6/H6_47a_2.jpg,H6,.jpg,500,500,RGB,JPEG,train,4
data/raw/defungi/H6/H6_47a_20.jpg,H6,.jpg,500,500,RGB,JPEG,train,4
data/raw/defungi/H6/H6_47a_3.jpg,H6,.jpg,500,500,RGB,JPEG,train,4
data/raw/defungi/H6/H6_47a_6.jpg,H6,.jpg,500,500,RGB,JPEG,train,4
data/raw/defungi/H6/H6_47a_7.jpg,H6,.jpg,500,500,RGB,JPEG,train,4
data/raw/defungi/H6/H6_47a_8.jpg,H6,.jpg,500,500,RGB,JPEG,train,4
data/raw/defungi/H6/H6_47a_9.jpg,H6,.jpg,500,500,RGB,JPEG,train,4
data/raw/defungi/H6/H6_48a_1.jpg,H6,.jpg,500,500,RGB,JPEG,train,4
data/raw/defungi/H6/H6_48a_2.jpg,H6,.jpg,500,500,RGB,JPEG,train,4
data/raw/defungi/H6/H6_48a_5.jpg,H6,.jpg,500,500,RGB,JPEG,train,4
data/raw/defungi/H6/H6_48a_6.jpg,H6,.jpg,500,500,RGB,JPEG,train,4
data/raw/defungi/H6/H6_49a_10.jpg,H6,.jpg,500,500,RGB,JPEG,train,4
data/raw/defungi/H6/H6_49a_11.jpg,H6,.jpg,500,500,RGB,JPEG,train,4
data/raw/defungi/H6/H6_49a_12.jpg,H6,.jpg,500,500,RGB,JPEG,train,4
data/raw/defungi/H6/H6_49a_2.jpg,H6,.jpg,500,500,RGB,JPEG,train,4
data/raw/defungi/H6/H6_49a_4.jpg,H6,.jpg,500,500,RGB,JPEG,train,4
data/raw/defungi/H6/H6_49a_5.jpg,H6,.jpg,500,500,RGB,JPEG,train,4
data/raw/defungi/H6/H6_49a_6.jpg,H6,.jpg,500,500,RGB,JPEG,train,4
data/raw/defungi/H6/H6_49a_7.jpg,H6,.jpg,500,500,RGB,JPEG,train,4
data/raw/defungi/H6/H6_49a_8.jpg,H6,.jpg,500,500,RGB,JPEG,train,4
data/raw/defungi/H6/H6_49a_9.jpg,H6,.jpg,500,500,RGB,JPEG,train,4
data/raw/defungi/H6/H6_4a_3.jpg,H6,.jpg,500,500,RGB,JPEG,train,4
data/raw/defungi/H6/H6_4a_4.jpg,H6,.jpg,500,500,RGB,JPEG,train,4
data/raw/defungi/H6/H6_4b_3.jpg,H6,.jpg,500,500,RGB,JPEG,train,4
data/raw/defungi/H6/H6_4b_4.jpg,H6,.jpg,500,500,RGB,JPEG,train,4
data/raw/defungi/H6/H6_50a_3.jpg,H6,.jpg,500,500,RGB,JPEG,train,4
data/raw/defungi/H6/H6_50a_4.jpg,H6,.jpg,500,500,RGB,JPEG,train,4
data/raw/defungi/H6/H6_50a_6.jpg,H6,.jpg,500,500,RGB,JPEG,train,4
data/raw/defungi/H6/H6_51a_2.jpg,H6,.jpg,500,500,RGB,JPEG,train,4
data/raw/defungi/H6/H6_51a_3.jpg,H6,.jpg,500,500,RGB,JPEG,train,4
data/raw/defungi/H6/H6_52a_10.jpg,H6,.jpg,500,500,RGB,JPEG,train,4
data/raw/defungi/H6/H6_52a_13.jpg,H6,.jpg,500,500,RGB,JPEG,train,4
data/raw/defungi/H6/H6_52a_14.jpg,H6,.jpg,500,500,RGB,JPEG,train,4
data/raw/defungi/H6/H6_52a_17.jpg,H6,.jpg,500,500,RGB,JPEG,train,4
data/raw/defungi/H6/H6_52a_18.jpg,H6,.jpg,500,500,RGB,JPEG,train,4
data/raw/defungi/H6/H6_52a_19.jpg,H6,.jpg,500,500,RGB,JPEG,train,4
data/raw/defungi/H6/H6_52a_20.jpg,H6,.jpg,500,500,RGB,JPEG,train,4
data/raw/defungi/H6/H6_52a_3.jpg,H6,.jpg,500,500,RGB,JPEG,train,4
data/raw/defungi/H6/H6_52a_4.jpg,H6,.jpg,500,500,RGB,JPEG,train,4
data/raw/defungi/H6/H6_52a_6.jpg,H6,.jpg,500,500,RGB,JPEG,train,4
data/raw/defungi/H6/H6_52a_7.jpg,H6,.jpg,500,500,RGB,JPEG,train,4
data/raw/defungi/H6/H6_52a_8.jpg,H6,.jpg,500,500,RGB,JPEG,train,4
data/raw/defungi/H6/H6_52a_9.jpg,H6,.jpg,500,500,RGB,JPEG,train,4
data/raw/defungi/H6/H6_53a_10.jpg,H6,.jpg,500,500,RGB,JPEG,train,4
data/raw/defungi/H6/H6_53a_11.jpg,H6,.jpg,500,500,RGB,JPEG,train,4
data/raw/defungi/H6/H6_53a_12.jpg,H6,.jpg,500,500,RGB,JPEG,train,4
data/raw/defungi/H6/H6_53a_14.jpg,H6,.jpg,500,500,RGB,JPEG,train,4
data/raw/defungi/H6/H6_53a_16.jpg,H6,.jpg,500,500,RGB,JPEG,train,4
data/raw/defungi/H6/H6_53a_19.jpg,H6,.jpg,500,500,RGB,JPEG,train,4
data/raw/defungi/H6/H6_53a_2.jpg,H6,.jpg,500,500,RGB,JPEG,train,4
data/raw/defungi/H6/H6_53a_3.jpg,H6,.jpg,500,500,RGB,JPEG,train,4
data/raw/defungi/H6/H6_53a_4.jpg,H6,.jpg,500,500,RGB,JPEG,train,4
data/raw/defungi/H6/H6_53a_5.jpg,H6,.jpg,500,500,RGB,JPEG,train,4
data/raw/defungi/H6/H6_53a_6.jpg,H6,.jpg,500,500,RGB,JPEG,train,4
data/raw/defungi/H6/H6_53a_7.jpg,H6,.jpg,500,500,RGB,JPEG,train,4
data/raw/defungi/H6/H6_53a_8.jpg,H6,.jpg,500,500,RGB,JPEG,train,4
data/raw/defungi/H6/H6_53a_9.jpg,H6,.jpg,500,500,RGB,JPEG,train,4
data/raw/defungi/H6/H6_54a_1.jpg,H6,.jpg,500,500,RGB,JPEG,train,4
data/raw/defungi/H6/H6_54a_2.jpg,H6,.jpg,500,500,RGB,JPEG,train,4
data/raw/defungi/H6/H6_54a_5.jpg,H6,.jpg,500,500,RGB,JPEG,train,4
data/raw/defungi/H6/H6_54a_6.jpg,H6,.jpg,500,500,RGB,JPEG,train,4
data/raw/defungi/H6/H6_55a_1.jpg,H6,.jpg,500,500,RGB,JPEG,train,4
data/raw/defungi/H6/H6_55a_11.jpg,H6,.jpg,500,500,RGB,JPEG,train,4
data/raw/defungi/H6/H6_55a_14.jpg,H6,.jpg,500,500,RGB,JPEG,train,4
data/raw/defungi/H6/H6_55a_15.jpg,H6,.jpg,500,500,RGB,JPEG,train,4
data/raw/defungi/H6/H6_55a_4.jpg,H6,.jpg,500,500,RGB,JPEG,train,4
data/raw/defungi/H6/H6_55a_5.jpg,H6,.jpg,500,500,RGB,JPEG,train,4
data/raw/defungi/H6/H6_55a_8.jpg,H6,.jpg,500,500,RGB,JPEG,train,4
data/raw/defungi/H6/H6_55a_9.jpg,H6,.jpg,500,500,RGB,JPEG,train,4
data/raw/defungi/H6/H6_56a_1.jpg,H6,.jpg,500,500,RGB,JPEG,train,4
data/raw/defungi/H6/H6_56a_4.jpg,H6,.jpg,500,500,RGB,JPEG,train,4
data/raw/defungi/H6/H6_56a_5.jpg,H6,.jpg,500,500,RGB,JPEG,train,4
data/raw/defungi/H6/H6_56a_6.jpg,H6,.jpg,500,500,RGB,JPEG,train,4
data/raw/defungi/H6/H6_56b_2.jpg,H6,.jpg,500,500,RGB,JPEG,train,4
data/raw/defungi/H6/H6_56b_3.jpg,H6,.jpg,500,500,RGB,JPEG,train,4
data/raw/defungi/H6/H6_56b_5.jpg,H6,.jpg,500,500,RGB,JPEG,train,4
data/raw/defungi/H6/H6_56b_6.jpg,H6,.jpg,500,500,RGB,JPEG,train,4
data/raw/defungi/H6/H6_56b_8.jpg,H6,.jpg,500,500,RGB,JPEG,train,4
data/raw/defungi/H6/H6_57a_2.jpg,H6,.jpg,500,500,RGB,JPEG,train,4
data/raw/defungi/H6/H6_57a_4.jpg,H6,.jpg,500,500,RGB,JPEG,train,4
data/raw/defungi/H6/H6_57a_5.jpg,H6,.jpg,500,500,RGB,JPEG,train,4
data/raw/defungi/H6/H6_57a_6.jpg,H6,.jpg,500,500,RGB,JPEG,train,4
data/raw/defungi/H6/H6_57b_1.jpg,H6,.jpg,500,500,RGB,JPEG,train,4
data/raw/defungi/H6/H6_57b_2.jpg,H6,.jpg,500,500,RGB,JPEG,train,4
data/raw/defungi/H6/H6_57b_4.jpg,H6,.jpg,500,500,RGB,JPEG,train,4
data/raw/defungi/H6/H6_57b_5.jpg,H6,.jpg,500,500,RGB,JPEG,train,4
data/raw/defungi/H6/H6_57b_6.jpg,H6,.jpg,500,500,RGB,JPEG,train,4
data/raw/defungi/H6/H6_58a_1.jpg,H6,.jpg,500,500,RGB,JPEG,train,4
data/raw/defungi/H6/H6_58a_10.jpg,H6,.jpg,500,500,RGB,JPEG,train,4
data/raw/defungi/H6/H6_58a_12.jpg,H6,.jpg,500,500,RGB,JPEG,train,4
data/raw/defungi/H6/H6_58a_14.jpg,H6,.jpg,500,500,RGB,JPEG,train,4
data/raw/defungi/H6/H6_58a_16.jpg,H6,.jpg,500,500,RGB,JPEG,train,4
data/raw/defungi/H6/H6_58a_18.jpg,H6,.jpg,500,500,RGB,JPEG,train,4
data/raw/defungi/H6/H6_58a_19.jpg,H6,.jpg,500,500,RGB,JPEG,train,4
data/raw/defungi/H6/H6_58a_3.jpg,H6,.jpg,500,500,RGB,JPEG,train,4
data/raw/defungi/H6/H6_58a_4.jpg,H6,.jpg,500,500,RGB,JPEG,train,4
data/raw/defungi/H6/H6_58a_5.jpg,H6,.jpg,500,500,RGB,JPEG,train,4
data/raw/defungi/H6/H6_58a_6.jpg,H6,.jpg,500,500,RGB,JPEG,train,4
data/raw/defungi/H6/H6_58a_7.jpg,H6,.jpg,500,500,RGB,JPEG,train,4
data/raw/defungi/H6/H6_58a_9.jpg,H6,.jpg,500,500,RGB,JPEG,train,4
data/raw/defungi/H6/H6_59a_1.jpg,H6,.jpg,500,500,RGB,JPEG,train,4
data/raw/defungi/H6/H6_59a_2.jpg,H6,.jpg,500,500,RGB,JPEG,train,4
data/raw/defungi/H6/H6_59a_5.jpg,H6,.jpg,500,500,RGB,JPEG,train,4
data/raw/defungi/H6/H6_59a_6.jpg,H6,.jpg,500,500,RGB,JPEG,train,4
data/raw/defungi/H6/H6_59a_8.jpg,H6,.jpg,500,500,RGB,JPEG,train,4
data/raw/defungi/H6/H6_59a_9.jpg,H6,.jpg,500,500,RGB,JPEG,train,4
data/raw/defungi/H6/H6_5a_3.jpg,H6,.jpg,500,500,RGB,JPEG,train,4
data/raw/defungi/H6/H6_5a_4.jpg,H6,.jpg,500,500,RGB,JPEG,train,4
data/raw/defungi/H6/H6_5a_5.jpg,H6,.jpg,500,500,RGB,JPEG,train,4
data/raw/defungi/H6/H6_5a_6.jpg,H6,.jpg,500,500,RGB,JPEG,train,4
data/raw/defungi/H6/H6_60a_1.jpg,H6,.jpg,500,500,RGB,JPEG,train,4
data/raw/defungi/H6/H6_60a_2.jpg,H6,.jpg,500,500,RGB,JPEG,train,4
data/raw/defungi/H6/H6_60a_3.jpg,H6,.jpg,500,500,RGB,JPEG,train,4
data/raw/defungi/H6/H6_60a_4.jpg,H6,.jpg,500,500,RGB,JPEG,train,4
data/raw/defungi/H6/H6_63a_1.jpg,H6,.jpg,500,500,RGB,JPEG,train,4
data/raw/defungi/H6/H6_63a_11.jpg,H6,.jpg,500,500,RGB,JPEG,train,4
data/raw/defungi/H6/H6_63a_13.jpg,H6,.jpg,500,500,RGB,JPEG,train,4
data/raw/defungi/H6/H6_63a_14.jpg,H6,.jpg,500,500,RGB,JPEG,train,4
data/raw/defungi/H6/H6_63a_16.jpg,H6,.jpg,500,500,RGB,JPEG,train,4
data/raw/defungi/H6/H6_63a_17.jpg,H6,.jpg,500,500,RGB,JPEG,train,4
data/raw/defungi/H6/H6_63a_18.jpg,H6,.jpg,500,500,RGB,JPEG,train,4
data/raw/defungi/H6/H6_63a_19.jpg,H6,.jpg,500,500,RGB,JPEG,train,4
data/raw/defungi/H6/H6_63a_2.jpg,H6,.jpg,500,500,RGB,JPEG,train,4
data/raw/defungi/H6/H6_63a_20.jpg,H6,.jpg,500,500,RGB,JPEG,train,4
data/raw/defungi/H6/H6_63a_3.jpg,H6,.jpg,500,500,RGB,JPEG,train,4
data/raw/defungi/H6/H6_63a_4.jpg,H6,.jpg,500,500,RGB,JPEG,train,4
data/raw/defungi/H6/H6_63a_7.jpg,H6,.jpg,500,500,RGB,JPEG,train,4
data/raw/defungi/H6/H6_63a_8.jpg,H6,.jpg,500,500,RGB,JPEG,train,4
data/raw/defungi/H6/H6_63a_9.jpg,H6,.jpg,500,500,RGB,JPEG,train,4
data/raw/defungi/H6/H6_64a_2.jpg,H6,.jpg,500,500,RGB,JPEG,train,4
data/raw/defungi/H6/H6_64a_4.jpg,H6,.jpg,500,500,RGB,JPEG,train,4
data/raw/defungi/H6/H6_64a_5.jpg,H6,.jpg,500,500,RGB,JPEG,train,4
data/raw/defungi/H6/H6_64a_6.jpg,H6,.jpg,500,500,RGB,JPEG,train,4
data/raw/defungi/H6/H6_64a_7.jpg,H6,.jpg,500,500,RGB,JPEG,train,4
data/raw/defungi/H6/H6_64a_9.jpg,H6,.jpg,500,500,RGB,JPEG,train,4
data/raw/defungi/H6/H6_65a_1.jpg,H6,.jpg,500,500,RGB,JPEG,train,4
data/raw/defungi/H6/H6_65a_3.jpg,H6,.jpg,500,500,RGB,JPEG,train,4
data/raw/defungi/H6/H6_65a_4.jpg,H6,.jpg,500,500,RGB,JPEG,train,4
data/raw/defungi/H6/H6_65a_5.jpg,H6,.jpg,500,500,RGB,JPEG,train,4
data/raw/defungi/H6/H6_65a_6.jpg,H6,.jpg,500,500,RGB,JPEG,train,4
data/raw/defungi/H6/H6_66a_1.jpg,H6,.jpg,500,500,RGB,JPEG,train,4
data/raw/defungi/H6/H6_66a_2.jpg,H6,.jpg,500,500,RGB,JPEG,train,4
data/raw/defungi/H6/H6_66a_3.jpg,H6,.jpg,500,500,RGB,JPEG,train,4
data/raw/defungi/H6/H6_66a_4.jpg,H6,.jpg,500,500,RGB,JPEG,train,4
data/raw/defungi/H6/H6_67a_11.jpg,H6,.jpg,500,500,RGB,JPEG,train,4
data/raw/defungi/H6/H6_67a_12.jpg,H6,.jpg,500,500,RGB,JPEG,train,4
data/raw/defungi/H6/H6_67a_13.jpg,H6,.jpg,500,500,RGB,JPEG,train,4
data/raw/defungi/H6/H6_67a_14.jpg,H6,.jpg,500,500,RGB,JPEG,train,4
data/raw/defungi/H6/H6_67a_15.jpg,H6,.jpg,500,500,RGB,JPEG,train,4
data/raw/defungi/H6/H6_67a_2.jpg,H6,.jpg,500,500,RGB,JPEG,train,4
data/raw/defungi/H6/H6_67a_3.jpg,H6,.jpg,500,500,RGB,JPEG,train,4
data/raw/defungi/H6/H6_67a_4.jpg,H6,.jpg,500,500,RGB,JPEG,train,4
data/raw/defungi/H6/H6_67a_5.jpg,H6,.jpg,500,500,RGB,JPEG,train,4
data/raw/defungi/H6/H6_67a_6.jpg,H6,.jpg,500,500,RGB,JPEG,train,4
data/raw/defungi/H6/H6_67a_7.jpg,H6,.jpg,500,500,RGB,JPEG,train,4
data/raw/defungi/H6/H6_67a_9.jpg,H6,.jpg,500,500,RGB,JPEG,train,4
data/raw/defungi/H6/H6_69a_1.jpg,H6,.jpg,500,500,RGB,JPEG,train,4
data/raw/defungi/H6/H6_69a_4.jpg,H6,.jpg,500,500,RGB,JPEG,train,4
data/raw/defungi/H6/H6_69a_5.jpg,H6,.jpg,500,500,RGB,JPEG,train,4
data/raw/defungi/H6/H6_69b_1.jpg,H6,.jpg,500,500,RGB,JPEG,train,4
data/raw/defungi/H6/H6_69b_2.jpg,H6,.jpg,500,500,RGB,JPEG,train,4
data/raw/defungi/H6/H6_69b_4.jpg,H6,.jpg,500,500,RGB,JPEG,train,4
data/raw/defungi/H6/H6_69c_2.jpg,H6,.jpg,500,500,RGB,JPEG,train,4
data/raw/defungi/H6/H6_69c_3.jpg,H6,.jpg,500,500,RGB,JPEG,train,4
data/raw/defungi/H6/H6_69c_4.jpg,H6,.jpg,500,500,RGB,JPEG,train,4
data/raw/defungi/H6/H6_6a_3.jpg,H6,.jpg,500,500,RGB,JPEG,train,4
data/raw/defungi/H6/H6_6a_4.jpg,H6,.jpg,500,500,RGB,JPEG,train,4
data/raw/defungi/H6/H6_6b_1.jpg,H6,.jpg,500,500,RGB,JPEG,train,4
data/raw/defungi/H6/H6_6b_4.jpg,H6,.jpg,500,500,RGB,JPEG,train,4
data/raw/defungi/H6/H6_6b_5.jpg,H6,.jpg,500,500,RGB,JPEG,train,4
data/raw/defungi/H6/H6_6b_6.jpg,H6,.jpg,500,500,RGB,JPEG,train,4
data/raw/defungi/H6/H6_6c_3.jpg,H6,.jpg,500,500,RGB,JPEG,train,4
data/raw/defungi/H6/H6_6c_4.jpg,H6,.jpg,500,500,RGB,JPEG,train,4
data/raw/defungi/H6/H6_70a_1.jpg,H6,.jpg,500,500,RGB,JPEG,train,4
data/raw/defungi/H6/H6_70a_10.jpg,H6,.jpg,500,500,RGB,JPEG,train,4
data/raw/defungi/H6/H6_70a_11.jpg,H6,.jpg,500,500,RGB,JPEG,train,4
data/raw/defungi/H6/H6_70a_12.jpg,H6,.jpg,500,500,RGB,JPEG,train,4
data/raw/defungi/H6/H6_70a_14.jpg,H6,.jpg,500,500,RGB,JPEG,train,4
data/raw/defungi/H6/H6_70a_16.jpg,H6,.jpg,500,500,RGB,JPEG,train,4
data/raw/defungi/H6/H6_70a_3.jpg,H6,.jpg,500,500,RGB,JPEG,train,4
data/raw/defungi/H6/H6_70a_7.jpg,H6,.jpg,500,500,RGB,JPEG,train,4
data/raw/defungi/H6/H6_70a_8.jpg,H6,.jpg,500,500,RGB,JPEG,train,4
data/raw/defungi/H6/H6_70a_9.jpg,H6,.jpg,500,500,RGB,JPEG,train,4
data/raw/defungi/H6/H6_71a_1.jpg,H6,.jpg,500,500,RGB,JPEG,train,4
data/raw/defungi/H6/H6_71a_10.jpg,H6,.jpg,500,500,RGB,JPEG,train,4
data/raw/defungi/H6/H6_71a_11.jpg,H6,.jpg,500,500,RGB,JPEG,train,4
data/raw/defungi/H6/H6_71a_12.jpg,H6,.jpg,500,500,RGB,JPEG,train,4
data/raw/defungi/H6/H6_71a_3.jpg,H6,.jpg,500,500,RGB,JPEG,train,4
data/raw/defungi/H6/H6_71a_4.jpg,H6,.jpg,500,500,RGB,JPEG,train,4
data/raw/defungi/H6/H6_71a_5.jpg,H6,.jpg,500,500,RGB,JPEG,train,4
data/raw/defungi/H6/H6_71a_6.jpg,H6,.jpg,500,500,RGB,JPEG,train,4
data/raw/defungi/H6/H6_71a_7.jpg,H6,.jpg,500,500,RGB,JPEG,train,4
data/raw/defungi/H6/H6_72a_1.jpg,H6,.jpg,500,500,RGB,JPEG,train,4
data/raw/defungi/H6/H6_72a_10.jpg,H6,.jpg,500,500,RGB,JPEG,train,4
data/raw/defungi/H6/H6_72a_11.jpg,H6,.jpg,500,500,RGB,JPEG,train,4
data/raw/defungi/H6/H6_72a_12.jpg,H6,.jpg,500,500,RGB,JPEG,train,4
data/raw/defungi/H6/H6_72a_13.jpg,H6,.jpg,500,500,RGB,JPEG,train,4
data/raw/defungi/H6/H6_72a_14.jpg,H6,.jpg,500,500,RGB,JPEG,train,4
data/raw/defungi/H6/H6_72a_19.jpg,H6,.jpg,500,500,RGB,JPEG,train,4
data/raw/defungi/H6/H6_72a_2.jpg,H6,.jpg,500,500,RGB,JPEG,train,4
data/raw/defungi/H6/H6_72a_20.jpg,H6,.jpg,500,500,RGB,JPEG,train,4
data/raw/defungi/H6/H6_72a_4.jpg,H6,.jpg,500,500,RGB,JPEG,train,4
data/raw/defungi/H6/H6_72a_6.jpg,H6,.jpg,500,500,RGB,JPEG,train,4
data/raw/defungi/H6/H6_72a_7.jpg,H6,.jpg,500,500,RGB,JPEG,train,4
data/raw/defungi/H6/H6_72a_8.jpg,H6,.jpg,500,500,RGB,JPEG,train,4
data/raw/defungi/H6/H6_72a_9.jpg,H6,.jpg,500,500,RGB,JPEG,train,4
data/raw/defungi/H6/H6_73a_1.jpg,H6,.jpg,500,500,RGB,JPEG,train,4
data/raw/defungi/H6/H6_73a_2.jpg,H6,.jpg,500,500,RGB,JPEG,train,4
data/raw/defungi/H6/H6_73a_3.jpg,H6,.jpg,500,500,RGB,JPEG,train,4
data/raw/defungi/H6/H6_73a_4.jpg,H6,.jpg,500,500,RGB,JPEG,train,4
data/raw/defungi/H6/H6_73a_5.jpg,H6,.jpg,500,500,RGB,JPEG,train,4
data/raw/defungi/H6/H6_73a_6.jpg,H6,.jpg,500,500,RGB,JPEG,train,4
data/raw/defungi/H6/H6_73b_1.jpg,H6,.jpg,500,500,RGB,JPEG,train,4
data/raw/defungi/H6/H6_73b_2.jpg,H6,.jpg,500,500,RGB,JPEG,train,4
data/raw/defungi/H6/H6_73b_3.jpg,H6,.jpg,500,500,RGB,JPEG,train,4
data/raw/defungi/H6/H6_74a_10.jpg,H6,.jpg,500,500,RGB,JPEG,train,4
data/raw/defungi/H6/H6_74a_11.jpg,H6,.jpg,500,500,RGB,JPEG,train,4
data/raw/defungi/H6/H6_74a_12.jpg,H6,.jpg,500,500,RGB,JPEG,train,4
data/raw/defungi/H6/H6_74a_13.jpg,H6,.jpg,500,500,RGB,JPEG,train,4
data/raw/defungi/H6/H6_74a_14.jpg,H6,.jpg,500,500,RGB,JPEG,train,4
data/raw/defungi/H6/H6_74a_15.jpg,H6,.jpg,500,500,RGB,JPEG,train,4
data/raw/defungi/H6/H6_74a_16.jpg,H6,.jpg,500,500,RGB,JPEG,train,4
data/raw/defungi/H6/H6_74a_2.jpg,H6,.jpg,500,500,RGB,JPEG,train,4
data/raw/defungi/H6/H6_74a_20.jpg,H6,.jpg,500,500,RGB,JPEG,train,4
data/raw/defungi/H6/H6_74a_6.jpg,H6,.jpg,500,500,RGB,JPEG,train,4
data/raw/defungi/H6/H6_74a_8.jpg,H6,.jpg,500,500,RGB,JPEG,train,4
data/raw/defungi/H6/H6_75a_1.jpg,H6,.jpg,500,500,RGB,JPEG,train,4
data/raw/defungi/H6/H6_75a_11.jpg,H6,.jpg,500,500,RGB,JPEG,train,4
data/raw/defungi/H6/H6_75a_12.jpg,H6,.jpg,500,500,RGB,JPEG,train,4
data/raw/defungi/H6/H6_75a_13.jpg,H6,.jpg,500,500,RGB,JPEG,train,4
data/raw/defungi/H6/H6_75a_15.jpg,H6,.jpg,500,500,RGB,JPEG,train,4
data/raw/defungi/H6/H6_75a_19.jpg,H6,.jpg,500,500,RGB,JPEG,train,4
data/raw/defungi/H6/H6_75a_2.jpg,H6,.jpg,500,500,RGB,JPEG,train,4
data/raw/defungi/H6/H6_75a_3.jpg,H6,.jpg,500,500,RGB,JPEG,train,4
data/raw/defungi/H6/H6_75a_4.jpg,H6,.jpg,500,500,RGB,JPEG,train,4
data/raw/defungi/H6/H6_75a_5.jpg,H6,.jpg,500,500,RGB,JPEG,train,4
data/raw/defungi/H6/H6_75a_6.jpg,H6,.jpg,500,500,RGB,JPEG,train,4
data/raw/defungi/H6/H6_75a_8.jpg,H6,.jpg,500,500,RGB,JPEG,train,4
data/raw/defungi/H6/H6_75a_9.jpg,H6,.jpg,500,500,RGB,JPEG,train,4
data/raw/defungi/H6/H6_7a_2.jpg,H6,.jpg,500,500,RGB,JPEG,train,4
data/raw/defungi/H6/H6_7a_3.jpg,H6,.jpg,500,500,RGB,JPEG,train,4
data/raw/defungi/H6/H6_7a_4.jpg,H6,.jpg,500,500,RGB,JPEG,train,4
data/raw/defungi/H6/H6_7b_1.jpg,H6,.jpg,500,500,RGB,JPEG,train,4
data/raw/defungi/H6/H6_7b_3.jpg,H6,.jpg,500,500,RGB,JPEG,train,4
data/raw/defungi/H6/H6_7b_4.jpg,H6,.jpg,500,500,RGB,JPEG,train,4
data/raw/defungi/H6/H6_8a_1.jpg,H6,.jpg,500,500,RGB,JPEG,train,4
data/raw/defungi/H6/H6_8a_6.jpg,H6,.jpg,500,500,RGB,JPEG,train,4
data/raw/defungi/H6/H6_9a_1.jpg,H6,.jpg,500,500,RGB,JPEG,train,4
data/raw/defungi/H6/H6_9a_2.jpg,H6,.jpg,500,500,RGB,JPEG,train,4
data/raw/defungi/H6/H6_9a_3.jpg,H6,.jpg,500,500,RGB,JPEG,train,4
data/raw/defungi/H6/H6_9a_4.jpg,H6,.jpg,500,500,RGB,JPEG,train,4
data/raw/defungi/H6/H6_9a_5.jpg,H6,.jpg,500,500,RGB,JPEG,train,4
data/raw/defungi/H6/H6_9a_6.jpg,H6,.jpg,500,500,RGB,JPEG,train,4
